"SITE";"SUBSITE";"PLOT";"YEAR";"SiteSubsitePlot";"SiteSubsitePlotYear";"STATUS";"ValueType";"GFNARROWwalker";"FuncGroup";"SPECIES_NAME";"TREATMENT";"PointsPerPlot";"abs_abund";"abs_cover";"tot_cover_plot";"tot_abund_plot";"rel_cover";"rel_abund"
"QHI";"HE";"1";1999;"QHI:HE:1";"QHI:HE:1:1999";"LIVE";"pf_all_xy";"SEDGE";"Graminoid";"Eriophorum vaginatum";"CTL";100;149;63;94;188;67.0212765957447;79.2553191489362
"QHI";"HE";"1";1999;"QHI:HE:1";"QHI:HE:1:1999";"LIVE";"pf_all_xy";"SDECI";"Shrub";"Salix phlebophylla";"CTL";100;5;5;94;188;5.31914893617021;2.65957446808511
"QHI";"HE";"1";1999;"QHI:HE:1";"QHI:HE:1:1999";"LITTER";"pf_all_xy";"LITTER";NA;"XXXLITTER";"CTL";100;33;33;NA;NA;NA;NA
"QHI";"HE";"1";1999;"QHI:HE:1";"QHI:HE:1:1999";"LIVE";"pf_all_xy";"SDECI";"Shrub";"Salix reticulata";"CTL";100;5;5;94;188;5.31914893617021;2.65957446808511
"QHI";"HE";"1";1999;"QHI:HE:1";"QHI:HE:1:1999";"LIVE";"pf_all_xy";"LFRUT";"Lichen";"Thamnolia subuliformis";"CTL";100;6;5;NA;NA;NA;NA
"QHI";"HE";"1";1999;"QHI:HE:1";"QHI:HE:1:1999";"LIVE";"pf_all_xy";"RUSH";"Graminoid";"XXXluzula";"CTL";100;2;2;94;188;2.12765957446809;1.06382978723404
"QHI";"HE";"1";1999;"QHI:HE:1";"QHI:HE:1:1999";"LIVE";"pf_all_xy";"MOSSU";NA;"XXXothermoss";"CTL";100;17;17;NA;NA;NA;NA
"QHI";"HE";"1";1999;"QHI:HE:1";"QHI:HE:1:1999";"LIVE";"pf_all_xy";"SDECI";"Shrub";"Salix pulchra";"CTL";100;16;9;94;188;9.57446808510638;8.51063829787234
"QHI";"HE";"1";1999;"QHI:HE:1";"QHI:HE:1:1999";"LIVE";"pf_all_xy";"LFRUT";"Lichen";"Nephromopsis cucullata";"CTL";100;3;3;NA;NA;NA;NA
"QHI";"HE";"1";1999;"QHI:HE:1";"QHI:HE:1:1999";"LIVE";"pf_all_xy";"LFRUT";"Lichen";"Cetraria islandica";"CTL";100;2;2;NA;NA;NA;NA
"QHI";"HE";"1";1999;"QHI:HE:1";"QHI:HE:1:1999";"LIVE";"pf_all_xy";"FORB";"Forb";"Tephroseris integrifolia";"CTL";100;1;1;94;188;1.06382978723404;0.531914893617021
"QHI";"HE";"1";1999;"QHI:HE:1";"QHI:HE:1:1999";"LIVE";"pf_all_xy";"LICHENU";"Lichen";"XXXotherlichen";"CTL";100;5;5;NA;NA;NA;NA
"QHI";"HE";"1";1999;"QHI:HE:1";"QHI:HE:1:1999";"LIVE";"pf_all_xy";"SOIL";NA;"XXXbareground";"CTL";100;7;7;NA;NA;NA;NA
"QHI";"HE";"1";1999;"QHI:HE:1";"QHI:HE:1:1999";"LIVE";"pf_all_xy";"FORB";"Forb";"Saussurea angustifolia";"CTL";100;2;2;94;188;2.12765957446809;1.06382978723404
"QHI";"HE";"1";1999;"QHI:HE:1";"QHI:HE:1:1999";"LIVE";"pf_all_xy";"LFRUT";"Lichen";"Cladonia mitis";"CTL";100;1;1;NA;NA;NA;NA
"QHI";"HE";"1";1999;"QHI:HE:1";"QHI:HE:1:1999";"LIVE";"pf_all_xy";"FORB";"Forb";"Polygonum bistorta";"CTL";100;2;2;94;188;2.12765957446809;1.06382978723404
"QHI";"HE";"1";1999;"QHI:HE:1";"QHI:HE:1:1999";"LIVE";"pf_all_xy";"GRAMINOIDU";"Graminoid";"XXXothergram";"CTL";100;1;1;94;188;1.06382978723404;0.531914893617021
"QHI";"HE";"1";1999;"QHI:HE:1";"QHI:HE:1:1999";"LIVE";"pf_all_xy";"GRASS";"Graminoid";"Festuca baffinensis";"CTL";100;1;1;94;188;1.06382978723404;0.531914893617021
"QHI";"HE";"1";1999;"QHI:HE:1";"QHI:HE:1:1999";"LIVE";"pf_all_xy";"SEVER";"Shrub";"Dryas integrifolia";"CTL";100;4;3;94;188;3.19148936170213;2.12765957446809
"QHI";"HE";"2";1999;"QHI:HE:2";"QHI:HE:2:1999";"LIVE";"pf_all_xy";"LFRUT";"Lichen";"Dactylina arctica";"CTL";100;1;1;NA;NA;NA;NA
"QHI";"HE";"2";1999;"QHI:HE:2";"QHI:HE:2:1999";"LITTER";"pf_all_xy";"LITTER";NA;"XXXLITTER";"CTL";100;38;38;NA;NA;NA;NA
"QHI";"HE";"2";1999;"QHI:HE:2";"QHI:HE:2:1999";"LIVE";"pf_all_xy";"SDECI";"Shrub";"Salix pulchra";"CTL";100;36;21;77;130;27.2727272727273;27.6923076923077
"QHI";"HE";"2";1999;"QHI:HE:2";"QHI:HE:2:1999";"LIVE";"pf_all_xy";"SDECI";"Shrub";"Salix reticulata";"CTL";100;10;9;77;130;11.6883116883117;7.69230769230769
"QHI";"HE";"2";1999;"QHI:HE:2";"QHI:HE:2:1999";"LIVE";"pf_all_xy";"GRASS";"Graminoid";"Poa arctica";"CTL";100;1;1;77;130;1.2987012987013;0.769230769230769
"QHI";"HE";"2";1999;"QHI:HE:2";"QHI:HE:2:1999";"LIVE";"pf_all_xy";"SOIL";NA;"XXXbareground";"CTL";100;11;11;NA;NA;NA;NA
"QHI";"HE";"2";1999;"QHI:HE:2";"QHI:HE:2:1999";"LIVE";"pf_all_xy";"SEDGE";"Graminoid";"Eriophorum vaginatum";"CTL";100;66;30;77;130;38.961038961039;50.7692307692308
"QHI";"HE";"2";1999;"QHI:HE:2";"QHI:HE:2:1999";"LIVE";"pf_all_xy";"MOSSU";NA;"XXXothermoss";"CTL";100;18;18;NA;NA;NA;NA
"QHI";"HE";"2";1999;"QHI:HE:2";"QHI:HE:2:1999";"LIVE";"pf_all_xy";"GRASS";"Graminoid";"Anthoxanthum monticola";"CTL";100;1;1;77;130;1.2987012987013;0.769230769230769
"QHI";"HE";"2";1999;"QHI:HE:2";"QHI:HE:2:1999";"LIVE";"pf_all_xy";"LFRUT";"Lichen";"Nephromopsis cucullata";"CTL";100;8;8;NA;NA;NA;NA
"QHI";"HE";"2";1999;"QHI:HE:2";"QHI:HE:2:1999";"LIVE";"pf_all_xy";"FORB";"Forb";"Pedicularis capitata";"CTL";100;2;2;77;130;2.5974025974026;1.53846153846154
"QHI";"HE";"2";1999;"QHI:HE:2";"QHI:HE:2:1999";"LIVE";"pf_all_xy";"SEVER";"Shrub";"Dryas integrifolia";"CTL";100;2;2;77;130;2.5974025974026;1.53846153846154
"QHI";"HE";"2";1999;"QHI:HE:2";"QHI:HE:2:1999";"LIVE";"pf_all_xy";"LFRUT";"Lichen";"Cetraria islandica";"CTL";100;2;2;NA;NA;NA;NA
"QHI";"HE";"2";1999;"QHI:HE:2";"QHI:HE:2:1999";"LIVE";"pf_all_xy";"LICHENU";"Lichen";"XXXotherlichen";"CTL";100;8;8;NA;NA;NA;NA
"QHI";"HE";"2";1999;"QHI:HE:2";"QHI:HE:2:1999";"LIVE";"pf_all_xy";"LFRUT";"Lichen";"Thamnolia subuliformis";"CTL";100;5;5;NA;NA;NA;NA
"QHI";"HE";"2";1999;"QHI:HE:2";"QHI:HE:2:1999";"LIVE";"pf_all_xy";"GRAMINOIDU";"Graminoid";"XXXotherherb";"CTL";100;1;1;77;130;1.2987012987013;0.769230769230769
"QHI";"HE";"2";1999;"QHI:HE:2";"QHI:HE:2:1999";"LIVE";"pf_all_xy";"GRASS";"Graminoid";"Arctagrostis latifolia";"CTL";100;3;3;77;130;3.8961038961039;2.30769230769231
"QHI";"HE";"2";1999;"QHI:HE:2";"QHI:HE:2:1999";"LIVE";"pf_all_xy";"SDECI";"Shrub";"Salix phlebophylla";"CTL";100;3;2;77;130;2.5974025974026;2.30769230769231
"QHI";"HE";"2";1999;"QHI:HE:2";"QHI:HE:2:1999";"LIVE";"pf_all_xy";"FORB";"Forb";"Saussurea angustifolia";"CTL";100;3;3;77;130;3.8961038961039;2.30769230769231
"QHI";"HE";"2";1999;"QHI:HE:2";"QHI:HE:2:1999";"LIVE";"pf_all_xy";"LFRUT";"Lichen";"XXXcladonia";"CTL";100;1;1;NA;NA;NA;NA
"QHI";"HE";"2";1999;"QHI:HE:2";"QHI:HE:2:1999";"LIVE";"pf_all_xy";"FORB";"Forb";"Tephroseris integrifolia";"CTL";100;1;1;77;130;1.2987012987013;0.769230769230769
"QHI";"HE";"2";1999;"QHI:HE:2";"QHI:HE:2:1999";"LIVE";"pf_all_xy";"LFRUT";"Lichen";"XXXpeltigera";"CTL";100;2;2;NA;NA;NA;NA
"QHI";"HE";"2";1999;"QHI:HE:2";"QHI:HE:2:1999";"LIVE";"pf_all_xy";"FORB";"Forb";"Polygonum bistorta";"CTL";100;1;1;77;130;1.2987012987013;0.769230769230769
"QHI";"HE";"3";1999;"QHI:HE:3";"QHI:HE:3:1999";"LIVE";"pf_all_xy";"FORB";"Forb";"Pyrola grandiflora";"CTL";100;21;18;98;173;18.3673469387755;12.1387283236994
"QHI";"HE";"3";1999;"QHI:HE:3";"QHI:HE:3:1999";"LIVE";"pf_all_xy";"SDECI";"Shrub";"Salix pulchra";"CTL";100;17;12;98;173;12.2448979591837;9.82658959537572
"QHI";"HE";"3";1999;"QHI:HE:3";"QHI:HE:3:1999";"LIVE";"pf_all_xy";"MOSSU";NA;"XXXothermoss";"CTL";100;13;13;NA;NA;NA;NA
"QHI";"HE";"3";1999;"QHI:HE:3";"QHI:HE:3:1999";"LIVE";"pf_all_xy";"SEDGE";"Graminoid";"XXXcarex";"CTL";100;16;14;98;173;14.2857142857143;9.2485549132948
"QHI";"HE";"3";1999;"QHI:HE:3";"QHI:HE:3:1999";"LIVE";"pf_all_xy";"SEDGE";"Graminoid";"Eriophorum vaginatum";"CTL";100;105;43;98;173;43.8775510204082;60.6936416184971
"QHI";"HE";"3";1999;"QHI:HE:3";"QHI:HE:3:1999";"LITTER";"pf_all_xy";"LITTER";NA;"XXXLITTER";"CTL";100;32;32;NA;NA;NA;NA
"QHI";"HE";"3";1999;"QHI:HE:3";"QHI:HE:3:1999";"LIVE";"pf_all_xy";"LCRUS";"Lichen";"XXXcrustous";"CTL";100;3;3;NA;NA;NA;NA
"QHI";"HE";"3";1999;"QHI:HE:3";"QHI:HE:3:1999";"LIVE";"pf_all_xy";"LICHENU";"Lichen";"XXXotherlichen";"CTL";100;9;9;NA;NA;NA;NA
"QHI";"HE";"3";1999;"QHI:HE:3";"QHI:HE:3:1999";"LIVE";"pf_all_xy";"SDECI";"Shrub";"Salix reticulata";"CTL";100;9;7;98;173;7.14285714285714;5.20231213872832
"QHI";"HE";"3";1999;"QHI:HE:3";"QHI:HE:3:1999";"LIVE";"pf_all_xy";"SOIL";NA;"XXXbareground";"CTL";100;4;4;NA;NA;NA;NA
"QHI";"HE";"3";1999;"QHI:HE:3";"QHI:HE:3:1999";"LIVE";"pf_all_xy";"LFRUT";"Lichen";"Thamnolia subuliformis";"CTL";100;3;3;NA;NA;NA;NA
"QHI";"HE";"3";1999;"QHI:HE:3";"QHI:HE:3:1999";"LIVE";"pf_all_xy";"SDECI";"Shrub";"Salix arctica";"CTL";100;2;1;98;173;1.02040816326531;1.15606936416185
"QHI";"HE";"3";1999;"QHI:HE:3";"QHI:HE:3:1999";"LIVE";"pf_all_xy";"LFRUT";"Lichen";"Cetraria islandica";"CTL";100;4;1;NA;NA;NA;NA
"QHI";"HE";"3";1999;"QHI:HE:3";"QHI:HE:3:1999";"LIVE";"pf_all_xy";"FORB";"Forb";"Polygonum bistorta";"CTL";100;1;1;98;173;1.02040816326531;0.578034682080925
"QHI";"HE";"3";1999;"QHI:HE:3";"QHI:HE:3:1999";"LIVE";"pf_all_xy";"LFRUT";"Lichen";"Nephromopsis cucullata";"CTL";100;3;3;NA;NA;NA;NA
"QHI";"HE";"3";1999;"QHI:HE:3";"QHI:HE:3:1999";"LIVE";"pf_all_xy";"FORB";"Forb";"Pedicularis lanata";"CTL";100;1;1;98;173;1.02040816326531;0.578034682080925
"QHI";"HE";"3";1999;"QHI:HE:3";"QHI:HE:3:1999";"LIVE";"pf_all_xy";"SEVER";"Shrub";"Dryas integrifolia";"CTL";100;1;1;98;173;1.02040816326531;0.578034682080925
"QHI";"HE";"4";1999;"QHI:HE:4";"QHI:HE:4:1999";"LIVE";"pf_all_xy";"SDECI";"Shrub";"Salix pulchra";"CTL";100;46;27;111;198;24.3243243243243;23.2323232323232
"QHI";"HE";"4";1999;"QHI:HE:4";"QHI:HE:4:1999";"LITTER";"pf_all_xy";"LITTER";NA;"XXXLITTER";"CTL";100;35;35;NA;NA;NA;NA
"QHI";"HE";"4";1999;"QHI:HE:4";"QHI:HE:4:1999";"LIVE";"pf_all_xy";"SEDGE";"Graminoid";"Eriophorum vaginatum";"CTL";100;113;49;111;198;44.1441441441441;57.0707070707071
"QHI";"HE";"4";1999;"QHI:HE:4";"QHI:HE:4:1999";"LIVE";"pf_all_xy";"GRASS";"Graminoid";"Poa arctica";"CTL";100;2;2;111;198;1.8018018018018;1.01010101010101
"QHI";"HE";"4";1999;"QHI:HE:4";"QHI:HE:4:1999";"LIVE";"pf_all_xy";"LFRUT";"Lichen";"XXXpeltigera";"CTL";100;5;5;NA;NA;NA;NA
"QHI";"HE";"4";1999;"QHI:HE:4";"QHI:HE:4:1999";"LIVE";"pf_all_xy";"SDECI";"Shrub";"Salix reticulata";"CTL";100;6;6;111;198;5.40540540540541;3.03030303030303
"QHI";"HE";"4";1999;"QHI:HE:4";"QHI:HE:4:1999";"LIVE";"pf_all_xy";"MOSSU";NA;"XXXothermoss";"CTL";100;28;28;NA;NA;NA;NA
"QHI";"HE";"4";1999;"QHI:HE:4";"QHI:HE:4:1999";"LIVE";"pf_all_xy";"SEDGE";"Graminoid";"XXXcarex";"CTL";100;20;17;111;198;15.3153153153153;10.1010101010101
"QHI";"HE";"4";1999;"QHI:HE:4";"QHI:HE:4:1999";"LIVE";"pf_all_xy";"LICHENU";"Lichen";"XXXotherlichen";"CTL";100;6;6;NA;NA;NA;NA
"QHI";"HE";"4";1999;"QHI:HE:4";"QHI:HE:4:1999";"LIVE";"pf_all_xy";"LFRUT";"Lichen";"Nephromopsis cucullata";"CTL";100;12;12;NA;NA;NA;NA
"QHI";"HE";"4";1999;"QHI:HE:4";"QHI:HE:4:1999";"LIVE";"pf_all_xy";"SEVER";"Shrub";"Dryas integrifolia";"CTL";100;7;6;111;198;5.40540540540541;3.53535353535354
"QHI";"HE";"4";1999;"QHI:HE:4";"QHI:HE:4:1999";"LIVE";"pf_all_xy";"GRAMINOIDU";"Graminoid";"XXXotherherb";"CTL";100;1;1;111;198;0.900900900900901;0.505050505050505
"QHI";"HE";"4";1999;"QHI:HE:4";"QHI:HE:4:1999";"LIVE";"pf_all_xy";"LFRUT";"Lichen";"Cetraria islandica";"CTL";100;5;5;NA;NA;NA;NA
"QHI";"HE";"4";1999;"QHI:HE:4";"QHI:HE:4:1999";"LIVE";"pf_all_xy";"LFRUT";"Lichen";"Thamnolia subuliformis";"CTL";100;4;4;NA;NA;NA;NA
"QHI";"HE";"4";1999;"QHI:HE:4";"QHI:HE:4:1999";"LIVE";"pf_all_xy";"LFRUT";"Lichen";"Dactylina arctica";"CTL";100;2;2;NA;NA;NA;NA
"QHI";"HE";"4";1999;"QHI:HE:4";"QHI:HE:4:1999";"LIVE";"pf_all_xy";"FORB";"Forb";"Polygonum bistorta";"CTL";100;2;2;111;198;1.8018018018018;1.01010101010101
"QHI";"HE";"4";1999;"QHI:HE:4";"QHI:HE:4:1999";"LIVE";"pf_all_xy";"SDECI";"Shrub";"Salix phlebophylla";"CTL";100;1;1;111;198;0.900900900900901;0.505050505050505
"QHI";"HE";"5";1999;"QHI:HE:5";"QHI:HE:5:1999";"LIVE";"pf_all_xy";"SDECI";"Shrub";"Salix reticulata";"CTL";100;6;6;104;165;5.76923076923077;3.63636363636364
"QHI";"HE";"5";1999;"QHI:HE:5";"QHI:HE:5:1999";"LIVE";"pf_all_xy";"MOSSU";NA;"XXXothermoss";"CTL";100;45;43;NA;NA;NA;NA
"QHI";"HE";"5";1999;"QHI:HE:5";"QHI:HE:5:1999";"LIVE";"pf_all_xy";"SDECI";"Shrub";"Salix phlebophylla";"CTL";100;11;9;104;165;8.65384615384615;6.66666666666667
"QHI";"HE";"5";1999;"QHI:HE:5";"QHI:HE:5:1999";"LIVE";"pf_all_xy";"FORB";"Forb";"Lupinus arcticus";"CTL";100;1;1;104;165;0.961538461538462;0.606060606060606
"QHI";"HE";"5";1999;"QHI:HE:5";"QHI:HE:5:1999";"LIVE";"pf_all_xy";"FORB";"Forb";"Pedicularis capitata";"CTL";100;1;1;104;165;0.961538461538462;0.606060606060606
"QHI";"HE";"5";1999;"QHI:HE:5";"QHI:HE:5:1999";"LIVE";"pf_all_xy";"SEDGE";"Graminoid";"Eriophorum vaginatum";"CTL";100;115;58;104;165;55.7692307692308;69.6969696969697
"QHI";"HE";"5";1999;"QHI:HE:5";"QHI:HE:5:1999";"LIVE";"pf_all_xy";"FORB";"Forb";"Tephroseris integrifolia";"CTL";100;1;1;104;165;0.961538461538462;0.606060606060606
"QHI";"HE";"5";1999;"QHI:HE:5";"QHI:HE:5:1999";"LITTER";"pf_all_xy";"LITTER";NA;"XXXLITTER";"CTL";100;25;22;NA;NA;NA;NA
"QHI";"HE";"5";1999;"QHI:HE:5";"QHI:HE:5:1999";"LIVE";"pf_all_xy";"FORB";"Forb";"Bistorta vivipara";"CTL";100;1;1;104;165;0.961538461538462;0.606060606060606
"QHI";"HE";"5";1999;"QHI:HE:5";"QHI:HE:5:1999";"LIVE";"pf_all_xy";"RUSH";"Graminoid";"XXXluzula";"CTL";100;4;3;104;165;2.88461538461538;2.42424242424242
"QHI";"HE";"5";1999;"QHI:HE:5";"QHI:HE:5:1999";"LIVE";"pf_all_xy";"SEVER";"Shrub";"Dryas integrifolia";"CTL";100;5;5;104;165;4.80769230769231;3.03030303030303
"QHI";"HE";"5";1999;"QHI:HE:5";"QHI:HE:5:1999";"LIVE";"pf_all_xy";"GRAMINOIDU";"Graminoid";"XXXotherherb";"CTL";100;1;1;104;165;0.961538461538462;0.606060606060606
"QHI";"HE";"5";1999;"QHI:HE:5";"QHI:HE:5:1999";"LIVE";"pf_all_xy";"GRASS";"Graminoid";"Poa arctica";"CTL";100;1;1;104;165;0.961538461538462;0.606060606060606
"QHI";"HE";"5";1999;"QHI:HE:5";"QHI:HE:5:1999";"LIVE";"pf_all_xy";"LICHENU";"Lichen";"XXXotherlichen";"CTL";100;3;3;NA;NA;NA;NA
"QHI";"HE";"5";1999;"QHI:HE:5";"QHI:HE:5:1999";"LIVE";"pf_all_xy";"GRASS";"Graminoid";"Arctagrostis latifolia";"CTL";100;2;2;104;165;1.92307692307692;1.21212121212121
"QHI";"HE";"5";1999;"QHI:HE:5";"QHI:HE:5:1999";"LIVE";"pf_all_xy";"LFRUT";"Lichen";"Nephromopsis cucullata";"CTL";100;1;1;NA;NA;NA;NA
"QHI";"HE";"5";1999;"QHI:HE:5";"QHI:HE:5:1999";"LIVE";"pf_all_xy";"SDECI";"Shrub";"Salix pulchra";"CTL";100;7;7;104;165;6.73076923076923;4.24242424242424
"QHI";"HE";"5";1999;"QHI:HE:5";"QHI:HE:5:1999";"LIVE";"pf_all_xy";"SEDGE";"Graminoid";"XXXcarex";"CTL";100;6;5;104;165;4.80769230769231;3.63636363636364
"QHI";"HE";"5";1999;"QHI:HE:5";"QHI:HE:5:1999";"LIVE";"pf_all_xy";"LFRUT";"Lichen";"Thamnolia subuliformis";"CTL";100;1;1;NA;NA;NA;NA
"QHI";"HE";"5";1999;"QHI:HE:5";"QHI:HE:5:1999";"LIVE";"pf_all_xy";"FORB";"Forb";"Polygonum bistorta";"CTL";100;2;2;104;165;1.92307692307692;1.21212121212121
"QHI";"HE";"5";1999;"QHI:HE:5";"QHI:HE:5:1999";"LIVE";"pf_all_xy";"LFRUT";"Lichen";"XXXpeltigera";"CTL";100;2;2;NA;NA;NA;NA
"QHI";"HE";"5";1999;"QHI:HE:5";"QHI:HE:5:1999";"LIVE";"pf_all_xy";"FORB";"Forb";"Pedicularis lanata";"CTL";100;1;1;104;165;0.961538461538462;0.606060606060606
"QHI";"HE";"6";1999;"QHI:HE:6";"QHI:HE:6:1999";"LIVE";"pf_all_xy";"LFRUT";"Lichen";"Nephromopsis cucullata";"CTL";100;5;5;NA;NA;NA;NA
"QHI";"HE";"6";1999;"QHI:HE:6";"QHI:HE:6:1999";"LIVE";"pf_all_xy";"FORB";"Forb";"Pedicularis lanata";"CTL";100;2;2;93;133;2.1505376344086;1.50375939849624
"QHI";"HE";"6";1999;"QHI:HE:6";"QHI:HE:6:1999";"LIVE";"pf_all_xy";"LFRUT";"Lichen";"XXXcladonia";"CTL";100;1;1;NA;NA;NA;NA
"QHI";"HE";"6";1999;"QHI:HE:6";"QHI:HE:6:1999";"LIVE";"pf_all_xy";"SDECI";"Shrub";"Salix pulchra";"CTL";100;34;24;93;133;25.8064516129032;25.5639097744361
"QHI";"HE";"6";1999;"QHI:HE:6";"QHI:HE:6:1999";"LIVE";"pf_all_xy";"LICHENU";"Lichen";"XXXotherlichen";"CTL";100;2;2;NA;NA;NA;NA
"QHI";"HE";"6";1999;"QHI:HE:6";"QHI:HE:6:1999";"LITTER";"pf_all_xy";"LITTER";NA;"XXXLITTER";"CTL";100;43;42;NA;NA;NA;NA
"QHI";"HE";"6";1999;"QHI:HE:6";"QHI:HE:6:1999";"LIVE";"pf_all_xy";"SEDGE";"Graminoid";"Eriophorum vaginatum";"CTL";100;67;41;93;133;44.0860215053763;50.3759398496241
"QHI";"HE";"6";1999;"QHI:HE:6";"QHI:HE:6:1999";"LIVE";"pf_all_xy";"FORB";"Forb";"Polygonum bistorta";"CTL";100;1;1;93;133;1.0752688172043;0.75187969924812
"QHI";"HE";"6";1999;"QHI:HE:6";"QHI:HE:6:1999";"LIVE";"pf_all_xy";"MOSSU";NA;"XXXothermoss";"CTL";100;33;33;NA;NA;NA;NA
"QHI";"HE";"6";1999;"QHI:HE:6";"QHI:HE:6:1999";"LIVE";"pf_all_xy";"SDECI";"Shrub";"Salix phlebophylla";"CTL";100;2;2;93;133;2.1505376344086;1.50375939849624
"QHI";"HE";"6";1999;"QHI:HE:6";"QHI:HE:6:1999";"LIVE";"pf_all_xy";"GRAMINOIDU";"Graminoid";"XXXotherherb";"CTL";100;2;2;93;133;2.1505376344086;1.50375939849624
"QHI";"HE";"6";1999;"QHI:HE:6";"QHI:HE:6:1999";"LIVE";"pf_all_xy";"SEVER";"Shrub";"Dryas integrifolia";"CTL";100;6;4;93;133;4.3010752688172;4.51127819548872
"QHI";"HE";"6";1999;"QHI:HE:6";"QHI:HE:6:1999";"LIVE";"pf_all_xy";"FORB";"Forb";"Saussurea angustifolia";"CTL";100;4;3;93;133;3.2258064516129;3.00751879699248
"QHI";"HE";"6";1999;"QHI:HE:6";"QHI:HE:6:1999";"LIVE";"pf_all_xy";"FORB";"Forb";"Lupinus arcticus";"CTL";100;1;1;93;133;1.0752688172043;0.75187969924812
"QHI";"HE";"6";1999;"QHI:HE:6";"QHI:HE:6:1999";"LIVE";"pf_all_xy";"FORB";"Forb";"Tephroseris integrifolia";"CTL";100;1;1;93;133;1.0752688172043;0.75187969924812
"QHI";"HE";"6";1999;"QHI:HE:6";"QHI:HE:6:1999";"LIVE";"pf_all_xy";"LFRUT";"Lichen";"XXXpeltigera";"CTL";100;2;2;NA;NA;NA;NA
"QHI";"HE";"6";1999;"QHI:HE:6";"QHI:HE:6:1999";"LIVE";"pf_all_xy";"LFRUT";"Lichen";"Dactylina arctica";"CTL";100;1;1;NA;NA;NA;NA
"QHI";"HE";"6";1999;"QHI:HE:6";"QHI:HE:6:1999";"LIVE";"pf_all_xy";"SEDGE";"Graminoid";"XXXcarex";"CTL";100;8;7;93;133;7.52688172043011;6.01503759398496
"QHI";"HE";"6";1999;"QHI:HE:6";"QHI:HE:6:1999";"LIVE";"pf_all_xy";"FORB";"Forb";"Pedicularis sudetica";"CTL";100;1;1;93;133;1.0752688172043;0.75187969924812
"QHI";"HE";"6";1999;"QHI:HE:6";"QHI:HE:6:1999";"LIVE";"pf_all_xy";"FORB";"Forb";"Stellaria longipes";"CTL";100;1;1;93;133;1.0752688172043;0.75187969924812
"QHI";"HE";"6";1999;"QHI:HE:6";"QHI:HE:6:1999";"LIVE";"pf_all_xy";"LFRUT";"Lichen";"Cetraria islandica";"CTL";100;1;1;NA;NA;NA;NA
"QHI";"HE";"6";1999;"QHI:HE:6";"QHI:HE:6:1999";"LIVE";"pf_all_xy";"GRASS";"Graminoid";"Poa arctica";"CTL";100;2;2;93;133;2.1505376344086;1.50375939849624
"QHI";"HE";"6";1999;"QHI:HE:6";"QHI:HE:6:1999";"LIVE";"pf_all_xy";"LFRUT";"Lichen";"Thamnolia subuliformis";"CTL";100;1;1;NA;NA;NA;NA
"QHI";"HE";"6";1999;"QHI:HE:6";"QHI:HE:6:1999";"LIVE";"pf_all_xy";"RUSH";"Graminoid";"XXXluzula";"CTL";100;1;1;93;133;1.0752688172043;0.75187969924812
"QHI";"HE";"1";2004;"QHI:HE:1";"QHI:HE:1:2004";"LIVE";"pf_all_xy";"SDECI";"Shrub";"Salix arctica";"CTL";100;1;1;106;182;0.943396226415094;0.549450549450549
"QHI";"HE";"1";2004;"QHI:HE:1";"QHI:HE:1:2004";"LIVE";"pf_all_xy";"SDECI";"Shrub";"Salix phlebophylla";"CTL";100;13;12;106;182;11.3207547169811;7.14285714285714
"QHI";"HE";"1";2004;"QHI:HE:1";"QHI:HE:1:2004";"LITTER";"pf_all_xy";"LITTER";NA;"XXXLITTER";"CTL";100;23;23;NA;NA;NA;NA
"QHI";"HE";"1";2004;"QHI:HE:1";"QHI:HE:1:2004";"LIVE";"pf_all_xy";"SEDGE";"Graminoid";"Eriophorum vaginatum";"CTL";100;138;65;106;182;61.3207547169811;75.8241758241758
"QHI";"HE";"1";2004;"QHI:HE:1";"QHI:HE:1:2004";"LIVE";"pf_all_xy";"SDECI";"Shrub";"Salix pulchra";"CTL";100;12;10;106;182;9.43396226415094;6.59340659340659
"QHI";"HE";"1";2004;"QHI:HE:1";"QHI:HE:1:2004";"LIVE";"pf_all_xy";"GRASS";"Graminoid";"Arctagrostis latifolia";"CTL";100;1;1;106;182;0.943396226415094;0.549450549450549
"QHI";"HE";"1";2004;"QHI:HE:1";"QHI:HE:1:2004";"LIVE";"pf_all_xy";"LFRUT";"Lichen";"Nephromopsis cucullata";"CTL";100;3;3;NA;NA;NA;NA
"QHI";"HE";"1";2004;"QHI:HE:1";"QHI:HE:1:2004";"LIVE";"pf_all_xy";"RUSH";"Graminoid";"XXXluzula";"CTL";100;2;2;106;182;1.88679245283019;1.0989010989011
"QHI";"HE";"1";2004;"QHI:HE:1";"QHI:HE:1:2004";"LIVE";"pf_all_xy";"MOSSU";NA;"XXXothermoss";"CTL";100;23;22;NA;NA;NA;NA
"QHI";"HE";"1";2004;"QHI:HE:1";"QHI:HE:1:2004";"LIVE";"pf_all_xy";"SDECI";"Shrub";"Salix reticulata";"CTL";100;4;4;106;182;3.77358490566038;2.1978021978022
"QHI";"HE";"1";2004;"QHI:HE:1";"QHI:HE:1:2004";"LIVE";"pf_all_xy";"LFRUT";"Lichen";"Thamnolia subuliformis";"CTL";100;7;7;NA;NA;NA;NA
"QHI";"HE";"1";2004;"QHI:HE:1";"QHI:HE:1:2004";"LIVE";"pf_all_xy";"LICHENU";"Lichen";"XXXotherlichen";"CTL";100;6;6;NA;NA;NA;NA
"QHI";"HE";"1";2004;"QHI:HE:1";"QHI:HE:1:2004";"LIVE";"pf_all_xy";"FORB";"Forb";"Pedicularis verticillata";"CTL";100;2;2;106;182;1.88679245283019;1.0989010989011
"QHI";"HE";"1";2004;"QHI:HE:1";"QHI:HE:1:2004";"LIVE";"pf_all_xy";"LFRUT";"Lichen";"Cetraria islandica";"CTL";100;1;1;NA;NA;NA;NA
"QHI";"HE";"1";2004;"QHI:HE:1";"QHI:HE:1:2004";"LIVE";"pf_all_xy";"GRASS";"Graminoid";"Anthoxanthum monticola";"CTL";100;1;1;106;182;0.943396226415094;0.549450549450549
"QHI";"HE";"1";2004;"QHI:HE:1";"QHI:HE:1:2004";"LIVE";"pf_all_xy";"LFRUT";"Lichen";"XXXcladonia";"CTL";100;1;1;NA;NA;NA;NA
"QHI";"HE";"1";2004;"QHI:HE:1";"QHI:HE:1:2004";"LIVE";"pf_all_xy";"FORB";"Forb";"Tephroseris integrifolia";"CTL";100;1;1;106;182;0.943396226415094;0.549450549450549
"QHI";"HE";"1";2004;"QHI:HE:1";"QHI:HE:1:2004";"LIVE";"pf_all_xy";"LCRUS";"Lichen";"XXXcrustous";"CTL";100;1;1;NA;NA;NA;NA
"QHI";"HE";"1";2004;"QHI:HE:1";"QHI:HE:1:2004";"LIVE";"pf_all_xy";"SOIL";NA;"XXXbareground";"CTL";100;4;4;NA;NA;NA;NA
"QHI";"HE";"1";2004;"QHI:HE:1";"QHI:HE:1:2004";"LIVE";"pf_all_xy";"SEVER";"Shrub";"Dryas integrifolia";"CTL";100;2;2;106;182;1.88679245283019;1.0989010989011
"QHI";"HE";"1";2004;"QHI:HE:1";"QHI:HE:1:2004";"LIVE";"pf_all_xy";"FORB";"Forb";"Saussurea angustifolia";"CTL";100;2;2;106;182;1.88679245283019;1.0989010989011
"QHI";"HE";"1";2004;"QHI:HE:1";"QHI:HE:1:2004";"LIVE";"pf_all_xy";"FORB";"Forb";"Polygonum bistorta";"CTL";100;2;2;106;182;1.88679245283019;1.0989010989011
"QHI";"HE";"1";2004;"QHI:HE:1";"QHI:HE:1:2004";"LIVE";"pf_all_xy";"GRASS";"Graminoid";"Poa arctica";"CTL";100;1;1;106;182;0.943396226415094;0.549450549450549
"QHI";"HE";"2";2004;"QHI:HE:2";"QHI:HE:2:2004";"LIVE";"pf_all_xy";"LFRUT";"Lichen";"Nephromopsis cucullata";"CTL";100;4;4;NA;NA;NA;NA
"QHI";"HE";"2";2004;"QHI:HE:2";"QHI:HE:2:2004";"LIVE";"pf_all_xy";"SDECI";"Shrub";"Salix reticulata";"CTL";100;12;10;116;147;8.62068965517241;8.16326530612245
"QHI";"HE";"2";2004;"QHI:HE:2";"QHI:HE:2:2004";"LIVE";"pf_all_xy";"MOSSU";NA;"XXXothermoss";"CTL";100;12;12;NA;NA;NA;NA
"QHI";"HE";"2";2004;"QHI:HE:2";"QHI:HE:2:2004";"LIVE";"pf_all_xy";"RUSH";"Graminoid";"XXXluzula";"CTL";100;5;4;116;147;3.44827586206897;3.40136054421769
"QHI";"HE";"2";2004;"QHI:HE:2";"QHI:HE:2:2004";"LITTER";"pf_all_xy";"LITTER";NA;"XXXLITTER";"CTL";100;42;42;NA;NA;NA;NA
"QHI";"HE";"2";2004;"QHI:HE:2";"QHI:HE:2:2004";"LIVE";"pf_all_xy";"FORB";"Forb";"Stellaria longipes";"CTL";100;3;3;116;147;2.58620689655172;2.04081632653061
"QHI";"HE";"2";2004;"QHI:HE:2";"QHI:HE:2:2004";"LIVE";"pf_all_xy";"SDECI";"Shrub";"Salix pulchra";"CTL";100;38;31;116;147;26.7241379310345;25.8503401360544
"QHI";"HE";"2";2004;"QHI:HE:2";"QHI:HE:2:2004";"LIVE";"pf_all_xy";"SOIL";NA;"XXXbareground";"CTL";100;16;16;NA;NA;NA;NA
"QHI";"HE";"2";2004;"QHI:HE:2";"QHI:HE:2:2004";"LIVE";"pf_all_xy";"GRASS";"Graminoid";"Arctagrostis latifolia";"CTL";100;6;6;116;147;5.17241379310345;4.08163265306122
"QHI";"HE";"2";2004;"QHI:HE:2";"QHI:HE:2:2004";"LIVE";"pf_all_xy";"LFRUT";"Lichen";"Thamnolia subuliformis";"CTL";100;3;3;NA;NA;NA;NA
"QHI";"HE";"2";2004;"QHI:HE:2";"QHI:HE:2:2004";"LIVE";"pf_all_xy";"LICHENU";"Lichen";"XXXotherlichen";"CTL";100;10;8;NA;NA;NA;NA
"QHI";"HE";"2";2004;"QHI:HE:2";"QHI:HE:2:2004";"LIVE";"pf_all_xy";"SEVER";"Shrub";"Dryas integrifolia";"CTL";100;3;3;116;147;2.58620689655172;2.04081632653061
"QHI";"HE";"2";2004;"QHI:HE:2";"QHI:HE:2:2004";"LIVE";"pf_all_xy";"FORB";"Forb";"Saussurea angustifolia";"CTL";100;8;6;116;147;5.17241379310345;5.4421768707483
"QHI";"HE";"2";2004;"QHI:HE:2";"QHI:HE:2:2004";"LIVE";"pf_all_xy";"FORB";"Forb";"Polygonum bistorta";"CTL";100;7;7;116;147;6.03448275862069;4.76190476190476
"QHI";"HE";"2";2004;"QHI:HE:2";"QHI:HE:2:2004";"LIVE";"pf_all_xy";"FORB";"Forb";"Tephroseris integrifolia";"CTL";100;4;4;116;147;3.44827586206897;2.72108843537415
"QHI";"HE";"2";2004;"QHI:HE:2";"QHI:HE:2:2004";"LIVE";"pf_all_xy";"SEDGE";"Graminoid";"Eriophorum vaginatum";"CTL";100;52;33;116;147;28.448275862069;35.3741496598639
"QHI";"HE";"2";2004;"QHI:HE:2";"QHI:HE:2:2004";"LIVE";"pf_all_xy";"LCRUS";"Lichen";"XXXcrustous";"CTL";100;1;1;NA;NA;NA;NA
"QHI";"HE";"2";2004;"QHI:HE:2";"QHI:HE:2:2004";"LIVE";"pf_all_xy";"FORB";"Forb";"Pedicularis capitata";"CTL";100;1;1;116;147;0.862068965517241;0.680272108843537
"QHI";"HE";"2";2004;"QHI:HE:2";"QHI:HE:2:2004";"LIVE";"pf_all_xy";"FORB";"Forb";"Lupinus arcticus";"CTL";100;2;2;116;147;1.72413793103448;1.36054421768707
"QHI";"HE";"2";2004;"QHI:HE:2";"QHI:HE:2:2004";"LIVE";"pf_all_xy";"GRAMINOIDU";"Graminoid";"XXXotherherb";"CTL";100;1;1;116;147;0.862068965517241;0.680272108843537
"QHI";"HE";"2";2004;"QHI:HE:2";"QHI:HE:2:2004";"LIVE";"pf_all_xy";"GRASS";"Graminoid";"Anthoxanthum monticola";"CTL";100;1;1;116;147;0.862068965517241;0.680272108843537
"QHI";"HE";"2";2004;"QHI:HE:2";"QHI:HE:2:2004";"LIVE";"pf_all_xy";"FORB";"Forb";"Bistorta vivipara";"CTL";100;1;1;116;147;0.862068965517241;0.680272108843537
"QHI";"HE";"2";2004;"QHI:HE:2";"QHI:HE:2:2004";"LIVE";"pf_all_xy";"GRAMINOIDU";"Graminoid";"XXXkobresia";"CTL";100;1;1;116;147;0.862068965517241;0.680272108843537
"QHI";"HE";"2";2004;"QHI:HE:2";"QHI:HE:2:2004";"LIVE";"pf_all_xy";"SDECI";"Shrub";"Salix phlebophylla";"CTL";100;1;1;116;147;0.862068965517241;0.680272108843537
"QHI";"HE";"2";2004;"QHI:HE:2";"QHI:HE:2:2004";"LIVE";"pf_all_xy";"LFRUT";"Lichen";"Cetraria islandica";"CTL";100;2;2;NA;NA;NA;NA
"QHI";"HE";"2";2004;"QHI:HE:2";"QHI:HE:2:2004";"LIVE";"pf_all_xy";"LFRUT";"Lichen";"XXXpeltigera";"CTL";100;1;1;NA;NA;NA;NA
"QHI";"HE";"2";2004;"QHI:HE:2";"QHI:HE:2:2004";"LIVE";"pf_all_xy";"FORB";"Forb";"Pedicularis lanata";"CTL";100;1;1;116;147;0.862068965517241;0.680272108843537
"QHI";"HE";"3";2004;"QHI:HE:3";"QHI:HE:3:2004";"LITTER";"pf_all_xy";"LITTER";NA;"XXXLITTER";"CTL";100;42;42;NA;NA;NA;NA
"QHI";"HE";"3";2004;"QHI:HE:3";"QHI:HE:3:2004";"LIVE";"pf_all_xy";"SDECI";"Shrub";"Salix pulchra";"CTL";100;12;10;91;139;10.989010989011;8.63309352517986
"QHI";"HE";"3";2004;"QHI:HE:3";"QHI:HE:3:2004";"LIVE";"pf_all_xy";"MOSSU";NA;"XXXothermoss";"CTL";100;12;12;NA;NA;NA;NA
"QHI";"HE";"3";2004;"QHI:HE:3";"QHI:HE:3:2004";"LIVE";"pf_all_xy";"SEDGE";"Graminoid";"Eriophorum angustifolium";"CTL";100;16;14;91;139;15.3846153846154;11.5107913669065
"QHI";"HE";"3";2004;"QHI:HE:3";"QHI:HE:3:2004";"LIVE";"pf_all_xy";"SEDGE";"Graminoid";"Eriophorum vaginatum";"CTL";100;86;42;91;139;46.1538461538462;61.8705035971223
"QHI";"HE";"3";2004;"QHI:HE:3";"QHI:HE:3:2004";"LIVE";"pf_all_xy";"FORB";"Forb";"Saussurea angustifolia";"CTL";100;1;1;91;139;1.0989010989011;0.719424460431655
"QHI";"HE";"3";2004;"QHI:HE:3";"QHI:HE:3:2004";"LIVE";"pf_all_xy";"FORB";"Forb";"Pyrola grandiflora";"CTL";100;13;13;91;139;14.2857142857143;9.35251798561151
"QHI";"HE";"3";2004;"QHI:HE:3";"QHI:HE:3:2004";"LIVE";"pf_all_xy";"SDECI";"Shrub";"Salix reticulata";"CTL";100;3;3;91;139;3.2967032967033;2.15827338129496
"QHI";"HE";"3";2004;"QHI:HE:3";"QHI:HE:3:2004";"LIVE";"pf_all_xy";"LICHENU";"Lichen";"XXXotherlichen";"CTL";100;7;6;NA;NA;NA;NA
"QHI";"HE";"3";2004;"QHI:HE:3";"QHI:HE:3:2004";"LIVE";"pf_all_xy";"FORB";"Forb";"Bistorta vivipara";"CTL";100;1;1;91;139;1.0989010989011;0.719424460431655
"QHI";"HE";"3";2004;"QHI:HE:3";"QHI:HE:3:2004";"LIVE";"pf_all_xy";"LFRUT";"Lichen";"Cetraria islandica";"CTL";100;4;4;NA;NA;NA;NA
"QHI";"HE";"3";2004;"QHI:HE:3";"QHI:HE:3:2004";"LIVE";"pf_all_xy";"LFRUT";"Lichen";"Thamnolia subuliformis";"CTL";100;4;4;NA;NA;NA;NA
"QHI";"HE";"3";2004;"QHI:HE:3";"QHI:HE:3:2004";"LIVE";"pf_all_xy";"GRASS";"Graminoid";"Arctagrostis latifolia";"CTL";100;4;4;91;139;4.3956043956044;2.87769784172662
"QHI";"HE";"3";2004;"QHI:HE:3";"QHI:HE:3:2004";"LIVE";"pf_all_xy";"FORB";"Forb";"Stellaria longipes";"CTL";100;1;1;91;139;1.0989010989011;0.719424460431655
"QHI";"HE";"3";2004;"QHI:HE:3";"QHI:HE:3:2004";"LIVE";"pf_all_xy";"GRASS";"Graminoid";"Poa arctica";"CTL";100;1;1;91;139;1.0989010989011;0.719424460431655
"QHI";"HE";"3";2004;"QHI:HE:3";"QHI:HE:3:2004";"LIVE";"pf_all_xy";"SOIL";NA;"XXXbareground";"CTL";100;2;2;NA;NA;NA;NA
"QHI";"HE";"3";2004;"QHI:HE:3";"QHI:HE:3:2004";"LIVE";"pf_all_xy";"LFRUT";"Lichen";"XXXpeltigera";"CTL";100;2;2;NA;NA;NA;NA
"QHI";"HE";"3";2004;"QHI:HE:3";"QHI:HE:3:2004";"LIVE";"pf_all_xy";"LCRUS";"Lichen";"XXXcrustous";"CTL";100;1;1;NA;NA;NA;NA
"QHI";"HE";"3";2004;"QHI:HE:3";"QHI:HE:3:2004";"LIVE";"pf_all_xy";"FORB";"Forb";"Polygonum bistorta";"CTL";100;1;1;91;139;1.0989010989011;0.719424460431655
"QHI";"HE";"3";2004;"QHI:HE:3";"QHI:HE:3:2004";"LIVE";"pf_all_xy";"LFRUT";"Lichen";"Nephromopsis cucullata";"CTL";100;1;1;NA;NA;NA;NA
"QHI";"HE";"4";2004;"QHI:HE:4";"QHI:HE:4:2004";"LIVE";"pf_all_xy";"MOSSU";NA;"XXXothermoss";"CTL";100;32;32;NA;NA;NA;NA
"QHI";"HE";"4";2004;"QHI:HE:4";"QHI:HE:4:2004";"LIVE";"pf_all_xy";"SEDGE";"Graminoid";"Eriophorum vaginatum";"CTL";100;61;31;104;152;29.8076923076923;40.1315789473684
"QHI";"HE";"4";2004;"QHI:HE:4";"QHI:HE:4:2004";"LIVE";"pf_all_xy";"SDECI";"Shrub";"Salix pulchra";"CTL";100;37;27;104;152;25.9615384615385;24.3421052631579
"QHI";"HE";"4";2004;"QHI:HE:4";"QHI:HE:4:2004";"LITTER";"pf_all_xy";"LITTER";NA;"XXXLITTER";"CTL";100;47;47;NA;NA;NA;NA
"QHI";"HE";"4";2004;"QHI:HE:4";"QHI:HE:4:2004";"LIVE";"pf_all_xy";"LFRUT";"Lichen";"Nephromopsis cucullata";"CTL";100;4;4;NA;NA;NA;NA
"QHI";"HE";"4";2004;"QHI:HE:4";"QHI:HE:4:2004";"LIVE";"pf_all_xy";"SEDGE";"Graminoid";"XXXcarex";"CTL";100;25;19;104;152;18.2692307692308;16.4473684210526
"QHI";"HE";"4";2004;"QHI:HE:4";"QHI:HE:4:2004";"LIVE";"pf_all_xy";"LFRUT";"Lichen";"Cetraria islandica";"CTL";100;10;9;NA;NA;NA;NA
"QHI";"HE";"4";2004;"QHI:HE:4";"QHI:HE:4:2004";"LIVE";"pf_all_xy";"LFRUT";"Lichen";"XXXpeltigera";"CTL";100;1;1;NA;NA;NA;NA
"QHI";"HE";"4";2004;"QHI:HE:4";"QHI:HE:4:2004";"LIVE";"pf_all_xy";"SDECI";"Shrub";"Salix reticulata";"CTL";100;3;3;104;152;2.88461538461538;1.97368421052632
"QHI";"HE";"4";2004;"QHI:HE:4";"QHI:HE:4:2004";"LIVE";"pf_all_xy";"SDECI";"Shrub";"Salix arctica";"CTL";100;2;2;104;152;1.92307692307692;1.31578947368421
"QHI";"HE";"4";2004;"QHI:HE:4";"QHI:HE:4:2004";"LIVE";"pf_all_xy";"FORB";"Forb";"Bistorta vivipara";"CTL";100;4;4;104;152;3.84615384615385;2.63157894736842
"QHI";"HE";"4";2004;"QHI:HE:4";"QHI:HE:4:2004";"LIVE";"pf_all_xy";"FORB";"Forb";"Stellaria longipes";"CTL";100;2;2;104;152;1.92307692307692;1.31578947368421
"QHI";"HE";"4";2004;"QHI:HE:4";"QHI:HE:4:2004";"LIVE";"pf_all_xy";"FORB";"Forb";"Tephroseris integrifolia";"CTL";100;3;3;104;152;2.88461538461538;1.97368421052632
"QHI";"HE";"4";2004;"QHI:HE:4";"QHI:HE:4:2004";"LIVE";"pf_all_xy";"LICHENU";"Lichen";"XXXotherlichen";"CTL";100;3;2;NA;NA;NA;NA
"QHI";"HE";"4";2004;"QHI:HE:4";"QHI:HE:4:2004";"LIVE";"pf_all_xy";"SEDGE";"Graminoid";"Eriophorum angustifolium";"CTL";100;1;1;104;152;0.961538461538462;0.657894736842105
"QHI";"HE";"4";2004;"QHI:HE:4";"QHI:HE:4:2004";"LIVE";"pf_all_xy";"SEVER";"Shrub";"Dryas integrifolia";"CTL";100;9;7;104;152;6.73076923076923;5.92105263157895
"QHI";"HE";"4";2004;"QHI:HE:4";"QHI:HE:4:2004";"LIVE";"pf_all_xy";"SDECI";"Shrub";"Salix phlebophylla";"CTL";100;1;1;104;152;0.961538461538462;0.657894736842105
"QHI";"HE";"4";2004;"QHI:HE:4";"QHI:HE:4:2004";"LIVE";"pf_all_xy";"RUSH";"Graminoid";"XXXluzula";"CTL";100;2;2;104;152;1.92307692307692;1.31578947368421
"QHI";"HE";"4";2004;"QHI:HE:4";"QHI:HE:4:2004";"LIVE";"pf_all_xy";"FORB";"Forb";"Pedicularis capitata";"CTL";100;1;1;104;152;0.961538461538462;0.657894736842105
"QHI";"HE";"4";2004;"QHI:HE:4";"QHI:HE:4:2004";"LIVE";"pf_all_xy";"LFRUT";"Lichen";"Thamnolia subuliformis";"CTL";100;3;3;NA;NA;NA;NA
"QHI";"HE";"4";2004;"QHI:HE:4";"QHI:HE:4:2004";"LIVE";"pf_all_xy";"LFRUT";"Lichen";"Dactylina arctica";"CTL";100;1;1;NA;NA;NA;NA
"QHI";"HE";"4";2004;"QHI:HE:4";"QHI:HE:4:2004";"LIVE";"pf_all_xy";"GRASS";"Graminoid";"Poa arctica";"CTL";100;1;1;104;152;0.961538461538462;0.657894736842105
"QHI";"HE";"5";2004;"QHI:HE:5";"QHI:HE:5:2004";"LIVE";"pf_all_xy";"SDECI";"Shrub";"Salix pulchra";"CTL";100;42;27;110;181;24.5454545454545;23.2044198895028
"QHI";"HE";"5";2004;"QHI:HE:5";"QHI:HE:5:2004";"LIVE";"pf_all_xy";"MOSSU";NA;"XXXothermoss";"CTL";100;31;28;NA;NA;NA;NA
"QHI";"HE";"5";2004;"QHI:HE:5";"QHI:HE:5:2004";"LIVE";"pf_all_xy";"LFRUT";"Lichen";"XXXpeltigera";"CTL";100;4;4;NA;NA;NA;NA
"QHI";"HE";"5";2004;"QHI:HE:5";"QHI:HE:5:2004";"LIVE";"pf_all_xy";"SDECI";"Shrub";"Salix reticulata";"CTL";100;9;7;110;181;6.36363636363636;4.97237569060773
"QHI";"HE";"5";2004;"QHI:HE:5";"QHI:HE:5:2004";"LIVE";"pf_all_xy";"SEDGE";"Graminoid";"Eriophorum vaginatum";"CTL";100;108;57;110;181;51.8181818181818;59.6685082872928
"QHI";"HE";"5";2004;"QHI:HE:5";"QHI:HE:5:2004";"LITTER";"pf_all_xy";"LITTER";NA;"XXXLITTER";"CTL";100;37;37;NA;NA;NA;NA
"QHI";"HE";"5";2004;"QHI:HE:5";"QHI:HE:5:2004";"LIVE";"pf_all_xy";"RUSH";"Graminoid";"XXXluzula";"CTL";100;1;1;110;181;0.909090909090909;0.552486187845304
"QHI";"HE";"5";2004;"QHI:HE:5";"QHI:HE:5:2004";"LIVE";"pf_all_xy";"FORB";"Forb";"Polygonum bistorta";"CTL";100;2;2;110;181;1.81818181818182;1.10497237569061
"QHI";"HE";"5";2004;"QHI:HE:5";"QHI:HE:5:2004";"LIVE";"pf_all_xy";"GRAMINOIDU";"Graminoid";"XXXotherherb";"CTL";100;1;1;110;181;0.909090909090909;0.552486187845304
"QHI";"HE";"5";2004;"QHI:HE:5";"QHI:HE:5:2004";"LIVE";"pf_all_xy";"GRASS";"Graminoid";"Arctagrostis latifolia";"CTL";100;4;3;110;181;2.72727272727273;2.20994475138122
"QHI";"HE";"5";2004;"QHI:HE:5";"QHI:HE:5:2004";"LIVE";"pf_all_xy";"FORB";"Forb";"Stellaria longipes";"CTL";100;2;2;110;181;1.81818181818182;1.10497237569061
"QHI";"HE";"5";2004;"QHI:HE:5";"QHI:HE:5:2004";"LIVE";"pf_all_xy";"SEDGE";"Graminoid";"XXXcarex";"CTL";100;7;5;110;181;4.54545454545455;3.86740331491713
"QHI";"HE";"5";2004;"QHI:HE:5";"QHI:HE:5:2004";"LIVE";"pf_all_xy";"SEVER";"Shrub";"Dryas integrifolia";"CTL";100;2;2;110;181;1.81818181818182;1.10497237569061
"QHI";"HE";"5";2004;"QHI:HE:5";"QHI:HE:5:2004";"LIVE";"pf_all_xy";"SDECI";"Shrub";"Salix phlebophylla";"CTL";100;3;3;110;181;2.72727272727273;1.65745856353591
"QHI";"HE";"5";2004;"QHI:HE:5";"QHI:HE:5:2004";"LIVE";"pf_all_xy";"LFRUT";"Lichen";"Thamnolia subuliformis";"CTL";100;1;1;NA;NA;NA;NA
"QHI";"HE";"6";2004;"QHI:HE:6";"QHI:HE:6:2004";"LIVE";"pf_all_xy";"LFRUT";"Lichen";"Cetraria islandica";"CTL";100;5;5;NA;NA;NA;NA
"QHI";"HE";"6";2004;"QHI:HE:6";"QHI:HE:6:2004";"LIVE";"pf_all_xy";"SEDGE";"Graminoid";"Eriophorum vaginatum";"CTL";100;59;35;93;127;37.6344086021505;46.4566929133858
"QHI";"HE";"6";2004;"QHI:HE:6";"QHI:HE:6:2004";"LIVE";"pf_all_xy";"MOSSU";NA;"XXXothermoss";"CTL";100;35;34;NA;NA;NA;NA
"QHI";"HE";"6";2004;"QHI:HE:6";"QHI:HE:6:2004";"LIVE";"pf_all_xy";"FORB";"Forb";"Stellaria longipes";"CTL";100;2;2;93;127;2.1505376344086;1.5748031496063
"QHI";"HE";"6";2004;"QHI:HE:6";"QHI:HE:6:2004";"LIVE";"pf_all_xy";"SDECI";"Shrub";"Salix pulchra";"CTL";100;40;30;93;127;32.258064516129;31.496062992126
"QHI";"HE";"6";2004;"QHI:HE:6";"QHI:HE:6:2004";"LIVE";"pf_all_xy";"GRAMINOIDU";"Graminoid";"XXXotherherb";"CTL";100;2;2;93;127;2.1505376344086;1.5748031496063
"QHI";"HE";"6";2004;"QHI:HE:6";"QHI:HE:6:2004";"LITTER";"pf_all_xy";"LITTER";NA;"XXXLITTER";"CTL";100;39;39;NA;NA;NA;NA
"QHI";"HE";"6";2004;"QHI:HE:6";"QHI:HE:6:2004";"LIVE";"pf_all_xy";"SEDGE";"Graminoid";"XXXcarex";"CTL";100;8;8;93;127;8.60215053763441;6.2992125984252
"QHI";"HE";"6";2004;"QHI:HE:6";"QHI:HE:6:2004";"LIVE";"pf_all_xy";"LICHENU";"Lichen";"XXXotherlichen";"CTL";100;3;3;NA;NA;NA;NA
"QHI";"HE";"6";2004;"QHI:HE:6";"QHI:HE:6:2004";"LIVE";"pf_all_xy";"FORB";"Forb";"Saussurea angustifolia";"CTL";100;2;2;93;127;2.1505376344086;1.5748031496063
"QHI";"HE";"6";2004;"QHI:HE:6";"QHI:HE:6:2004";"LIVE";"pf_all_xy";"FORB";"Forb";"Tephroseris integrifolia";"CTL";100;1;1;93;127;1.0752688172043;0.78740157480315
"QHI";"HE";"6";2004;"QHI:HE:6";"QHI:HE:6:2004";"LIVE";"pf_all_xy";"GRASS";"Graminoid";"Arctagrostis latifolia";"CTL";100;2;2;93;127;2.1505376344086;1.5748031496063
"QHI";"HE";"6";2004;"QHI:HE:6";"QHI:HE:6:2004";"LIVE";"pf_all_xy";"LFRUT";"Lichen";"XXXpeltigera";"CTL";100;4;4;NA;NA;NA;NA
"QHI";"HE";"6";2004;"QHI:HE:6";"QHI:HE:6:2004";"LIVE";"pf_all_xy";"LFRUT";"Lichen";"Nephromopsis cucullata";"CTL";100;2;2;NA;NA;NA;NA
"QHI";"HE";"6";2004;"QHI:HE:6";"QHI:HE:6:2004";"LIVE";"pf_all_xy";"SDECI";"Shrub";"Salix arctica";"CTL";100;1;1;93;127;1.0752688172043;0.78740157480315
"QHI";"HE";"6";2004;"QHI:HE:6";"QHI:HE:6:2004";"LIVE";"pf_all_xy";"GRASS";"Graminoid";"Poa arctica";"CTL";100;1;1;93;127;1.0752688172043;0.78740157480315
"QHI";"HE";"6";2004;"QHI:HE:6";"QHI:HE:6:2004";"LIVE";"pf_all_xy";"FORB";"Forb";"Lupinus arcticus";"CTL";100;1;1;93;127;1.0752688172043;0.78740157480315
"QHI";"HE";"6";2004;"QHI:HE:6";"QHI:HE:6:2004";"LIVE";"pf_all_xy";"RUSH";"Graminoid";"XXXluzula";"CTL";100;2;2;93;127;2.1505376344086;1.5748031496063
"QHI";"HE";"6";2004;"QHI:HE:6";"QHI:HE:6:2004";"LIVE";"pf_all_xy";"SDECI";"Shrub";"Salix phlebophylla";"CTL";100;1;1;93;127;1.0752688172043;0.78740157480315
"QHI";"HE";"6";2004;"QHI:HE:6";"QHI:HE:6:2004";"LIVE";"pf_all_xy";"LFRUT";"Lichen";"Dactylina arctica";"CTL";100;1;1;NA;NA;NA;NA
"QHI";"HE";"6";2004;"QHI:HE:6";"QHI:HE:6:2004";"LIVE";"pf_all_xy";"SEVER";"Shrub";"Dryas integrifolia";"CTL";100;5;5;93;127;5.37634408602151;3.93700787401575
"QHI";"HE";"1";2009;"QHI:HE:1";"QHI:HE:1:2009";"LIVE";"pf_all_xy";"SEDGE";"Graminoid";"Eriophorum vaginatum";"CTL";100;185;85;124;243;68.5483870967742;76.1316872427983
"QHI";"HE";"1";2009;"QHI:HE:1";"QHI:HE:1:2009";"LITTER";"pf_all_xy";"LITTER";NA;"XXXLITTER";"CTL";100;84;84;NA;NA;NA;NA
"QHI";"HE";"1";2009;"QHI:HE:1";"QHI:HE:1:2009";"LIVE";"pf_all_xy";"GRASS";"Graminoid";"Arctagrostis latifolia";"CTL";100;2;2;124;243;1.61290322580645;0.823045267489712
"QHI";"HE";"1";2009;"QHI:HE:1";"QHI:HE:1:2009";"LIVE";"pf_all_xy";"SDECI";"Shrub";"Salix phlebophylla";"CTL";100;11;8;124;243;6.45161290322581;4.52674897119342
"QHI";"HE";"1";2009;"QHI:HE:1";"QHI:HE:1:2009";"LIVE";"pf_all_xy";"SEVER";"Shrub";"Dryas integrifolia";"CTL";100;1;1;124;243;0.806451612903226;0.411522633744856
"QHI";"HE";"1";2009;"QHI:HE:1";"QHI:HE:1:2009";"LIVE";"pf_all_xy";"DUNG";NA;"XXXDUNG";"CTL";100;1;1;NA;NA;NA;NA
"QHI";"HE";"1";2009;"QHI:HE:1";"QHI:HE:1:2009";"LIVE";"pf_all_xy";"FORB";"Forb";"Polygonum bistorta";"CTL";100;4;4;124;243;3.2258064516129;1.64609053497942
"QHI";"HE";"1";2009;"QHI:HE:1";"QHI:HE:1:2009";"LIVE";"pf_all_xy";"SDECI";"Shrub";"Salix pulchra";"CTL";100;29;14;124;243;11.2903225806452;11.9341563786008
"QHI";"HE";"1";2009;"QHI:HE:1";"QHI:HE:1:2009";"LIVE";"pf_all_xy";"MOSSU";NA;"XXXothermoss";"CTL";100;24;22;NA;NA;NA;NA
"QHI";"HE";"1";2009;"QHI:HE:1";"QHI:HE:1:2009";"LIVE";"pf_all_xy";"FORB";"Forb";"Pedicularis lanata";"CTL";100;1;1;124;243;0.806451612903226;0.411522633744856
"QHI";"HE";"1";2009;"QHI:HE:1";"QHI:HE:1:2009";"LIVE";"pf_all_xy";"LFRUT";"Lichen";"Nephromopsis cucullata";"CTL";100;4;4;NA;NA;NA;NA
"QHI";"HE";"1";2009;"QHI:HE:1";"QHI:HE:1:2009";"LIVE";"pf_all_xy";"SOIL";NA;"XXXbareground";"CTL";100;3;3;NA;NA;NA;NA
"QHI";"HE";"1";2009;"QHI:HE:1";"QHI:HE:1:2009";"LIVE";"pf_all_xy";"FORB";"Forb";"Pedicularis sudetica";"CTL";100;3;3;124;243;2.41935483870968;1.23456790123457
"QHI";"HE";"1";2009;"QHI:HE:1";"QHI:HE:1:2009";"LIVE";"pf_all_xy";"LFRUT";"Lichen";"XXXpeltigera";"CTL";100;4;3;NA;NA;NA;NA
"QHI";"HE";"1";2009;"QHI:HE:1";"QHI:HE:1:2009";"LIVE";"pf_all_xy";"SEVER";"Shrub";"Cassiope tetragona";"CTL";100;2;1;124;243;0.806451612903226;0.823045267489712
"QHI";"HE";"1";2009;"QHI:HE:1";"QHI:HE:1:2009";"LIVE";"pf_all_xy";"LCRUS";"Lichen";"XXXcrustous";"CTL";100;6;6;NA;NA;NA;NA
"QHI";"HE";"1";2009;"QHI:HE:1";"QHI:HE:1:2009";"LIVE";"pf_all_xy";"LFRUT";"Lichen";"Cetraria islandica";"CTL";100;1;1;NA;NA;NA;NA
"QHI";"HE";"1";2009;"QHI:HE:1";"QHI:HE:1:2009";"LIVE";"pf_all_xy";"SDECI";"Shrub";"Salix reticulata";"CTL";100;3;3;124;243;2.41935483870968;1.23456790123457
"QHI";"HE";"1";2009;"QHI:HE:1";"QHI:HE:1:2009";"LIVE";"pf_all_xy";"FORB";"Forb";"Saussurea angustifolia";"CTL";100;2;2;124;243;1.61290322580645;0.823045267489712
"QHI";"HE";"1";2009;"QHI:HE:1";"QHI:HE:1:2009";"LIVE";"pf_all_xy";"FUNGI";NA;"XXXfungus";"CTL";100;1;1;NA;NA;NA;NA
"QHI";"HE";"1";2009;"QHI:HE:1";"QHI:HE:1:2009";"LIVE";"pf_all_xy";"LFRUT";"Lichen";"Thamnolia subuliformis";"CTL";100;9;7;NA;NA;NA;NA
"QHI";"HE";"1";2009;"QHI:HE:1";"QHI:HE:1:2009";"LIVE";"pf_all_xy";"LIVERU";"Lichen";"XXXliverwort";"CTL";100;1;1;NA;NA;NA;NA
"QHI";"HE";"2";2009;"QHI:HE:2";"QHI:HE:2:2009";"LIVE";"pf_all_xy";"LFRUT";"Lichen";"Thamnolia subuliformis";"CTL";100;4;4;NA;NA;NA;NA
"QHI";"HE";"2";2009;"QHI:HE:2";"QHI:HE:2:2009";"LIVE";"pf_all_xy";"LFRUT";"Lichen";"XXXcladonia";"CTL";100;6;6;NA;NA;NA;NA
"QHI";"HE";"2";2009;"QHI:HE:2";"QHI:HE:2:2009";"LIVE";"pf_all_xy";"LFRUT";"Lichen";"XXXpeltigera";"CTL";100;5;5;NA;NA;NA;NA
"QHI";"HE";"2";2009;"QHI:HE:2";"QHI:HE:2:2009";"LITTER";"pf_all_xy";"LITTER";NA;"XXXLITTER";"CTL";100;74;74;NA;NA;NA;NA
"QHI";"HE";"2";2009;"QHI:HE:2";"QHI:HE:2:2009";"LIVE";"pf_all_xy";"LFRUT";"Lichen";"Nephromopsis cucullata";"CTL";100;11;10;NA;NA;NA;NA
"QHI";"HE";"2";2009;"QHI:HE:2";"QHI:HE:2:2009";"LIVE";"pf_all_xy";"FORB";"Forb";"Pedicularis sudetica";"CTL";100;2;2;128;223;1.5625;0.896860986547085
"QHI";"HE";"2";2009;"QHI:HE:2";"QHI:HE:2:2009";"LIVE";"pf_all_xy";"FORB";"Forb";"Bistorta vivipara";"CTL";100;3;3;128;223;2.34375;1.34529147982063
"QHI";"HE";"2";2009;"QHI:HE:2";"QHI:HE:2:2009";"LIVE";"pf_all_xy";"SDECI";"Shrub";"Salix pulchra";"CTL";100;29;22;128;223;17.1875;13.0044843049327
"QHI";"HE";"2";2009;"QHI:HE:2";"QHI:HE:2:2009";"LIVE";"pf_all_xy";"MOSSU";NA;"XXXothermoss";"CTL";100;47;38;NA;NA;NA;NA
"QHI";"HE";"2";2009;"QHI:HE:2";"QHI:HE:2:2009";"LIVE";"pf_all_xy";"SEDGE";"Graminoid";"Eriophorum vaginatum";"CTL";100;134;57;128;223;44.53125;60.0896860986547
"QHI";"HE";"2";2009;"QHI:HE:2";"QHI:HE:2:2009";"LIVE";"pf_all_xy";"FORB";"Forb";"Tephroseris integrifolia";"CTL";100;3;3;128;223;2.34375;1.34529147982063
"QHI";"HE";"2";2009;"QHI:HE:2";"QHI:HE:2:2009";"LIVE";"pf_all_xy";"LFRUT";"Lichen";"Cetraria islandica";"CTL";100;3;3;NA;NA;NA;NA
"QHI";"HE";"2";2009;"QHI:HE:2";"QHI:HE:2:2009";"LIVE";"pf_all_xy";"FORB";"Forb";"Saussurea angustifolia";"CTL";100;2;2;128;223;1.5625;0.896860986547085
"QHI";"HE";"2";2009;"QHI:HE:2";"QHI:HE:2:2009";"LIVE";"pf_all_xy";"GRASS";"Graminoid";"Arctagrostis latifolia";"CTL";100;11;9;128;223;7.03125;4.93273542600897
"QHI";"HE";"2";2009;"QHI:HE:2";"QHI:HE:2:2009";"LIVE";"pf_all_xy";"FORB";"Forb";"Polygonum bistorta";"CTL";100;3;3;128;223;2.34375;1.34529147982063
"QHI";"HE";"2";2009;"QHI:HE:2";"QHI:HE:2:2009";"LIVE";"pf_all_xy";"LCRUS";"Lichen";"XXXcrustous";"CTL";100;7;7;NA;NA;NA;NA
"QHI";"HE";"2";2009;"QHI:HE:2";"QHI:HE:2:2009";"LIVE";"pf_all_xy";"FORB";"Forb";"Stellaria longipes";"CTL";100;2;2;128;223;1.5625;0.896860986547085
"QHI";"HE";"2";2009;"QHI:HE:2";"QHI:HE:2:2009";"LIVE";"pf_all_xy";"DUNG";NA;"XXXDUNG";"CTL";100;4;3;NA;NA;NA;NA
"QHI";"HE";"2";2009;"QHI:HE:2";"QHI:HE:2:2009";"LIVE";"pf_all_xy";"RUSH";"Graminoid";"XXXluzula";"CTL";100;2;2;128;223;1.5625;0.896860986547085
"QHI";"HE";"2";2009;"QHI:HE:2";"QHI:HE:2:2009";"LIVE";"pf_all_xy";"SOIL";NA;"XXXbareground";"CTL";100;12;12;NA;NA;NA;NA
"QHI";"HE";"2";2009;"QHI:HE:2";"QHI:HE:2:2009";"LIVE";"pf_all_xy";"SDECI";"Shrub";"Salix phlebophylla";"CTL";100;3;2;128;223;1.5625;1.34529147982063
"QHI";"HE";"2";2009;"QHI:HE:2";"QHI:HE:2:2009";"LIVE";"pf_all_xy";"GRAMINOIDU";"Graminoid";"XXXotherherb";"CTL";100;2;1;128;223;0.78125;0.896860986547085
"QHI";"HE";"2";2009;"QHI:HE:2";"QHI:HE:2:2009";"LIVE";"pf_all_xy";"SDECI";"Shrub";"Salix reticulata";"CTL";100;17;13;128;223;10.15625;7.62331838565022
"QHI";"HE";"2";2009;"QHI:HE:2";"QHI:HE:2:2009";"LIVE";"pf_all_xy";"SEVER";"Shrub";"Dryas integrifolia";"CTL";100;4;3;128;223;2.34375;1.79372197309417
"QHI";"HE";"2";2009;"QHI:HE:2";"QHI:HE:2:2009";"LIVE";"pf_all_xy";"SEDGE";"Graminoid";"XXXcarex";"CTL";100;5;3;128;223;2.34375;2.24215246636771
"QHI";"HE";"2";2009;"QHI:HE:2";"QHI:HE:2:2009";"LIVE";"pf_all_xy";"SDECI";"Shrub";"Salix arctica";"CTL";100;1;1;128;223;0.78125;0.448430493273543
"QHI";"HE";"3";2009;"QHI:HE:3";"QHI:HE:3:2009";"LIVE";"pf_all_xy";"FORB";"Forb";"Polygonum bistorta";"CTL";100;5;5;141;279;3.54609929078014;1.7921146953405
"QHI";"HE";"3";2009;"QHI:HE:3";"QHI:HE:3:2009";"LIVE";"pf_all_xy";"FORB";"Forb";"Pyrola grandiflora";"CTL";100;32;24;141;279;17.0212765957447;11.4695340501792
"QHI";"HE";"3";2009;"QHI:HE:3";"QHI:HE:3:2009";"LIVE";"pf_all_xy";"SEDGE";"Graminoid";"XXXcarex";"CTL";100;19;17;141;279;12.0567375886525;6.81003584229391
"QHI";"HE";"3";2009;"QHI:HE:3";"QHI:HE:3:2009";"LIVE";"pf_all_xy";"MOSSU";NA;"XXXothermoss";"CTL";100;38;36;NA;NA;NA;NA
"QHI";"HE";"3";2009;"QHI:HE:3";"QHI:HE:3:2009";"LITTER";"pf_all_xy";"LITTER";NA;"XXXLITTER";"CTL";100;84;84;NA;NA;NA;NA
"QHI";"HE";"3";2009;"QHI:HE:3";"QHI:HE:3:2009";"LIVE";"pf_all_xy";"LFRUT";"Lichen";"Nephromopsis cucullata";"CTL";100;3;3;NA;NA;NA;NA
"QHI";"HE";"3";2009;"QHI:HE:3";"QHI:HE:3:2009";"LIVE";"pf_all_xy";"SDECI";"Shrub";"Salix reticulata";"CTL";100;7;7;141;279;4.9645390070922;2.5089605734767
"QHI";"HE";"3";2009;"QHI:HE:3";"QHI:HE:3:2009";"LIVE";"pf_all_xy";"LFRUT";"Lichen";"XXXpeltigera";"CTL";100;3;3;NA;NA;NA;NA
"QHI";"HE";"3";2009;"QHI:HE:3";"QHI:HE:3:2009";"LIVE";"pf_all_xy";"GRAMINOIDU";"Graminoid";"XXXotherherb";"CTL";100;1;1;141;279;0.709219858156028;0.3584229390681
"QHI";"HE";"3";2009;"QHI:HE:3";"QHI:HE:3:2009";"LIVE";"pf_all_xy";"FORB";"Forb";"Stellaria longipes";"CTL";100;1;1;141;279;0.709219858156028;0.3584229390681
"QHI";"HE";"3";2009;"QHI:HE:3";"QHI:HE:3:2009";"LIVE";"pf_all_xy";"LFRUT";"Lichen";"Thamnolia subuliformis";"CTL";100;6;5;NA;NA;NA;NA
"QHI";"HE";"3";2009;"QHI:HE:3";"QHI:HE:3:2009";"LIVE";"pf_all_xy";"GRASS";"Graminoid";"Arctagrostis latifolia";"CTL";100;9;6;141;279;4.25531914893617;3.2258064516129
"QHI";"HE";"3";2009;"QHI:HE:3";"QHI:HE:3:2009";"LIVE";"pf_all_xy";"SEDGE";"Graminoid";"Eriophorum vaginatum";"CTL";100;184;66;141;279;46.8085106382979;65.9498207885305
"QHI";"HE";"3";2009;"QHI:HE:3";"QHI:HE:3:2009";"LIVE";"pf_all_xy";"FORB";"Forb";"Tephroseris integrifolia";"CTL";100;1;1;141;279;0.709219858156028;0.3584229390681
"QHI";"HE";"3";2009;"QHI:HE:3";"QHI:HE:3:2009";"LIVE";"pf_all_xy";"FORB";"Forb";"Pedicularis sudetica";"CTL";100;1;1;141;279;0.709219858156028;0.3584229390681
"QHI";"HE";"3";2009;"QHI:HE:3";"QHI:HE:3:2009";"LIVE";"pf_all_xy";"SDECI";"Shrub";"Salix pulchra";"CTL";100;18;11;141;279;7.80141843971631;6.45161290322581
"QHI";"HE";"3";2009;"QHI:HE:3";"QHI:HE:3:2009";"LIVE";"pf_all_xy";"FORB";"Forb";"Saussurea angustifolia";"CTL";100;1;1;141;279;0.709219858156028;0.3584229390681
"QHI";"HE";"3";2009;"QHI:HE:3";"QHI:HE:3:2009";"LIVE";"pf_all_xy";"LCRUS";"Lichen";"XXXcrustous";"CTL";100;7;7;NA;NA;NA;NA
"QHI";"HE";"3";2009;"QHI:HE:3";"QHI:HE:3:2009";"LIVE";"pf_all_xy";"LFRUT";"Lichen";"Cetraria islandica";"CTL";100;1;1;NA;NA;NA;NA
"QHI";"HE";"4";2009;"QHI:HE:4";"QHI:HE:4:2009";"LIVE";"pf_all_xy";"SEDGE";"Graminoid";"XXXcarex";"CTL";100;63;40;159;268;25.1572327044025;23.5074626865672
"QHI";"HE";"4";2009;"QHI:HE:4";"QHI:HE:4:2009";"LITTER";"pf_all_xy";"LITTER";NA;"XXXLITTER";"CTL";100;81;81;NA;NA;NA;NA
"QHI";"HE";"4";2009;"QHI:HE:4";"QHI:HE:4:2009";"LIVE";"pf_all_xy";"SEDGE";"Graminoid";"Eriophorum vaginatum";"CTL";100;93;44;159;268;27.6729559748428;34.7014925373134
"QHI";"HE";"4";2009;"QHI:HE:4";"QHI:HE:4:2009";"LIVE";"pf_all_xy";"MOSSU";NA;"XXXothermoss";"CTL";100;56;49;NA;NA;NA;NA
"QHI";"HE";"4";2009;"QHI:HE:4";"QHI:HE:4:2009";"LIVE";"pf_all_xy";"SDECI";"Shrub";"Salix pulchra";"CTL";100;66;39;159;268;24.5283018867925;24.6268656716418
"QHI";"HE";"4";2009;"QHI:HE:4";"QHI:HE:4:2009";"LIVE";"pf_all_xy";"LFRUT";"Lichen";"XXXpeltigera";"CTL";100;9;9;NA;NA;NA;NA
"QHI";"HE";"4";2009;"QHI:HE:4";"QHI:HE:4:2009";"LIVE";"pf_all_xy";"LFRUT";"Lichen";"Nephromopsis cucullata";"CTL";100;12;12;NA;NA;NA;NA
"QHI";"HE";"4";2009;"QHI:HE:4";"QHI:HE:4:2009";"LIVE";"pf_all_xy";"FORB";"Forb";"Tephroseris integrifolia";"CTL";100;2;2;159;268;1.25786163522013;0.746268656716418
"QHI";"HE";"4";2009;"QHI:HE:4";"QHI:HE:4:2009";"LIVE";"pf_all_xy";"GRASS";"Graminoid";"Arctagrostis latifolia";"CTL";100;4;4;159;268;2.51572327044025;1.49253731343284
"QHI";"HE";"4";2009;"QHI:HE:4";"QHI:HE:4:2009";"LIVE";"pf_all_xy";"FORB";"Forb";"Stellaria longipes";"CTL";100;2;2;159;268;1.25786163522013;0.746268656716418
"QHI";"HE";"4";2009;"QHI:HE:4";"QHI:HE:4:2009";"LIVE";"pf_all_xy";"FORB";"Forb";"Pedicularis sudetica";"CTL";100;1;1;159;268;0.628930817610063;0.373134328358209
"QHI";"HE";"4";2009;"QHI:HE:4";"QHI:HE:4:2009";"LIVE";"pf_all_xy";"SDECI";"Shrub";"Salix reticulata";"CTL";100;17;12;159;268;7.54716981132075;6.34328358208955
"QHI";"HE";"4";2009;"QHI:HE:4";"QHI:HE:4:2009";"LIVE";"pf_all_xy";"GRAMINOIDU";"Graminoid";"XXXotherherb";"CTL";100;1;1;159;268;0.628930817610063;0.373134328358209
"QHI";"HE";"4";2009;"QHI:HE:4";"QHI:HE:4:2009";"LIVE";"pf_all_xy";"SEVER";"Shrub";"Dryas integrifolia";"CTL";100;17;12;159;268;7.54716981132075;6.34328358208955
"QHI";"HE";"4";2009;"QHI:HE:4";"QHI:HE:4:2009";"LIVE";"pf_all_xy";"FORB";"Forb";"Polygonum bistorta";"CTL";100;1;1;159;268;0.628930817610063;0.373134328358209
"QHI";"HE";"4";2009;"QHI:HE:4";"QHI:HE:4:2009";"LIVE";"pf_all_xy";"SDECI";"Shrub";"Salix phlebophylla";"CTL";100;1;1;159;268;0.628930817610063;0.373134328358209
"QHI";"HE";"4";2009;"QHI:HE:4";"QHI:HE:4:2009";"LIVE";"pf_all_xy";"LFRUT";"Lichen";"Thamnolia subuliformis";"CTL";100;1;1;NA;NA;NA;NA
"QHI";"HE";"4";2009;"QHI:HE:4";"QHI:HE:4:2009";"LIVE";"pf_all_xy";"LFRUT";"Lichen";"XXXcladonia";"CTL";100;1;1;NA;NA;NA;NA
"QHI";"HE";"5";2009;"QHI:HE:5";"QHI:HE:5:2009";"LIVE";"pf_all_xy";"SEDGE";"Graminoid";"Eriophorum vaginatum";"CTL";100;219;74;148;330;50;66.3636363636364
"QHI";"HE";"5";2009;"QHI:HE:5";"QHI:HE:5:2009";"LIVE";"pf_all_xy";"SDECI";"Shrub";"Salix pulchra";"CTL";100;44;26;148;330;17.5675675675676;13.3333333333333
"QHI";"HE";"5";2009;"QHI:HE:5";"QHI:HE:5:2009";"LIVE";"pf_all_xy";"FORB";"Forb";"Tephroseris integrifolia";"CTL";100;4;4;148;330;2.7027027027027;1.21212121212121
"QHI";"HE";"5";2009;"QHI:HE:5";"QHI:HE:5:2009";"LIVE";"pf_all_xy";"MOSSU";NA;"XXXothermoss";"CTL";100;52;48;NA;NA;NA;NA
"QHI";"HE";"5";2009;"QHI:HE:5";"QHI:HE:5:2009";"LITTER";"pf_all_xy";"LITTER";NA;"XXXLITTER";"CTL";100;72;72;NA;NA;NA;NA
"QHI";"HE";"5";2009;"QHI:HE:5";"QHI:HE:5:2009";"LIVE";"pf_all_xy";"FORB";"Forb";"Stellaria longipes";"CTL";100;4;4;148;330;2.7027027027027;1.21212121212121
"QHI";"HE";"5";2009;"QHI:HE:5";"QHI:HE:5:2009";"LIVE";"pf_all_xy";"GRAMINOIDU";"Graminoid";"XXXotherherb";"CTL";100;4;4;148;330;2.7027027027027;1.21212121212121
"QHI";"HE";"5";2009;"QHI:HE:5";"QHI:HE:5:2009";"LIVE";"pf_all_xy";"GRASS";"Graminoid";"Arctagrostis latifolia";"CTL";100;7;6;148;330;4.05405405405405;2.12121212121212
"QHI";"HE";"5";2009;"QHI:HE:5";"QHI:HE:5:2009";"LIVE";"pf_all_xy";"SEDGE";"Graminoid";"XXXcarex";"CTL";100;25;13;148;330;8.78378378378378;7.57575757575758
"QHI";"HE";"5";2009;"QHI:HE:5";"QHI:HE:5:2009";"LIVE";"pf_all_xy";"LFRUT";"Lichen";"XXXpeltigera";"CTL";100;11;10;NA;NA;NA;NA
"QHI";"HE";"5";2009;"QHI:HE:5";"QHI:HE:5:2009";"LIVE";"pf_all_xy";"SEVER";"Shrub";"Dryas integrifolia";"CTL";100;2;2;148;330;1.35135135135135;0.606060606060606
"QHI";"HE";"5";2009;"QHI:HE:5";"QHI:HE:5:2009";"LIVE";"pf_all_xy";"FORB";"Forb";"Polygonum bistorta";"CTL";100;1;1;148;330;0.675675675675676;0.303030303030303
"QHI";"HE";"5";2009;"QHI:HE:5";"QHI:HE:5:2009";"LIVE";"pf_all_xy";"SDECI";"Shrub";"Salix phlebophylla";"CTL";100;13;8;148;330;5.40540540540541;3.93939393939394
"QHI";"HE";"5";2009;"QHI:HE:5";"QHI:HE:5:2009";"LIVE";"pf_all_xy";"LCRUS";"Lichen";"XXXcrustous";"CTL";100;1;1;NA;NA;NA;NA
"QHI";"HE";"5";2009;"QHI:HE:5";"QHI:HE:5:2009";"LIVE";"pf_all_xy";"LFRUT";"Lichen";"Nephromopsis cucullata";"CTL";100;3;3;NA;NA;NA;NA
"QHI";"HE";"5";2009;"QHI:HE:5";"QHI:HE:5:2009";"LIVE";"pf_all_xy";"FORB";"Forb";"Saussurea angustifolia";"CTL";100;1;1;148;330;0.675675675675676;0.303030303030303
"QHI";"HE";"5";2009;"QHI:HE:5";"QHI:HE:5:2009";"LIVE";"pf_all_xy";"FORB";"Forb";"Pedicularis sudetica";"CTL";100;2;2;148;330;1.35135135135135;0.606060606060606
"QHI";"HE";"5";2009;"QHI:HE:5";"QHI:HE:5:2009";"LIVE";"pf_all_xy";"SDECI";"Shrub";"Salix reticulata";"CTL";100;4;3;148;330;2.02702702702703;1.21212121212121
"QHI";"HE";"6";2009;"QHI:HE:6";"QHI:HE:6:2009";"LIVE";"pf_all_xy";"GRASS";"Graminoid";"Festuca baffinensis";"CTL";100;1;1;153;275;0.65359477124183;0.363636363636364
"QHI";"HE";"6";2009;"QHI:HE:6";"QHI:HE:6:2009";"LIVE";"pf_all_xy";"SEDGE";"Graminoid";"XXXcarex";"CTL";100;26;12;153;275;7.84313725490196;9.45454545454546
"QHI";"HE";"6";2009;"QHI:HE:6";"QHI:HE:6:2009";"LIVE";"pf_all_xy";"MOSSU";NA;"XXXothermoss";"CTL";100;61;60;NA;NA;NA;NA
"QHI";"HE";"6";2009;"QHI:HE:6";"QHI:HE:6:2009";"LIVE";"pf_all_xy";"GRASS";"Graminoid";"Arctagrostis latifolia";"CTL";100;9;8;153;275;5.22875816993464;3.27272727272727
"QHI";"HE";"6";2009;"QHI:HE:6";"QHI:HE:6:2009";"LIVE";"pf_all_xy";"FORB";"Forb";"Tephroseris integrifolia";"CTL";100;2;2;153;275;1.30718954248366;0.727272727272727
"QHI";"HE";"6";2009;"QHI:HE:6";"QHI:HE:6:2009";"LIVE";"pf_all_xy";"GRAMINOIDU";"Graminoid";"XXXotherherb";"CTL";100;9;8;153;275;5.22875816993464;3.27272727272727
"QHI";"HE";"6";2009;"QHI:HE:6";"QHI:HE:6:2009";"LIVE";"pf_all_xy";"SEDGE";"Graminoid";"Eriophorum vaginatum";"CTL";100;135;60;153;275;39.2156862745098;49.0909090909091
"QHI";"HE";"6";2009;"QHI:HE:6";"QHI:HE:6:2009";"LITTER";"pf_all_xy";"LITTER";NA;"XXXLITTER";"CTL";100;69;69;NA;NA;NA;NA
"QHI";"HE";"6";2009;"QHI:HE:6";"QHI:HE:6:2009";"LIVE";"pf_all_xy";"SDECI";"Shrub";"Salix pulchra";"CTL";100;76;47;153;275;30.718954248366;27.6363636363636
"QHI";"HE";"6";2009;"QHI:HE:6";"QHI:HE:6:2009";"LIVE";"pf_all_xy";"SEVER";"Shrub";"Dryas integrifolia";"CTL";100;4;3;153;275;1.96078431372549;1.45454545454545
"QHI";"HE";"6";2009;"QHI:HE:6";"QHI:HE:6:2009";"LIVE";"pf_all_xy";"GRASS";"Graminoid";"Poa arctica";"CTL";100;5;4;153;275;2.61437908496732;1.81818181818182
"QHI";"HE";"6";2009;"QHI:HE:6";"QHI:HE:6:2009";"LIVE";"pf_all_xy";"LFRUT";"Lichen";"XXXpeltigera";"CTL";100;11;11;NA;NA;NA;NA
"QHI";"HE";"6";2009;"QHI:HE:6";"QHI:HE:6:2009";"LIVE";"pf_all_xy";"LFRUT";"Lichen";"Cladonia mitis";"CTL";100;1;1;NA;NA;NA;NA
"QHI";"HE";"6";2009;"QHI:HE:6";"QHI:HE:6:2009";"LIVE";"pf_all_xy";"FORB";"Forb";"Pedicularis sudetica";"CTL";100;3;3;153;275;1.96078431372549;1.09090909090909
"QHI";"HE";"6";2009;"QHI:HE:6";"QHI:HE:6:2009";"LIVE";"pf_all_xy";"LFRUT";"Lichen";"Thamnolia subuliformis";"CTL";100;3;2;NA;NA;NA;NA
"QHI";"HE";"6";2009;"QHI:HE:6";"QHI:HE:6:2009";"LIVE";"pf_all_xy";"LFRUT";"Lichen";"Nephromopsis cucullata";"CTL";100;1;1;NA;NA;NA;NA
"QHI";"HE";"6";2009;"QHI:HE:6";"QHI:HE:6:2009";"LIVE";"pf_all_xy";"FORB";"Forb";"Polygonum bistorta";"CTL";100;3;3;153;275;1.96078431372549;1.09090909090909
"QHI";"HE";"6";2009;"QHI:HE:6";"QHI:HE:6:2009";"LIVE";"pf_all_xy";"SDECI";"Shrub";"Salix reticulata";"CTL";100;1;1;153;275;0.65359477124183;0.363636363636364
"QHI";"HE";"6";2009;"QHI:HE:6";"QHI:HE:6:2009";"LIVE";"pf_all_xy";"SDECI";"Shrub";"Salix phlebophylla";"CTL";100;1;1;153;275;0.65359477124183;0.363636363636364
"QHI";"HE";"6";2009;"QHI:HE:6";"QHI:HE:6:2009";"LIVE";"pf_all_xy";"LFRUT";"Lichen";"Cetraria islandica";"CTL";100;1;1;NA;NA;NA;NA
"QHI";"HE";"1";2013;"QHI:HE:1";"QHI:HE:1:2013";"LIVE";"pf_all_xy";"FORB";"Forb";"Polygonum bistorta";"CTL";100;7;7;142;352;4.92957746478873;1.98863636363636
"QHI";"HE";"1";2013;"QHI:HE:1";"QHI:HE:1:2013";"LIVE";"pf_all_xy";"GRASS";"Graminoid";"Arctagrostis latifolia";"CTL";100;4;4;142;352;2.8169014084507;1.13636363636364
"QHI";"HE";"1";2013;"QHI:HE:1";"QHI:HE:1:2013";"LIVE";"pf_all_xy";"SEDGE";"Graminoid";"Eriophorum vaginatum";"CTL";100;280;89;142;352;62.6760563380282;79.5454545454545
"QHI";"HE";"1";2013;"QHI:HE:1";"QHI:HE:1:2013";"LIVE";"pf_all_xy";"FORB";"Forb";"Papaver radicatum";"CTL";100;1;1;142;352;0.704225352112676;0.284090909090909
"QHI";"HE";"1";2013;"QHI:HE:1";"QHI:HE:1:2013";"LITTER";"pf_all_xy";"LITTER";NA;"XXXLITTER";"CTL";100;89;89;NA;NA;NA;NA
"QHI";"HE";"1";2013;"QHI:HE:1";"QHI:HE:1:2013";"LIVE";"pf_all_xy";"SEDGE";"Graminoid";"Eriophorum angustifolium";"CTL";100;2;2;142;352;1.40845070422535;0.568181818181818
"QHI";"HE";"1";2013;"QHI:HE:1";"QHI:HE:1:2013";"LIVE";"pf_all_xy";"SDECI";"Shrub";"Salix pulchra";"CTL";100;39;22;142;352;15.4929577464789;11.0795454545455
"QHI";"HE";"1";2013;"QHI:HE:1";"QHI:HE:1:2013";"LIVE";"pf_all_xy";"MOSSU";NA;"XXXothermoss";"CTL";100;14;14;NA;NA;NA;NA
"QHI";"HE";"1";2013;"QHI:HE:1";"QHI:HE:1:2013";"LIVE";"pf_all_xy";"LFRUT";"Lichen";"Thamnolia subuliformis";"CTL";100;1;1;NA;NA;NA;NA
"QHI";"HE";"1";2013;"QHI:HE:1";"QHI:HE:1:2013";"LIVE";"pf_all_xy";"RUSH";"Graminoid";"Luzula nivalis";"CTL";100;1;1;142;352;0.704225352112676;0.284090909090909
"QHI";"HE";"1";2013;"QHI:HE:1";"QHI:HE:1:2013";"LIVE";"pf_all_xy";"LFRUT";"Lichen";"Cladonia mitis";"CTL";100;1;1;NA;NA;NA;NA
"QHI";"HE";"1";2013;"QHI:HE:1";"QHI:HE:1:2013";"LIVE";"pf_all_xy";"SDECI";"Shrub";"Salix reticulata";"CTL";100;4;3;142;352;2.11267605633803;1.13636363636364
"QHI";"HE";"1";2013;"QHI:HE:1";"QHI:HE:1:2013";"LIVE";"pf_all_xy";"FORB";"Forb";"Saussurea angustifolia";"CTL";100;2;2;142;352;1.40845070422535;0.568181818181818
"QHI";"HE";"1";2013;"QHI:HE:1";"QHI:HE:1:2013";"LIVE";"pf_all_xy";"FORB";"Forb";"Pedicularis capitata";"CTL";100;1;1;142;352;0.704225352112676;0.284090909090909
"QHI";"HE";"1";2013;"QHI:HE:1";"QHI:HE:1:2013";"LIVE";"pf_all_xy";"SDECI";"Shrub";"Salix phlebophylla";"CTL";100;9;8;142;352;5.63380281690141;2.55681818181818
"QHI";"HE";"1";2013;"QHI:HE:1";"QHI:HE:1:2013";"LIVE";"pf_all_xy";"LFRUT";"Lichen";"XXXpeltigera";"CTL";100;3;3;NA;NA;NA;NA
"QHI";"HE";"1";2013;"QHI:HE:1";"QHI:HE:1:2013";"LIVE";"pf_all_xy";"FORB";"Forb";"Pedicularis lanata";"CTL";100;1;1;142;352;0.704225352112676;0.284090909090909
"QHI";"HE";"1";2013;"QHI:HE:1";"QHI:HE:1:2013";"LIVE";"pf_all_xy";"GRASS";"Graminoid";"Anthoxanthum monticola";"CTL";100;1;1;142;352;0.704225352112676;0.284090909090909
"QHI";"HE";"2";2013;"QHI:HE:2";"QHI:HE:2:2013";"LIVE";"pf_all_xy";"SDECI";"Shrub";"Salix pulchra";"CTL";100;36;27;142;260;19.0140845070423;13.8461538461538
"QHI";"HE";"2";2013;"QHI:HE:2";"QHI:HE:2:2013";"LIVE";"pf_all_xy";"SDECI";"Shrub";"Salix reticulata";"CTL";100;19;13;142;260;9.15492957746479;7.30769230769231
"QHI";"HE";"2";2013;"QHI:HE:2";"QHI:HE:2:2013";"LIVE";"pf_all_xy";"FORB";"Forb";"Stellaria longipes";"CTL";100;4;3;142;260;2.11267605633803;1.53846153846154
"QHI";"HE";"2";2013;"QHI:HE:2";"QHI:HE:2:2013";"LITTER";"pf_all_xy";"LITTER";NA;"XXXLITTER";"CTL";100;77;77;NA;NA;NA;NA
"QHI";"HE";"2";2013;"QHI:HE:2";"QHI:HE:2:2013";"LIVE";"pf_all_xy";"SEDGE";"Graminoid";"Eriophorum vaginatum";"CTL";100;162;65;142;260;45.7746478873239;62.3076923076923
"QHI";"HE";"2";2013;"QHI:HE:2";"QHI:HE:2:2013";"LIVE";"pf_all_xy";"MOSSU";NA;"XXXothermoss";"CTL";100;19;19;NA;NA;NA;NA
"QHI";"HE";"2";2013;"QHI:HE:2";"QHI:HE:2:2013";"LIVE";"pf_all_xy";"GRASS";"Graminoid";"Poa arctica";"CTL";100;1;1;142;260;0.704225352112676;0.384615384615385
"QHI";"HE";"2";2013;"QHI:HE:2";"QHI:HE:2:2013";"LIVE";"pf_all_xy";"FORB";"Forb";"Polygonum bistorta";"CTL";100;6;5;142;260;3.52112676056338;2.30769230769231
"QHI";"HE";"2";2013;"QHI:HE:2";"QHI:HE:2:2013";"LIVE";"pf_all_xy";"LFRUT";"Lichen";"Cladonia mitis";"CTL";100;1;1;NA;NA;NA;NA
"QHI";"HE";"2";2013;"QHI:HE:2";"QHI:HE:2:2013";"LIVE";"pf_all_xy";"SEDGE";"Graminoid";"XXXcarex";"CTL";100;4;4;142;260;2.8169014084507;1.53846153846154
"QHI";"HE";"2";2013;"QHI:HE:2";"QHI:HE:2:2013";"LIVE";"pf_all_xy";"LFRUT";"Lichen";"Thamnolia subuliformis";"CTL";100;4;4;NA;NA;NA;NA
"QHI";"HE";"2";2013;"QHI:HE:2";"QHI:HE:2:2013";"LIVE";"pf_all_xy";"SEVER";"Shrub";"Dryas integrifolia";"CTL";100;6;4;142;260;2.8169014084507;2.30769230769231
"QHI";"HE";"2";2013;"QHI:HE:2";"QHI:HE:2:2013";"LIVE";"pf_all_xy";"RUSH";"Graminoid";"Luzula nivalis";"CTL";100;3;3;142;260;2.11267605633803;1.15384615384615
"QHI";"HE";"2";2013;"QHI:HE:2";"QHI:HE:2:2013";"LIVE";"pf_all_xy";"GRASS";"Graminoid";"Anthoxanthum monticola";"CTL";100;3;3;142;260;2.11267605633803;1.15384615384615
"QHI";"HE";"2";2013;"QHI:HE:2";"QHI:HE:2:2013";"LIVE";"pf_all_xy";"FORB";"Forb";"XXXotherforb";"CTL";100;1;1;142;260;0.704225352112676;0.384615384615385
"QHI";"HE";"2";2013;"QHI:HE:2";"QHI:HE:2:2013";"LIVE";"pf_all_xy";"SOIL";NA;"XXXbareground";"CTL";100;8;8;NA;NA;NA;NA
"QHI";"HE";"2";2013;"QHI:HE:2";"QHI:HE:2:2013";"LIVE";"pf_all_xy";"FORB";"Forb";"Pedicularis capitata";"CTL";100;1;1;142;260;0.704225352112676;0.384615384615385
"QHI";"HE";"2";2013;"QHI:HE:2";"QHI:HE:2:2013";"LIVE";"pf_all_xy";"GRAMINOIDU";"Graminoid";"XXXothergram";"CTL";100;2;2;142;260;1.40845070422535;0.769230769230769
"QHI";"HE";"2";2013;"QHI:HE:2";"QHI:HE:2:2013";"LIVE";"pf_all_xy";"FORB";"Forb";"Bistorta vivipara";"CTL";100;2;1;142;260;0.704225352112676;0.769230769230769
"QHI";"HE";"2";2013;"QHI:HE:2";"QHI:HE:2:2013";"LIVE";"pf_all_xy";"GRASS";"Graminoid";"Arctagrostis latifolia";"CTL";100;7;6;142;260;4.22535211267606;2.69230769230769
"QHI";"HE";"2";2013;"QHI:HE:2";"QHI:HE:2:2013";"LIVE";"pf_all_xy";"SDECI";"Shrub";"Salix phlebophylla";"CTL";100;3;3;142;260;2.11267605633803;1.15384615384615
"QHI";"HE";"3";2013;"QHI:HE:3";"QHI:HE:3:2013";"LIVE";"pf_all_xy";"SEDGE";"Graminoid";"Eriophorum vaginatum";"CTL";100;267;74;158;376;46.8354430379747;71.0106382978723
"QHI";"HE";"3";2013;"QHI:HE:3";"QHI:HE:3:2013";"LIVE";"pf_all_xy";"FORB";"Forb";"Pyrola grandiflora";"CTL";100;38;25;158;376;15.8227848101266;10.1063829787234
"QHI";"HE";"3";2013;"QHI:HE:3";"QHI:HE:3:2013";"LIVE";"pf_all_xy";"MOSSU";NA;"XXXothermoss";"CTL";100;24;24;NA;NA;NA;NA
"QHI";"HE";"3";2013;"QHI:HE:3";"QHI:HE:3:2013";"LITTER";"pf_all_xy";"LITTER";NA;"XXXLITTER";"CTL";100;83;83;NA;NA;NA;NA
"QHI";"HE";"3";2013;"QHI:HE:3";"QHI:HE:3:2013";"LIVE";"pf_all_xy";"SDECI";"Shrub";"Salix pulchra";"CTL";100;17;11;158;376;6.9620253164557;4.52127659574468
"QHI";"HE";"3";2013;"QHI:HE:3";"QHI:HE:3:2013";"LIVE";"pf_all_xy";"SEDGE";"Graminoid";"Eriophorum angustifolium";"CTL";100;23;21;158;376;13.2911392405063;6.11702127659574
"QHI";"HE";"3";2013;"QHI:HE:3";"QHI:HE:3:2013";"LIVE";"pf_all_xy";"SDECI";"Shrub";"Salix reticulata";"CTL";100;10;9;158;376;5.69620253164557;2.65957446808511
"QHI";"HE";"3";2013;"QHI:HE:3";"QHI:HE:3:2013";"LIVE";"pf_all_xy";"GRASS";"Graminoid";"Arctagrostis latifolia";"CTL";100;5;4;158;376;2.53164556962025;1.32978723404255
"QHI";"HE";"3";2013;"QHI:HE:3";"QHI:HE:3:2013";"LIVE";"pf_all_xy";"SEVER";"Shrub";"Dryas integrifolia";"CTL";100;2;2;158;376;1.26582278481013;0.531914893617021
"QHI";"HE";"3";2013;"QHI:HE:3";"QHI:HE:3:2013";"LIVE";"pf_all_xy";"LFRUT";"Lichen";"Cladonia mitis";"CTL";100;2;2;NA;NA;NA;NA
"QHI";"HE";"3";2013;"QHI:HE:3";"QHI:HE:3:2013";"LIVE";"pf_all_xy";"RUSH";"Graminoid";"Luzula nivalis";"CTL";100;2;2;158;376;1.26582278481013;0.531914893617021
"QHI";"HE";"3";2013;"QHI:HE:3";"QHI:HE:3:2013";"LIVE";"pf_all_xy";"LFRUT";"Lichen";"XXXpeltigera";"CTL";100;5;5;NA;NA;NA;NA
"QHI";"HE";"3";2013;"QHI:HE:3";"QHI:HE:3:2013";"LIVE";"pf_all_xy";"FORB";"Forb";"Saussurea angustifolia";"CTL";100;1;1;158;376;0.632911392405063;0.265957446808511
"QHI";"HE";"3";2013;"QHI:HE:3";"QHI:HE:3:2013";"LIVE";"pf_all_xy";"FORB";"Forb";"Stellaria longipes";"CTL";100;4;3;158;376;1.89873417721519;1.06382978723404
"QHI";"HE";"3";2013;"QHI:HE:3";"QHI:HE:3:2013";"LIVE";"pf_all_xy";"LICHENU";"Lichen";"XXXotherlichen";"CTL";100;2;2;NA;NA;NA;NA
"QHI";"HE";"3";2013;"QHI:HE:3";"QHI:HE:3:2013";"LIVE";"pf_all_xy";"GRAMINOIDU";"Graminoid";"XXXothergram";"CTL";100;2;2;158;376;1.26582278481013;0.531914893617021
"QHI";"HE";"3";2013;"QHI:HE:3";"QHI:HE:3:2013";"LIVE";"pf_all_xy";"GRASS";"Graminoid";"Poa arctica";"CTL";100;3;2;158;376;1.26582278481013;0.797872340425532
"QHI";"HE";"3";2013;"QHI:HE:3";"QHI:HE:3:2013";"LIVE";"pf_all_xy";"GRASS";"Graminoid";"Anthoxanthum monticola";"CTL";100;1;1;158;376;0.632911392405063;0.265957446808511
"QHI";"HE";"3";2013;"QHI:HE:3";"QHI:HE:3:2013";"LIVE";"pf_all_xy";"FORB";"Forb";"XXXotherforb";"CTL";100;1;1;158;376;0.632911392405063;0.265957446808511
"QHI";"HE";"4";2013;"QHI:HE:4";"QHI:HE:4:2013";"LIVE";"pf_all_xy";"SEDGE";"Graminoid";"Eriophorum vaginatum";"CTL";100;119;54;137;232;39.4160583941606;51.2931034482759
"QHI";"HE";"4";2013;"QHI:HE:4";"QHI:HE:4:2013";"LIVE";"pf_all_xy";"MOSSU";NA;"XXXothermoss";"CTL";100;51;51;NA;NA;NA;NA
"QHI";"HE";"4";2013;"QHI:HE:4";"QHI:HE:4:2013";"LITTER";"pf_all_xy";"LITTER";NA;"XXXLITTER";"CTL";100;90;90;NA;NA;NA;NA
"QHI";"HE";"4";2013;"QHI:HE:4";"QHI:HE:4:2013";"LIVE";"pf_all_xy";"SDECI";"Shrub";"Salix reticulata";"CTL";100;7;7;137;232;5.10948905109489;3.01724137931035
"QHI";"HE";"4";2013;"QHI:HE:4";"QHI:HE:4:2013";"LIVE";"pf_all_xy";"FORB";"Forb";"Stellaria longipes";"CTL";100;3;3;137;232;2.18978102189781;1.29310344827586
"QHI";"HE";"4";2013;"QHI:HE:4";"QHI:HE:4:2013";"LIVE";"pf_all_xy";"SEDGE";"Graminoid";"XXXcarex";"CTL";100;46;31;137;232;22.6277372262774;19.8275862068966
"QHI";"HE";"4";2013;"QHI:HE:4";"QHI:HE:4:2013";"LIVE";"pf_all_xy";"SDECI";"Shrub";"Salix pulchra";"CTL";100;39;28;137;232;20.4379562043796;16.8103448275862
"QHI";"HE";"4";2013;"QHI:HE:4";"QHI:HE:4:2013";"LIVE";"pf_all_xy";"FORB";"Forb";"Polygonum bistorta";"CTL";100;1;1;137;232;0.72992700729927;0.431034482758621
"QHI";"HE";"4";2013;"QHI:HE:4";"QHI:HE:4:2013";"LIVE";"pf_all_xy";"GRASS";"Graminoid";"Arctagrostis latifolia";"CTL";100;3;2;137;232;1.45985401459854;1.29310344827586
"QHI";"HE";"4";2013;"QHI:HE:4";"QHI:HE:4:2013";"LIVE";"pf_all_xy";"LFRUT";"Lichen";"Cladonia mitis";"CTL";100;1;1;NA;NA;NA;NA
"QHI";"HE";"4";2013;"QHI:HE:4";"QHI:HE:4:2013";"LIVE";"pf_all_xy";"LFRUT";"Lichen";"XXXpeltigera";"CTL";100;1;1;NA;NA;NA;NA
"QHI";"HE";"4";2013;"QHI:HE:4";"QHI:HE:4:2013";"LIVE";"pf_all_xy";"LFRUT";"Lichen";"Thamnolia subuliformis";"CTL";100;1;1;NA;NA;NA;NA
"QHI";"HE";"4";2013;"QHI:HE:4";"QHI:HE:4:2013";"LIVE";"pf_all_xy";"SEVER";"Shrub";"Dryas integrifolia";"CTL";100;11;9;137;232;6.56934306569343;4.74137931034483
"QHI";"HE";"4";2013;"QHI:HE:4";"QHI:HE:4:2013";"LIVE";"pf_all_xy";"SDECI";"Shrub";"Salix phlebophylla";"CTL";100;2;1;137;232;0.72992700729927;0.862068965517241
"QHI";"HE";"4";2013;"QHI:HE:4";"QHI:HE:4:2013";"LIVE";"pf_all_xy";"LFRUT";"Lichen";"Nephromopsis nivalis";"CTL";100;2;2;NA;NA;NA;NA
"QHI";"HE";"4";2013;"QHI:HE:4";"QHI:HE:4:2013";"LIVE";"pf_all_xy";"GRASS";"Graminoid";"Poa arctica";"CTL";100;1;1;137;232;0.72992700729927;0.431034482758621
"QHI";"HE";"5";2013;"QHI:HE:5";"QHI:HE:5:2013";"LIVE";"pf_all_xy";"GRASS";"Graminoid";"Arctagrostis latifolia";"CTL";100;2;2;133;319;1.50375939849624;0.626959247648903
"QHI";"HE";"5";2013;"QHI:HE:5";"QHI:HE:5:2013";"LIVE";"pf_all_xy";"SDECI";"Shrub";"Salix reticulata";"CTL";100;9;7;133;319;5.26315789473684;2.82131661442006
"QHI";"HE";"5";2013;"QHI:HE:5";"QHI:HE:5:2013";"LIVE";"pf_all_xy";"MOSSU";NA;"XXXothermoss";"CTL";100;31;31;NA;NA;NA;NA
"QHI";"HE";"5";2013;"QHI:HE:5";"QHI:HE:5:2013";"LITTER";"pf_all_xy";"LITTER";NA;"XXXLITTER";"CTL";100;86;86;NA;NA;NA;NA
"QHI";"HE";"5";2013;"QHI:HE:5";"QHI:HE:5:2013";"LIVE";"pf_all_xy";"SDECI";"Shrub";"Salix pulchra";"CTL";100;48;24;133;319;18.0451127819549;15.0470219435737
"QHI";"HE";"5";2013;"QHI:HE:5";"QHI:HE:5:2013";"LIVE";"pf_all_xy";"SEVER";"Shrub";"Dryas integrifolia";"CTL";100;3;3;133;319;2.25563909774436;0.940438871473354
"QHI";"HE";"5";2013;"QHI:HE:5";"QHI:HE:5:2013";"LIVE";"pf_all_xy";"SEDGE";"Graminoid";"Eriophorum vaginatum";"CTL";100;225;77;133;319;57.8947368421053;70.5329153605016
"QHI";"HE";"5";2013;"QHI:HE:5";"QHI:HE:5:2013";"LIVE";"pf_all_xy";"SEDGE";"Graminoid";"XXXcarex";"CTL";100;19;8;133;319;6.01503759398496;5.95611285266458
"QHI";"HE";"5";2013;"QHI:HE:5";"QHI:HE:5:2013";"LIVE";"pf_all_xy";"LICHENU";"Lichen";"XXXotherlichen";"CTL";100;4;4;NA;NA;NA;NA
"QHI";"HE";"5";2013;"QHI:HE:5";"QHI:HE:5:2013";"LIVE";"pf_all_xy";"GRASS";"Graminoid";"Poa arctica";"CTL";100;1;1;133;319;0.75187969924812;0.313479623824451
"QHI";"HE";"5";2013;"QHI:HE:5";"QHI:HE:5:2013";"LIVE";"pf_all_xy";"SDECI";"Shrub";"Salix phlebophylla";"CTL";100;8;7;133;319;5.26315789473684;2.50783699059561
"QHI";"HE";"5";2013;"QHI:HE:5";"QHI:HE:5:2013";"LIVE";"pf_all_xy";"FORB";"Forb";"Cardamine bellidifolia";"CTL";100;1;1;133;319;0.75187969924812;0.313479623824451
"QHI";"HE";"5";2013;"QHI:HE:5";"QHI:HE:5:2013";"LIVE";"pf_all_xy";"FORB";"Forb";"Stellaria longipes";"CTL";100;1;1;133;319;0.75187969924812;0.313479623824451
"QHI";"HE";"5";2013;"QHI:HE:5";"QHI:HE:5:2013";"LIVE";"pf_all_xy";"FORB";"Forb";"Cardamine digitata";"CTL";100;1;1;133;319;0.75187969924812;0.313479623824451
"QHI";"HE";"5";2013;"QHI:HE:5";"QHI:HE:5:2013";"LIVE";"pf_all_xy";"FORB";"Forb";"Bistorta vivipara";"CTL";100;1;1;133;319;0.75187969924812;0.313479623824451
"QHI";"HE";"6";2013;"QHI:HE:6";"QHI:HE:6:2013";"LIVE";"pf_all_xy";"FORB";"Forb";"Micranthes nelsoniana";"CTL";100;1;1;158;344;0.632911392405063;0.290697674418605
"QHI";"HE";"6";2013;"QHI:HE:6";"QHI:HE:6:2013";"LIVE";"pf_all_xy";"MOSSU";NA;"XXXothermoss";"CTL";100;23;22;NA;NA;NA;NA
"QHI";"HE";"6";2013;"QHI:HE:6";"QHI:HE:6:2013";"LITTER";"pf_all_xy";"LITTER";NA;"XXXLITTER";"CTL";100;94;91;NA;NA;NA;NA
"QHI";"HE";"6";2013;"QHI:HE:6";"QHI:HE:6:2013";"LIVE";"pf_all_xy";"SDECI";"Shrub";"Salix pulchra";"CTL";100;46;27;158;344;17.0886075949367;13.3720930232558
"QHI";"HE";"6";2013;"QHI:HE:6";"QHI:HE:6:2013";"LIVE";"pf_all_xy";"SEDGE";"Graminoid";"Eriophorum vaginatum";"CTL";100;238;85;158;344;53.7974683544304;69.1860465116279
"QHI";"HE";"6";2013;"QHI:HE:6";"QHI:HE:6:2013";"LIVE";"pf_all_xy";"SEDGE";"Graminoid";"XXXcarex";"CTL";100;21;12;158;344;7.59493670886076;6.1046511627907
"QHI";"HE";"6";2013;"QHI:HE:6";"QHI:HE:6:2013";"LIVE";"pf_all_xy";"FORB";"Forb";"Cardamine bellidifolia";"CTL";100;3;3;158;344;1.89873417721519;0.872093023255814
"QHI";"HE";"6";2013;"QHI:HE:6";"QHI:HE:6:2013";"LIVE";"pf_all_xy";"SDECI";"Shrub";"Salix reticulata";"CTL";100;6;6;158;344;3.79746835443038;1.74418604651163
"QHI";"HE";"6";2013;"QHI:HE:6";"QHI:HE:6:2013";"LIVE";"pf_all_xy";"FORB";"Forb";"XXXotherforb";"CTL";100;2;2;158;344;1.26582278481013;0.581395348837209
"QHI";"HE";"6";2013;"QHI:HE:6";"QHI:HE:6:2013";"LIVE";"pf_all_xy";"GRASS";"Graminoid";"Arctagrostis latifolia";"CTL";100;10;9;158;344;5.69620253164557;2.90697674418605
"QHI";"HE";"6";2013;"QHI:HE:6";"QHI:HE:6:2013";"LIVE";"pf_all_xy";"LFRUT";"Lichen";"XXXpeltigera";"CTL";100;3;3;NA;NA;NA;NA
"QHI";"HE";"6";2013;"QHI:HE:6";"QHI:HE:6:2013";"LIVE";"pf_all_xy";"FORB";"Forb";"Cardamine digitata";"CTL";100;1;1;158;344;0.632911392405063;0.290697674418605
"QHI";"HE";"6";2013;"QHI:HE:6";"QHI:HE:6:2013";"LIVE";"pf_all_xy";"FORB";"Forb";"Polygonum bistorta";"CTL";100;1;1;158;344;0.632911392405063;0.290697674418605
"QHI";"HE";"6";2013;"QHI:HE:6";"QHI:HE:6:2013";"LIVE";"pf_all_xy";"FORB";"Forb";"Pedicularis capitata";"CTL";100;1;1;158;344;0.632911392405063;0.290697674418605
"QHI";"HE";"6";2013;"QHI:HE:6";"QHI:HE:6:2013";"LIVE";"pf_all_xy";"LFRUT";"Lichen";"Nephromopsis nivalis";"CTL";100;1;1;NA;NA;NA;NA
"QHI";"HE";"6";2013;"QHI:HE:6";"QHI:HE:6:2013";"LIVE";"pf_all_xy";"SDECI";"Shrub";"Salix phlebophylla";"CTL";100;10;7;158;344;4.43037974683544;2.90697674418605
"QHI";"HE";"6";2013;"QHI:HE:6";"QHI:HE:6:2013";"LIVE";"pf_all_xy";"GRASS";"Graminoid";"Poa arctica";"CTL";100;1;1;158;344;0.632911392405063;0.290697674418605
"QHI";"HE";"6";2013;"QHI:HE:6";"QHI:HE:6:2013";"LIVE";"pf_all_xy";"SEDGE";"Graminoid";"Eriophorum angustifolium";"CTL";100;2;1;158;344;0.632911392405063;0.581395348837209
"QHI";"HE";"6";2013;"QHI:HE:6";"QHI:HE:6:2013";"LIVE";"pf_all_xy";"SEVER";"Shrub";"Dryas integrifolia";"CTL";100;1;1;158;344;0.632911392405063;0.290697674418605
"QHI";"HE";"1";2014;"QHI:HE:1";"QHI:HE:1:2014";"LIVE";"pf_all_xy";"SEDGE";"Graminoid";"Eriophorum vaginatum";"CTL";100;296;89;148;400;60.1351351351351;74
"QHI";"HE";"1";2014;"QHI:HE:1";"QHI:HE:1:2014";"LIVE";"pf_all_xy";"MOSSU";NA;"XXXothermoss";"CTL";100;19;19;NA;NA;NA;NA
"QHI";"HE";"1";2014;"QHI:HE:1";"QHI:HE:1:2014";"LITTER";"pf_all_xy";"LITTER";NA;"XXXLITTER";"CTL";100;96;96;NA;NA;NA;NA
"QHI";"HE";"1";2014;"QHI:HE:1";"QHI:HE:1:2014";"LIVE";"pf_all_xy";"SDECI";"Shrub";"Salix pulchra";"CTL";100;50;20;148;400;13.5135135135135;12.5
"QHI";"HE";"1";2014;"QHI:HE:1";"QHI:HE:1:2014";"LIVE";"pf_all_xy";"FORB";"Forb";"Polygonum bistorta";"CTL";100;6;6;148;400;4.05405405405405;1.5
"QHI";"HE";"1";2014;"QHI:HE:1";"QHI:HE:1:2014";"LIVE";"pf_all_xy";"SDECI";"Shrub";"Salix reticulata";"CTL";100;9;6;148;400;4.05405405405405;2.25
"QHI";"HE";"1";2014;"QHI:HE:1";"QHI:HE:1:2014";"LIVE";"pf_all_xy";"GRASS";"Graminoid";"Arctagrostis latifolia";"CTL";100;4;3;148;400;2.02702702702703;1
"QHI";"HE";"1";2014;"QHI:HE:1";"QHI:HE:1:2014";"LIVE";"pf_all_xy";"RUSH";"Graminoid";"XXXluzula";"CTL";100;1;1;148;400;0.675675675675676;0.25
"QHI";"HE";"1";2014;"QHI:HE:1";"QHI:HE:1:2014";"LIVE";"pf_all_xy";"SDECI";"Shrub";"Salix phlebophylla";"CTL";100;13;9;148;400;6.08108108108108;3.25
"QHI";"HE";"1";2014;"QHI:HE:1";"QHI:HE:1:2014";"LIVE";"pf_all_xy";"FORB";"Forb";"Saussurea angustifolia";"CTL";100;8;5;148;400;3.37837837837838;2
"QHI";"HE";"1";2014;"QHI:HE:1";"QHI:HE:1:2014";"LIVE";"pf_all_xy";"LFRUT";"Lichen";"XXXpeltigera";"CTL";100;3;3;NA;NA;NA;NA
"QHI";"HE";"1";2014;"QHI:HE:1";"QHI:HE:1:2014";"LIVE";"pf_all_xy";"GRASS";"Graminoid";"Festuca baffinensis";"CTL";100;2;2;148;400;1.35135135135135;0.5
"QHI";"HE";"1";2014;"QHI:HE:1";"QHI:HE:1:2014";"LIVE";"pf_all_xy";"FORB";"Forb";"XXXotherforb";"CTL";100;8;4;148;400;2.7027027027027;2
"QHI";"HE";"1";2014;"QHI:HE:1";"QHI:HE:1:2014";"LIVE";"pf_all_xy";"GRASS";"Graminoid";"Poa arctica";"CTL";100;3;3;148;400;2.02702702702703;0.75
"QHI";"HE";"1";2014;"QHI:HE:1";"QHI:HE:1:2014";"LIVE";"pf_all_xy";"LFRUT";"Lichen";"Alectoria ochroleuca";"CTL";100;1;1;NA;NA;NA;NA
"QHI";"HE";"2";2014;"QHI:HE:2";"QHI:HE:2:2014";"LIVE";"pf_all_xy";"LFRUT";"Lichen";"Alectoria ochroleuca";"CTL";100;2;2;NA;NA;NA;NA
"QHI";"HE";"2";2014;"QHI:HE:2";"QHI:HE:2:2014";"LIVE";"pf_all_xy";"LFRUT";"Lichen";"XXXpeltigera";"CTL";100;9;9;NA;NA;NA;NA
"QHI";"HE";"2";2014;"QHI:HE:2";"QHI:HE:2:2014";"LIVE";"pf_all_xy";"SDECI";"Shrub";"Salix pulchra";"CTL";100;72;39;151;301;25.8278145695364;23.9202657807309
"QHI";"HE";"2";2014;"QHI:HE:2";"QHI:HE:2:2014";"LIVE";"pf_all_xy";"FORB";"Forb";"Polygonum bistorta";"CTL";100;7;7;151;301;4.63576158940397;2.32558139534884
"QHI";"HE";"2";2014;"QHI:HE:2";"QHI:HE:2:2014";"LIVE";"pf_all_xy";"FORB";"Forb";"Stellaria longipes";"CTL";100;2;2;151;301;1.32450331125828;0.664451827242525
"QHI";"HE";"2";2014;"QHI:HE:2";"QHI:HE:2:2014";"LITTER";"pf_all_xy";"LITTER";NA;"XXXLITTER";"CTL";100;89;89;NA;NA;NA;NA
"QHI";"HE";"2";2014;"QHI:HE:2";"QHI:HE:2:2014";"LIVE";"pf_all_xy";"SEDGE";"Graminoid";"Eriophorum vaginatum";"CTL";100;158;57;151;301;37.7483443708609;52.4916943521595
"QHI";"HE";"2";2014;"QHI:HE:2";"QHI:HE:2:2014";"LIVE";"pf_all_xy";"LFRUT";"Lichen";"Thamnolia subuliformis";"CTL";100;12;12;NA;NA;NA;NA
"QHI";"HE";"2";2014;"QHI:HE:2";"QHI:HE:2:2014";"LIVE";"pf_all_xy";"GRASS";"Graminoid";"Arctagrostis latifolia";"CTL";100;11;8;151;301;5.29801324503311;3.65448504983389
"QHI";"HE";"2";2014;"QHI:HE:2";"QHI:HE:2:2014";"LIVE";"pf_all_xy";"SEVER";"Shrub";"Dryas integrifolia";"CTL";100;8;5;151;301;3.3112582781457;2.6578073089701
"QHI";"HE";"2";2014;"QHI:HE:2";"QHI:HE:2:2014";"LIVE";"pf_all_xy";"FORB";"Forb";"Pedicularis capitata";"CTL";100;1;1;151;301;0.662251655629139;0.332225913621262
"QHI";"HE";"2";2014;"QHI:HE:2";"QHI:HE:2:2014";"LIVE";"pf_all_xy";"FORB";"Forb";"XXXotherforb";"CTL";100;6;4;151;301;2.64900662251656;1.99335548172757
"QHI";"HE";"2";2014;"QHI:HE:2";"QHI:HE:2:2014";"LIVE";"pf_all_xy";"MOSSU";NA;"XXXothermoss";"CTL";100;20;20;NA;NA;NA;NA
"QHI";"HE";"2";2014;"QHI:HE:2";"QHI:HE:2:2014";"LIVE";"pf_all_xy";"FORB";"Forb";"Cardamine digitata";"CTL";100;3;3;151;301;1.98675496688742;0.996677740863787
"QHI";"HE";"2";2014;"QHI:HE:2";"QHI:HE:2:2014";"LIVE";"pf_all_xy";"LFRUT";"Lichen";"Nephromopsis cucullata";"CTL";100;4;3;NA;NA;NA;NA
"QHI";"HE";"2";2014;"QHI:HE:2";"QHI:HE:2:2014";"LIVE";"pf_all_xy";"SEDGE";"Graminoid";"XXXcarex";"CTL";100;4;2;151;301;1.32450331125828;1.32890365448505
"QHI";"HE";"2";2014;"QHI:HE:2";"QHI:HE:2:2014";"LIVE";"pf_all_xy";"DUNG";NA;"XXXDUNG";"CTL";100;4;4;NA;NA;NA;NA
"QHI";"HE";"2";2014;"QHI:HE:2";"QHI:HE:2:2014";"LIVE";"pf_all_xy";"FORB";"Forb";"Astragalus umbellatus";"CTL";100;2;1;151;301;0.662251655629139;0.664451827242525
"QHI";"HE";"2";2014;"QHI:HE:2";"QHI:HE:2:2014";"LIVE";"pf_all_xy";"GRASS";"Graminoid";"Festuca baffinensis";"CTL";100;1;1;151;301;0.662251655629139;0.332225913621262
"QHI";"HE";"2";2014;"QHI:HE:2";"QHI:HE:2:2014";"LIVE";"pf_all_xy";"FORB";"Forb";"Saussurea angustifolia";"CTL";100;2;1;151;301;0.662251655629139;0.664451827242525
"QHI";"HE";"2";2014;"QHI:HE:2";"QHI:HE:2:2014";"LIVE";"pf_all_xy";"SDECI";"Shrub";"Salix phlebophylla";"CTL";100;4;3;151;301;1.98675496688742;1.32890365448505
"QHI";"HE";"2";2014;"QHI:HE:2";"QHI:HE:2:2014";"LIVE";"pf_all_xy";"LCRUS";"Lichen";"XXXcrustous";"CTL";100;3;3;NA;NA;NA;NA
"QHI";"HE";"2";2014;"QHI:HE:2";"QHI:HE:2:2014";"LIVE";"pf_all_xy";"LICHENU";"Lichen";"XXXotherlichen";"CTL";100;1;1;NA;NA;NA;NA
"QHI";"HE";"2";2014;"QHI:HE:2";"QHI:HE:2:2014";"LIVE";"pf_all_xy";"LFRUT";"Lichen";"Cladonia mitis";"CTL";100;1;1;NA;NA;NA;NA
"QHI";"HE";"2";2014;"QHI:HE:2";"QHI:HE:2:2014";"LIVE";"pf_all_xy";"SOIL";NA;"XXXbareground";"CTL";100;7;7;NA;NA;NA;NA
"QHI";"HE";"2";2014;"QHI:HE:2";"QHI:HE:2:2014";"LIVE";"pf_all_xy";"SDECI";"Shrub";"Salix reticulata";"CTL";100;17;14;151;301;9.27152317880795;5.64784053156146
"QHI";"HE";"2";2014;"QHI:HE:2";"QHI:HE:2:2014";"LIVE";"pf_all_xy";"RUSH";"Graminoid";"XXXluzula";"CTL";100;1;1;151;301;0.662251655629139;0.332225913621262
"QHI";"HE";"2";2014;"QHI:HE:2";"QHI:HE:2:2014";"LIVE";"pf_all_xy";"GRASS";"Graminoid";"Anthoxanthum monticola";"CTL";100;2;2;151;301;1.32450331125828;0.664451827242525
"QHI";"HE";"3";2014;"QHI:HE:3";"QHI:HE:3:2014";"LIVE";"pf_all_xy";"GRASS";"Graminoid";"Arctagrostis latifolia";"CTL";100;11;7;169;450;4.14201183431953;2.44444444444444
"QHI";"HE";"3";2014;"QHI:HE:3";"QHI:HE:3:2014";"LIVE";"pf_all_xy";"GRASS";"Graminoid";"Poa arctica";"CTL";100;5;4;169;450;2.36686390532544;1.11111111111111
"QHI";"HE";"3";2014;"QHI:HE:3";"QHI:HE:3:2014";"LIVE";"pf_all_xy";"SDECI";"Shrub";"Salix pulchra";"CTL";100;35;19;169;450;11.2426035502959;7.77777777777778
"QHI";"HE";"3";2014;"QHI:HE:3";"QHI:HE:3:2014";"LITTER";"pf_all_xy";"LITTER";NA;"XXXLITTER";"CTL";100;95;95;NA;NA;NA;NA
"QHI";"HE";"3";2014;"QHI:HE:3";"QHI:HE:3:2014";"LIVE";"pf_all_xy";"SEDGE";"Graminoid";"Eriophorum vaginatum";"CTL";100;328;86;169;450;50.887573964497;72.8888888888889
"QHI";"HE";"3";2014;"QHI:HE:3";"QHI:HE:3:2014";"LIVE";"pf_all_xy";"FORB";"Forb";"Pyrola grandiflora";"CTL";100;25;16;169;450;9.46745562130178;5.55555555555556
"QHI";"HE";"3";2014;"QHI:HE:3";"QHI:HE:3:2014";"LIVE";"pf_all_xy";"SEDGE";"Graminoid";"Eriophorum angustifolium";"CTL";100;19;16;169;450;9.46745562130178;4.22222222222222
"QHI";"HE";"3";2014;"QHI:HE:3";"QHI:HE:3:2014";"LIVE";"pf_all_xy";"MOSSU";NA;"XXXothermoss";"CTL";100;33;31;NA;NA;NA;NA
"QHI";"HE";"3";2014;"QHI:HE:3";"QHI:HE:3:2014";"LIVE";"pf_all_xy";"LFRUT";"Lichen";"Nephromopsis cucullata";"CTL";100;3;3;NA;NA;NA;NA
"QHI";"HE";"3";2014;"QHI:HE:3";"QHI:HE:3:2014";"LIVE";"pf_all_xy";"GRASS";"Graminoid";"Festuca baffinensis";"CTL";100;2;2;169;450;1.18343195266272;0.444444444444444
"QHI";"HE";"3";2014;"QHI:HE:3";"QHI:HE:3:2014";"LIVE";"pf_all_xy";"SDECI";"Shrub";"Salix reticulata";"CTL";100;12;10;169;450;5.91715976331361;2.66666666666667
"QHI";"HE";"3";2014;"QHI:HE:3";"QHI:HE:3:2014";"LIVE";"pf_all_xy";"LFRUT";"Lichen";"XXXpeltigera";"CTL";100;6;6;NA;NA;NA;NA
"QHI";"HE";"3";2014;"QHI:HE:3";"QHI:HE:3:2014";"LIVE";"pf_all_xy";"LFRUT";"Lichen";"Lagotis glauca";"CTL";100;1;1;NA;NA;NA;NA
"QHI";"HE";"3";2014;"QHI:HE:3";"QHI:HE:3:2014";"LIVE";"pf_all_xy";"FORB";"Forb";"Stellaria longipes";"CTL";100;4;4;169;450;2.36686390532544;0.888888888888889
"QHI";"HE";"3";2014;"QHI:HE:3";"QHI:HE:3:2014";"LIVE";"pf_all_xy";"FORB";"Forb";"Polygonum bistorta";"CTL";100;1;1;169;450;0.591715976331361;0.222222222222222
"QHI";"HE";"3";2014;"QHI:HE:3";"QHI:HE:3:2014";"LIVE";"pf_all_xy";"GRASS";"Graminoid";"Anthoxanthum monticola";"CTL";100;2;1;169;450;0.591715976331361;0.444444444444444
"QHI";"HE";"3";2014;"QHI:HE:3";"QHI:HE:3:2014";"LIVE";"pf_all_xy";"LFRUT";"Lichen";"Thamnolia subuliformis";"CTL";100;1;1;NA;NA;NA;NA
"QHI";"HE";"3";2014;"QHI:HE:3";"QHI:HE:3:2014";"LIVE";"pf_all_xy";"FORB";"Forb";"Cardamine digitata";"CTL";100;1;1;169;450;0.591715976331361;0.222222222222222
"QHI";"HE";"3";2014;"QHI:HE:3";"QHI:HE:3:2014";"LIVE";"pf_all_xy";"SDECI";"Shrub";"Salix phlebophylla";"CTL";100;2;1;169;450;0.591715976331361;0.444444444444444
"QHI";"HE";"3";2014;"QHI:HE:3";"QHI:HE:3:2014";"LIVE";"pf_all_xy";"FORB";"Forb";"XXXotherforb";"CTL";100;3;1;169;450;0.591715976331361;0.666666666666667
"QHI";"HE";"4";2014;"QHI:HE:4";"QHI:HE:4:2014";"LIVE";"pf_all_xy";"GRASS";"Graminoid";"Poa arctica";"CTL";100;6;6;183;359;3.27868852459016;1.67130919220056
"QHI";"HE";"4";2014;"QHI:HE:4";"QHI:HE:4:2014";"LIVE";"pf_all_xy";"SEDGE";"Graminoid";"Eriophorum vaginatum";"CTL";100;154;55;183;359;30.0546448087432;42.8969359331476
"QHI";"HE";"4";2014;"QHI:HE:4";"QHI:HE:4:2014";"LIVE";"pf_all_xy";"SDECI";"Shrub";"Salix pulchra";"CTL";100;78;43;183;359;23.4972677595628;21.7270194986072
"QHI";"HE";"4";2014;"QHI:HE:4";"QHI:HE:4:2014";"LIVE";"pf_all_xy";"SEDGE";"Graminoid";"XXXcarex";"CTL";100;72;37;183;359;20.2185792349727;20.0557103064067
"QHI";"HE";"4";2014;"QHI:HE:4";"QHI:HE:4:2014";"LIVE";"pf_all_xy";"MOSSU";NA;"XXXothermoss";"CTL";100;49;49;NA;NA;NA;NA
"QHI";"HE";"4";2014;"QHI:HE:4";"QHI:HE:4:2014";"LITTER";"pf_all_xy";"LITTER";NA;"XXXLITTER";"CTL";100;89;89;NA;NA;NA;NA
"QHI";"HE";"4";2014;"QHI:HE:4";"QHI:HE:4:2014";"LIVE";"pf_all_xy";"FORB";"Forb";"XXXotherforb";"CTL";100;5;5;183;359;2.73224043715847;1.39275766016713
"QHI";"HE";"4";2014;"QHI:HE:4";"QHI:HE:4:2014";"LIVE";"pf_all_xy";"GRASS";"Graminoid";"Festuca baffinensis";"CTL";100;7;6;183;359;3.27868852459016;1.94986072423398
"QHI";"HE";"4";2014;"QHI:HE:4";"QHI:HE:4:2014";"LIVE";"pf_all_xy";"LFRUT";"Lichen";"XXXpeltigera";"CTL";100;8;8;NA;NA;NA;NA
"QHI";"HE";"4";2014;"QHI:HE:4";"QHI:HE:4:2014";"LIVE";"pf_all_xy";"FORB";"Forb";"Pedicularis capitata";"CTL";100;2;2;183;359;1.09289617486339;0.557103064066852
"QHI";"HE";"4";2014;"QHI:HE:4";"QHI:HE:4:2014";"LIVE";"pf_all_xy";"RUSH";"Graminoid";"XXXluzula";"CTL";100;1;1;183;359;0.546448087431694;0.278551532033426
"QHI";"HE";"4";2014;"QHI:HE:4";"QHI:HE:4:2014";"LIVE";"pf_all_xy";"LFRUT";"Lichen";"Nephromopsis cucullata";"CTL";100;5;5;NA;NA;NA;NA
"QHI";"HE";"4";2014;"QHI:HE:4";"QHI:HE:4:2014";"LIVE";"pf_all_xy";"SDECI";"Shrub";"Salix phlebophylla";"CTL";100;1;1;183;359;0.546448087431694;0.278551532033426
"QHI";"HE";"4";2014;"QHI:HE:4";"QHI:HE:4:2014";"LIVE";"pf_all_xy";"GRASS";"Graminoid";"Arctagrostis latifolia";"CTL";100;9;7;183;359;3.82513661202186;2.50696378830084
"QHI";"HE";"4";2014;"QHI:HE:4";"QHI:HE:4:2014";"LIVE";"pf_all_xy";"SEVER";"Shrub";"Dryas integrifolia";"CTL";100;10;8;183;359;4.37158469945355;2.78551532033426
"QHI";"HE";"4";2014;"QHI:HE:4";"QHI:HE:4:2014";"LIVE";"pf_all_xy";"SDECI";"Shrub";"Salix reticulata";"CTL";100;10;9;183;359;4.91803278688525;2.78551532033426
"QHI";"HE";"4";2014;"QHI:HE:4";"QHI:HE:4:2014";"LIVE";"pf_all_xy";"FORB";"Forb";"Stellaria longipes";"CTL";100;2;2;183;359;1.09289617486339;0.557103064066852
"QHI";"HE";"4";2014;"QHI:HE:4";"QHI:HE:4:2014";"LIVE";"pf_all_xy";"LFRUT";"Lichen";"Thamnolia subuliformis";"CTL";100;1;1;NA;NA;NA;NA
"QHI";"HE";"4";2014;"QHI:HE:4";"QHI:HE:4:2014";"LIVE";"pf_all_xy";"FORB";"Forb";"Micranthes nelsoniana";"CTL";100;2;1;183;359;0.546448087431694;0.557103064066852
"QHI";"HE";"4";2014;"QHI:HE:4";"QHI:HE:4:2014";"LIVE";"pf_all_xy";"LCRUS";"Lichen";"XXXcrustous";"CTL";100;1;1;NA;NA;NA;NA
"QHI";"HE";"4";2014;"QHI:HE:4";"QHI:HE:4:2014";"LIVE";"pf_all_xy";"LICHENU";"Lichen";"XXXotherlichen";"CTL";100;1;1;NA;NA;NA;NA
"QHI";"HE";"4";2014;"QHI:HE:4";"QHI:HE:4:2014";"LIVE";"pf_all_xy";"LFRUT";"Lichen";"Alectoria ochroleuca";"CTL";100;1;1;NA;NA;NA;NA
"QHI";"HE";"4";2014;"QHI:HE:4";"QHI:HE:4:2014";"LIVE";"pf_all_xy";"LFRUT";"Lichen";"Cetraria islandica";"CTL";100;1;1;NA;NA;NA;NA
"QHI";"HE";"5";2014;"QHI:HE:5";"QHI:HE:5:2014";"LIVE";"pf_all_xy";"FORB";"Forb";"Cardamine digitata";"CTL";100;1;1;131;275;0.763358778625954;0.363636363636364
"QHI";"HE";"5";2014;"QHI:HE:5";"QHI:HE:5:2014";"LIVE";"pf_all_xy";"GRASS";"Graminoid";"Festuca baffinensis";"CTL";100;7;5;131;275;3.81679389312977;2.54545454545455
"QHI";"HE";"5";2014;"QHI:HE:5";"QHI:HE:5:2014";"LIVE";"pf_all_xy";"SDECI";"Shrub";"Salix pulchra";"CTL";100;46;22;131;275;16.793893129771;16.7272727272727
"QHI";"HE";"5";2014;"QHI:HE:5";"QHI:HE:5:2014";"LITTER";"pf_all_xy";"LITTER";NA;"XXXLITTER";"CTL";100;74;74;NA;NA;NA;NA
"QHI";"HE";"5";2014;"QHI:HE:5";"QHI:HE:5:2014";"LIVE";"pf_all_xy";"SEDGE";"Graminoid";"Eriophorum vaginatum";"CTL";100;166;65;131;275;49.618320610687;60.3636363636364
"QHI";"HE";"5";2014;"QHI:HE:5";"QHI:HE:5:2014";"LIVE";"pf_all_xy";"LFRUT";"Lichen";"XXXpeltigera";"CTL";100;6;6;NA;NA;NA;NA
"QHI";"HE";"5";2014;"QHI:HE:5";"QHI:HE:5:2014";"LIVE";"pf_all_xy";"GRASS";"Graminoid";"Poa arctica";"CTL";100;1;1;131;275;0.763358778625954;0.363636363636364
"QHI";"HE";"5";2014;"QHI:HE:5";"QHI:HE:5:2014";"LIVE";"pf_all_xy";"SDECI";"Shrub";"Salix reticulata";"CTL";100;3;3;131;275;2.29007633587786;1.09090909090909
"QHI";"HE";"5";2014;"QHI:HE:5";"QHI:HE:5:2014";"LIVE";"pf_all_xy";"SEDGE";"Graminoid";"XXXcarex";"CTL";100;15;9;131;275;6.87022900763359;5.45454545454545
"QHI";"HE";"5";2014;"QHI:HE:5";"QHI:HE:5:2014";"LIVE";"pf_all_xy";"FORB";"Forb";"XXXotherforb";"CTL";100;2;2;131;275;1.52671755725191;0.727272727272727
"QHI";"HE";"5";2014;"QHI:HE:5";"QHI:HE:5:2014";"LIVE";"pf_all_xy";"MOSSU";NA;"XXXothermoss";"CTL";100;29;29;NA;NA;NA;NA
"QHI";"HE";"5";2014;"QHI:HE:5";"QHI:HE:5:2014";"LIVE";"pf_all_xy";"GRASS";"Graminoid";"Anthoxanthum monticola";"CTL";100;2;1;131;275;0.763358778625954;0.727272727272727
"QHI";"HE";"5";2014;"QHI:HE:5";"QHI:HE:5:2014";"LIVE";"pf_all_xy";"SDECI";"Shrub";"Salix phlebophylla";"CTL";100;9;6;131;275;4.58015267175572;3.27272727272727
"QHI";"HE";"5";2014;"QHI:HE:5";"QHI:HE:5:2014";"LIVE";"pf_all_xy";"GRASS";"Graminoid";"Arctagrostis latifolia";"CTL";100;11;8;131;275;6.10687022900763;4
"QHI";"HE";"5";2014;"QHI:HE:5";"QHI:HE:5:2014";"LIVE";"pf_all_xy";"SEVER";"Shrub";"Dryas integrifolia";"CTL";100;5;3;131;275;2.29007633587786;1.81818181818182
"QHI";"HE";"5";2014;"QHI:HE:5";"QHI:HE:5:2014";"LIVE";"pf_all_xy";"LFRUT";"Lichen";"Nephromopsis cucullata";"CTL";100;2;2;NA;NA;NA;NA
"QHI";"HE";"5";2014;"QHI:HE:5";"QHI:HE:5:2014";"LIVE";"pf_all_xy";"FORB";"Forb";"Stellaria longipes";"CTL";100;2;2;131;275;1.52671755725191;0.727272727272727
"QHI";"HE";"5";2014;"QHI:HE:5";"QHI:HE:5:2014";"LIVE";"pf_all_xy";"RUSH";"Graminoid";"XXXluzula";"CTL";100;2;1;131;275;0.763358778625954;0.727272727272727
"QHI";"HE";"5";2014;"QHI:HE:5";"QHI:HE:5:2014";"LIVE";"pf_all_xy";"FORB";"Forb";"Polygonum bistorta";"CTL";100;1;1;131;275;0.763358778625954;0.363636363636364
"QHI";"HE";"5";2014;"QHI:HE:5";"QHI:HE:5:2014";"LIVE";"pf_all_xy";"FORB";"Forb";"Micranthes nelsoniana";"CTL";100;2;1;131;275;0.763358778625954;0.727272727272727
"QHI";"HE";"6";2014;"QHI:HE:6";"QHI:HE:6:2014";"LIVE";"pf_all_xy";"SEDGE";"Graminoid";"Eriophorum vaginatum";"CTL";100;170;69;171;319;40.3508771929825;53.2915360501567
"QHI";"HE";"6";2014;"QHI:HE:6";"QHI:HE:6:2014";"LIVE";"pf_all_xy";"MOSSU";NA;"XXXothermoss";"CTL";100;59;59;NA;NA;NA;NA
"QHI";"HE";"6";2014;"QHI:HE:6";"QHI:HE:6:2014";"LITTER";"pf_all_xy";"LITTER";NA;"XXXLITTER";"CTL";100;69;68;NA;NA;NA;NA
"QHI";"HE";"6";2014;"QHI:HE:6";"QHI:HE:6:2014";"LIVE";"pf_all_xy";"SDECI";"Shrub";"Salix pulchra";"CTL";100;81;47;171;319;27.4853801169591;25.3918495297806
"QHI";"HE";"6";2014;"QHI:HE:6";"QHI:HE:6:2014";"LIVE";"pf_all_xy";"SEDGE";"Graminoid";"XXXcarex";"CTL";100;30;21;171;319;12.280701754386;9.40438871473354
"QHI";"HE";"6";2014;"QHI:HE:6";"QHI:HE:6:2014";"LIVE";"pf_all_xy";"GRASS";"Graminoid";"Arctagrostis latifolia";"CTL";100;12;9;171;319;5.26315789473684;3.76175548589342
"QHI";"HE";"6";2014;"QHI:HE:6";"QHI:HE:6:2014";"LIVE";"pf_all_xy";"FORB";"Forb";"Bistorta vivipara";"CTL";100;1;1;171;319;0.584795321637427;0.313479623824451
"QHI";"HE";"6";2014;"QHI:HE:6";"QHI:HE:6:2014";"LIVE";"pf_all_xy";"LFRUT";"Lichen";"XXXpeltigera";"CTL";100;6;6;NA;NA;NA;NA
"QHI";"HE";"6";2014;"QHI:HE:6";"QHI:HE:6:2014";"LIVE";"pf_all_xy";"WATER";NA;"XXXstandingwater";"CTL";100;3;3;NA;NA;NA;NA
"QHI";"HE";"6";2014;"QHI:HE:6";"QHI:HE:6:2014";"LIVE";"pf_all_xy";"GRASS";"Graminoid";"Festuca baffinensis";"CTL";100;7;7;171;319;4.09356725146199;2.19435736677116
"QHI";"HE";"6";2014;"QHI:HE:6";"QHI:HE:6:2014";"LIVE";"pf_all_xy";"LFRUT";"Lichen";"Cetraria islandica";"CTL";100;1;1;NA;NA;NA;NA
"QHI";"HE";"6";2014;"QHI:HE:6";"QHI:HE:6:2014";"LIVE";"pf_all_xy";"GRASS";"Graminoid";"Poa arctica";"CTL";100;4;4;171;319;2.33918128654971;1.25391849529781
"QHI";"HE";"6";2014;"QHI:HE:6";"QHI:HE:6:2014";"LIVE";"pf_all_xy";"FORB";"Forb";"Cardamine digitata";"CTL";100;5;4;171;319;2.33918128654971;1.56739811912226
"QHI";"HE";"6";2014;"QHI:HE:6";"QHI:HE:6:2014";"LIVE";"pf_all_xy";"FORB";"Forb";"XXXotherforb";"CTL";100;2;2;171;319;1.16959064327485;0.626959247648903
"QHI";"HE";"6";2014;"QHI:HE:6";"QHI:HE:6:2014";"LIVE";"pf_all_xy";"FORB";"Forb";"Pedicularis capitata";"CTL";100;1;1;171;319;0.584795321637427;0.313479623824451
"QHI";"HE";"6";2014;"QHI:HE:6";"QHI:HE:6:2014";"LIVE";"pf_all_xy";"SDECI";"Shrub";"Salix phlebophylla";"CTL";100;2;2;171;319;1.16959064327485;0.626959247648903
"QHI";"HE";"6";2014;"QHI:HE:6";"QHI:HE:6:2014";"LIVE";"pf_all_xy";"FORB";"Forb";"Stellaria longipes";"CTL";100;1;1;171;319;0.584795321637427;0.313479623824451
"QHI";"HE";"6";2014;"QHI:HE:6";"QHI:HE:6:2014";"LIVE";"pf_all_xy";"SDECI";"Shrub";"Salix reticulata";"CTL";100;1;1;171;319;0.584795321637427;0.313479623824451
"QHI";"HE";"6";2014;"QHI:HE:6";"QHI:HE:6:2014";"LIVE";"pf_all_xy";"FORB";"Forb";"Pedicularis sudetica";"CTL";100;2;2;171;319;1.16959064327485;0.626959247648903
"QHI";"HE";"1";2015;"QHI:HE:1";"QHI:HE:1:2015";"LIVE";"pf_all_xy";"SEDGE";"Graminoid";"Eriophorum vaginatum";"CTL";100;316;91;151;419;60.2649006622517;75.417661097852
"QHI";"HE";"1";2015;"QHI:HE:1";"QHI:HE:1:2015";"LITTER";"pf_all_xy";"LITTER";NA;"XXXLITTER";"CTL";100;98;98;NA;NA;NA;NA
"QHI";"HE";"1";2015;"QHI:HE:1";"QHI:HE:1:2015";"LIVE";"pf_all_xy";"SEVER";"Shrub";"Dryas integrifolia";"CTL";100;1;1;151;419;0.662251655629139;0.238663484486874
"QHI";"HE";"1";2015;"QHI:HE:1";"QHI:HE:1:2015";"LIVE";"pf_all_xy";"MOSSU";NA;"XXXothermoss";"CTL";100;21;21;NA;NA;NA;NA
"QHI";"HE";"1";2015;"QHI:HE:1";"QHI:HE:1:2015";"LIVE";"pf_all_xy";"GRASS";"Graminoid";"Arctagrostis latifolia";"CTL";100;7;6;151;419;3.97350993377483;1.67064439140811
"QHI";"HE";"1";2015;"QHI:HE:1";"QHI:HE:1:2015";"LIVE";"pf_all_xy";"SDECI";"Shrub";"Salix phlebophylla";"CTL";100;14;9;151;419;5.96026490066225;3.34128878281623
"QHI";"HE";"1";2015;"QHI:HE:1";"QHI:HE:1:2015";"LIVE";"pf_all_xy";"FORB";"Forb";"Polygonum bistorta";"CTL";100;5;4;151;419;2.64900662251656;1.19331742243437
"QHI";"HE";"1";2015;"QHI:HE:1";"QHI:HE:1:2015";"LIVE";"pf_all_xy";"SDECI";"Shrub";"Salix reticulata";"CTL";100;6;5;151;419;3.3112582781457;1.43198090692124
"QHI";"HE";"1";2015;"QHI:HE:1";"QHI:HE:1:2015";"LIVE";"pf_all_xy";"SDECI";"Shrub";"Salix pulchra";"CTL";100;52;24;151;419;15.8940397350993;12.4105011933174
"QHI";"HE";"1";2015;"QHI:HE:1";"QHI:HE:1:2015";"LIVE";"pf_all_xy";"FORB";"Forb";"Saussurea angustifolia";"CTL";100;3;3;151;419;1.98675496688742;0.715990453460621
"QHI";"HE";"1";2015;"QHI:HE:1";"QHI:HE:1:2015";"LIVE";"pf_all_xy";"LFRUT";"Lichen";"XXXpeltigera";"CTL";100;2;2;NA;NA;NA;NA
"QHI";"HE";"1";2015;"QHI:HE:1";"QHI:HE:1:2015";"LIVE";"pf_all_xy";"LFRUT";"Lichen";"Nephromopsis cucullata";"CTL";100;1;1;NA;NA;NA;NA
"QHI";"HE";"1";2015;"QHI:HE:1";"QHI:HE:1:2015";"LIVE";"pf_all_xy";"FORB";"Forb";"Pedicularis capitata";"CTL";100;4;2;151;419;1.32450331125828;0.954653937947494
"QHI";"HE";"1";2015;"QHI:HE:1";"QHI:HE:1:2015";"LIVE";"pf_all_xy";"SEDGE";"Graminoid";"Carex myosuroides";"CTL";100;1;1;151;419;0.662251655629139;0.238663484486874
"QHI";"HE";"1";2015;"QHI:HE:1";"QHI:HE:1:2015";"LIVE";"pf_all_xy";"FORB";"Forb";"Tephroseris integrifolia";"CTL";100;4;2;151;419;1.32450331125828;0.954653937947494
"QHI";"HE";"1";2015;"QHI:HE:1";"QHI:HE:1:2015";"LIVE";"pf_all_xy";"FORB";"Forb";"Stellaria longipes";"CTL";100;2;1;151;419;0.662251655629139;0.477326968973747
"QHI";"HE";"1";2015;"QHI:HE:1";"QHI:HE:1:2015";"LIVE";"pf_all_xy";"GRASS";"Graminoid";"Poa arctica";"CTL";100;4;2;151;419;1.32450331125828;0.954653937947494
"QHI";"HE";"2";2015;"QHI:HE:2";"QHI:HE:2:2015";"LIVE";"pf_all_xy";"RUSH";"Graminoid";"Luzula nivalis";"CTL";100;6;2;149;335;1.34228187919463;1.7910447761194
"QHI";"HE";"2";2015;"QHI:HE:2";"QHI:HE:2:2015";"LIVE";"pf_all_xy";"FORB";"Forb";"Pedicularis capitata";"CTL";100;4;3;149;335;2.01342281879195;1.19402985074627
"QHI";"HE";"2";2015;"QHI:HE:2";"QHI:HE:2:2015";"LIVE";"pf_all_xy";"SDECI";"Shrub";"Salix pulchra";"CTL";100;62;33;149;335;22.1476510067114;18.5074626865672
"QHI";"HE";"2";2015;"QHI:HE:2";"QHI:HE:2:2015";"LIVE";"pf_all_xy";"LFRUT";"Lichen";"Thamnolia subuliformis";"CTL";100;3;3;NA;NA;NA;NA
"QHI";"HE";"2";2015;"QHI:HE:2";"QHI:HE:2:2015";"LIVE";"pf_all_xy";"MOSSU";NA;"XXXothermoss";"CTL";100;36;36;NA;NA;NA;NA
"QHI";"HE";"2";2015;"QHI:HE:2";"QHI:HE:2:2015";"LIVE";"pf_all_xy";"LFRUT";"Lichen";"XXXpeltigera";"CTL";100;8;8;NA;NA;NA;NA
"QHI";"HE";"2";2015;"QHI:HE:2";"QHI:HE:2:2015";"LITTER";"pf_all_xy";"LITTER";NA;"XXXLITTER";"CTL";100;93;93;NA;NA;NA;NA
"QHI";"HE";"2";2015;"QHI:HE:2";"QHI:HE:2:2015";"LIVE";"pf_all_xy";"SEDGE";"Graminoid";"Eriophorum vaginatum";"CTL";100;190;61;149;335;40.9395973154362;56.7164179104478
"QHI";"HE";"2";2015;"QHI:HE:2";"QHI:HE:2:2015";"LIVE";"pf_all_xy";"SEVER";"Shrub";"Dryas integrifolia";"CTL";100;10;5;149;335;3.35570469798658;2.98507462686567
"QHI";"HE";"2";2015;"QHI:HE:2";"QHI:HE:2:2015";"LIVE";"pf_all_xy";"DUNG";NA;"XXXDUNG";"CTL";100;3;3;NA;NA;NA;NA
"QHI";"HE";"2";2015;"QHI:HE:2";"QHI:HE:2:2015";"LIVE";"pf_all_xy";"FORB";"Forb";"Bistorta vivipara";"CTL";100;4;4;149;335;2.68456375838926;1.19402985074627
"QHI";"HE";"2";2015;"QHI:HE:2";"QHI:HE:2:2015";"LIVE";"pf_all_xy";"SOIL";NA;"XXXbareground";"CTL";100;9;9;NA;NA;NA;NA
"QHI";"HE";"2";2015;"QHI:HE:2";"QHI:HE:2:2015";"LIVE";"pf_all_xy";"FORB";"Forb";"Saussurea angustifolia";"CTL";100;4;2;149;335;1.34228187919463;1.19402985074627
"QHI";"HE";"2";2015;"QHI:HE:2";"QHI:HE:2:2015";"LIVE";"pf_all_xy";"GRASS";"Graminoid";"Arctagrostis latifolia";"CTL";100;17;11;149;335;7.38255033557047;5.07462686567164
"QHI";"HE";"2";2015;"QHI:HE:2";"QHI:HE:2:2015";"LIVE";"pf_all_xy";"SDECI";"Shrub";"Salix reticulata";"CTL";100;19;14;149;335;9.39597315436242;5.67164179104478
"QHI";"HE";"2";2015;"QHI:HE:2";"QHI:HE:2:2015";"LIVE";"pf_all_xy";"FORB";"Forb";"Polygonum bistorta";"CTL";100;4;4;149;335;2.68456375838926;1.19402985074627
"QHI";"HE";"2";2015;"QHI:HE:2";"QHI:HE:2:2015";"LIVE";"pf_all_xy";"LFRUT";"Lichen";"Cetraria islandica";"CTL";100;1;1;NA;NA;NA;NA
"QHI";"HE";"2";2015;"QHI:HE:2";"QHI:HE:2:2015";"LIVE";"pf_all_xy";"FORB";"Forb";"Stellaria longipes";"CTL";100;3;1;149;335;0.671140939597315;0.895522388059702
"QHI";"HE";"2";2015;"QHI:HE:2";"QHI:HE:2:2015";"LIVE";"pf_all_xy";"LFRUT";"Lichen";"Nephromopsis cucullata";"CTL";100;4;4;NA;NA;NA;NA
"QHI";"HE";"2";2015;"QHI:HE:2";"QHI:HE:2:2015";"LIVE";"pf_all_xy";"FORB";"Forb";"Pedicularis verticillata";"CTL";100;1;1;149;335;0.671140939597315;0.298507462686567
"QHI";"HE";"2";2015;"QHI:HE:2";"QHI:HE:2:2015";"LIVE";"pf_all_xy";"SDECI";"Shrub";"Salix phlebophylla";"CTL";100;4;2;149;335;1.34228187919463;1.19402985074627
"QHI";"HE";"2";2015;"QHI:HE:2";"QHI:HE:2:2015";"LIVE";"pf_all_xy";"FORB";"Forb";"XXXotherforb";"CTL";100;1;1;149;335;0.671140939597315;0.298507462686567
"QHI";"HE";"2";2015;"QHI:HE:2";"QHI:HE:2:2015";"LIVE";"pf_all_xy";"LICHENU";"Lichen";"XXXotherlichen";"CTL";100;1;1;NA;NA;NA;NA
"QHI";"HE";"2";2015;"QHI:HE:2";"QHI:HE:2:2015";"LIVE";"pf_all_xy";"SEDGE";"Graminoid";"Carex borealipolaris";"CTL";100;3;2;149;335;1.34228187919463;0.895522388059702
"QHI";"HE";"2";2015;"QHI:HE:2";"QHI:HE:2:2015";"LIVE";"pf_all_xy";"SEDGE";"Graminoid";"Carex myosuroides";"CTL";100;2;2;149;335;1.34228187919463;0.597014925373134
"QHI";"HE";"2";2015;"QHI:HE:2";"QHI:HE:2:2015";"LIVE";"pf_all_xy";"FORB";"Forb";"Tephroseris integrifolia";"CTL";100;1;1;149;335;0.671140939597315;0.298507462686567
"QHI";"HE";"3";2015;"QHI:HE:3";"QHI:HE:3:2015";"LIVE";"pf_all_xy";"GRASS";"Graminoid";"Arctagrostis latifolia";"CTL";100;5;5;159;472;3.14465408805031;1.0593220338983
"QHI";"HE";"3";2015;"QHI:HE:3";"QHI:HE:3:2015";"LIVE";"pf_all_xy";"SDECI";"Shrub";"Salix pulchra";"CTL";100;40;18;159;472;11.3207547169811;8.47457627118644
"QHI";"HE";"3";2015;"QHI:HE:3";"QHI:HE:3:2015";"LIVE";"pf_all_xy";"MOSSU";NA;"XXXothermoss";"CTL";100;40;40;NA;NA;NA;NA
"QHI";"HE";"3";2015;"QHI:HE:3";"QHI:HE:3:2015";"LITTER";"pf_all_xy";"LITTER";NA;"XXXLITTER";"CTL";100;99;99;NA;NA;NA;NA
"QHI";"HE";"3";2015;"QHI:HE:3";"QHI:HE:3:2015";"LIVE";"pf_all_xy";"FORB";"Forb";"Pyrola grandiflora";"CTL";100;18;12;159;472;7.54716981132075;3.8135593220339
"QHI";"HE";"3";2015;"QHI:HE:3";"QHI:HE:3:2015";"LIVE";"pf_all_xy";"SEDGE";"Graminoid";"Eriophorum vaginatum";"CTL";100;363;86;159;472;54.0880503144654;76.9067796610169
"QHI";"HE";"3";2015;"QHI:HE:3";"QHI:HE:3:2015";"LIVE";"pf_all_xy";"RUSH";"Graminoid";"Luzula nivalis";"CTL";100;23;18;159;472;11.3207547169811;4.8728813559322
"QHI";"HE";"3";2015;"QHI:HE:3";"QHI:HE:3:2015";"LIVE";"pf_all_xy";"GRASS";"Graminoid";"Poa arctica";"CTL";100;8;6;159;472;3.77358490566038;1.69491525423729
"QHI";"HE";"3";2015;"QHI:HE:3";"QHI:HE:3:2015";"LIVE";"pf_all_xy";"SDECI";"Shrub";"Salix reticulata";"CTL";100;6;5;159;472;3.14465408805031;1.27118644067797
"QHI";"HE";"3";2015;"QHI:HE:3";"QHI:HE:3:2015";"LIVE";"pf_all_xy";"FORB";"Forb";"Polygonum bistorta";"CTL";100;2;2;159;472;1.25786163522013;0.423728813559322
"QHI";"HE";"3";2015;"QHI:HE:3";"QHI:HE:3:2015";"LIVE";"pf_all_xy";"DUNG";NA;"XXXDUNG";"CTL";100;1;1;NA;NA;NA;NA
"QHI";"HE";"3";2015;"QHI:HE:3";"QHI:HE:3:2015";"LIVE";"pf_all_xy";"LFRUT";"Lichen";"XXXpeltigera";"CTL";100;3;3;NA;NA;NA;NA
"QHI";"HE";"3";2015;"QHI:HE:3";"QHI:HE:3:2015";"LIVE";"pf_all_xy";"FORB";"Forb";"Stellaria longipes";"CTL";100;2;2;159;472;1.25786163522013;0.423728813559322
"QHI";"HE";"3";2015;"QHI:HE:3";"QHI:HE:3:2015";"LIVE";"pf_all_xy";"GRASS";"Graminoid";"Festuca baffinensis";"CTL";100;4;4;159;472;2.51572327044025;0.847457627118644
"QHI";"HE";"3";2015;"QHI:HE:3";"QHI:HE:3:2015";"LIVE";"pf_all_xy";"LFRUT";"Lichen";"Alectoria ochroleuca";"CTL";100;1;1;NA;NA;NA;NA
"QHI";"HE";"3";2015;"QHI:HE:3";"QHI:HE:3:2015";"LIVE";"pf_all_xy";"FORB";"Forb";"Pedicularis capitata";"CTL";100;1;1;159;472;0.628930817610063;0.211864406779661
"QHI";"HE";"4";2015;"QHI:HE:4";"QHI:HE:4:2015";"LIVE";"pf_all_xy";"SEDGE";"Graminoid";"Eriophorum vaginatum";"CTL";100;133;55;154;264;35.7142857142857;50.3787878787879
"QHI";"HE";"4";2015;"QHI:HE:4";"QHI:HE:4:2015";"LIVE";"pf_all_xy";"SDECI";"Shrub";"Salix pulchra";"CTL";100;53;35;154;264;22.7272727272727;20.0757575757576
"QHI";"HE";"4";2015;"QHI:HE:4";"QHI:HE:4:2015";"LIVE";"pf_all_xy";"SEDGE";"Graminoid";"XXXcarex";"CTL";100;31;20;154;264;12.987012987013;11.7424242424242
"QHI";"HE";"4";2015;"QHI:HE:4";"QHI:HE:4:2015";"LIVE";"pf_all_xy";"MOSSU";NA;"XXXothermoss";"CTL";100;53;53;NA;NA;NA;NA
"QHI";"HE";"4";2015;"QHI:HE:4";"QHI:HE:4:2015";"LITTER";"pf_all_xy";"LITTER";NA;"XXXLITTER";"CTL";100;96;96;NA;NA;NA;NA
"QHI";"HE";"4";2015;"QHI:HE:4";"QHI:HE:4:2015";"LIVE";"pf_all_xy";"FORB";"Forb";"Tephroseris integrifolia";"CTL";100;2;2;154;264;1.2987012987013;0.757575757575758
"QHI";"HE";"4";2015;"QHI:HE:4";"QHI:HE:4:2015";"LIVE";"pf_all_xy";"LIVERU";"Lichen";"XXXliverwort";"CTL";100;1;1;NA;NA;NA;NA
"QHI";"HE";"4";2015;"QHI:HE:4";"QHI:HE:4:2015";"LIVE";"pf_all_xy";"LFRUT";"Lichen";"XXXpeltigera";"CTL";100;6;6;NA;NA;NA;NA
"QHI";"HE";"4";2015;"QHI:HE:4";"QHI:HE:4:2015";"LIVE";"pf_all_xy";"GRASS";"Graminoid";"Arctagrostis latifolia";"CTL";100;3;3;154;264;1.94805194805195;1.13636363636364
"QHI";"HE";"4";2015;"QHI:HE:4";"QHI:HE:4:2015";"LIVE";"pf_all_xy";"GRASS";"Graminoid";"Poa arctica";"CTL";100;13;13;154;264;8.44155844155844;4.92424242424242
"QHI";"HE";"4";2015;"QHI:HE:4";"QHI:HE:4:2015";"LIVE";"pf_all_xy";"LFRUT";"Lichen";"Nephromopsis cucullata";"CTL";100;2;2;NA;NA;NA;NA
"QHI";"HE";"4";2015;"QHI:HE:4";"QHI:HE:4:2015";"LIVE";"pf_all_xy";"GRASS";"Graminoid";"Festuca baffinensis";"CTL";100;1;1;154;264;0.649350649350649;0.378787878787879
"QHI";"HE";"4";2015;"QHI:HE:4";"QHI:HE:4:2015";"LIVE";"pf_all_xy";"FORB";"Forb";"Astragalus umbellatus";"CTL";100;2;1;154;264;0.649350649350649;0.757575757575758
"QHI";"HE";"4";2015;"QHI:HE:4";"QHI:HE:4:2015";"LIVE";"pf_all_xy";"FORB";"Forb";"Polygonum bistorta";"CTL";100;3;3;154;264;1.94805194805195;1.13636363636364
"QHI";"HE";"4";2015;"QHI:HE:4";"QHI:HE:4:2015";"LIVE";"pf_all_xy";"SDECI";"Shrub";"Salix reticulata";"CTL";100;10;9;154;264;5.84415584415584;3.78787878787879
"QHI";"HE";"4";2015;"QHI:HE:4";"QHI:HE:4:2015";"LIVE";"pf_all_xy";"SEVER";"Shrub";"Dryas integrifolia";"CTL";100;9;8;154;264;5.19480519480519;3.40909090909091
"QHI";"HE";"4";2015;"QHI:HE:4";"QHI:HE:4:2015";"LIVE";"pf_all_xy";"SDECI";"Shrub";"Salix phlebophylla";"CTL";100;2;2;154;264;1.2987012987013;0.757575757575758
"QHI";"HE";"4";2015;"QHI:HE:4";"QHI:HE:4:2015";"LIVE";"pf_all_xy";"FORB";"Forb";"Stellaria longipes";"CTL";100;2;2;154;264;1.2987012987013;0.757575757575758
"QHI";"HE";"4";2015;"QHI:HE:4";"QHI:HE:4:2015";"LIVE";"pf_all_xy";"LFRUT";"Lichen";"Alectoria ochroleuca";"CTL";100;3;3;NA;NA;NA;NA
"QHI";"HE";"4";2015;"QHI:HE:4";"QHI:HE:4:2015";"LIVE";"pf_all_xy";"LICHENU";"Lichen";"XXXotherlichen";"CTL";100;1;1;NA;NA;NA;NA
"QHI";"HE";"5";2015;"QHI:HE:5";"QHI:HE:5:2015";"LITTER";"pf_all_xy";"LITTER";NA;"XXXLITTER";"CTL";100;92;92;NA;NA;NA;NA
"QHI";"HE";"5";2015;"QHI:HE:5";"QHI:HE:5:2015";"LIVE";"pf_all_xy";"SDECI";"Shrub";"Salix pulchra";"CTL";100;57;30;172;349;17.4418604651163;16.3323782234957
"QHI";"HE";"5";2015;"QHI:HE:5";"QHI:HE:5:2015";"LIVE";"pf_all_xy";"GRASS";"Graminoid";"Arctagrostis latifolia";"CTL";100;10;8;172;349;4.65116279069767;2.86532951289398
"QHI";"HE";"5";2015;"QHI:HE:5";"QHI:HE:5:2015";"LIVE";"pf_all_xy";"SEDGE";"Graminoid";"Eriophorum vaginatum";"CTL";100;208;80;172;349;46.5116279069767;59.5988538681948
"QHI";"HE";"5";2015;"QHI:HE:5";"QHI:HE:5:2015";"LIVE";"pf_all_xy";"GRASS";"Graminoid";"Festuca baffinensis";"CTL";100;2;2;172;349;1.16279069767442;0.573065902578797
"QHI";"HE";"5";2015;"QHI:HE:5";"QHI:HE:5:2015";"LIVE";"pf_all_xy";"GRASS";"Graminoid";"Poa arctica";"CTL";100;11;8;172;349;4.65116279069767;3.15186246418338
"QHI";"HE";"5";2015;"QHI:HE:5";"QHI:HE:5:2015";"LIVE";"pf_all_xy";"SEDGE";"Graminoid";"XXXcarex";"CTL";100;29;18;172;349;10.4651162790698;8.30945558739255
"QHI";"HE";"5";2015;"QHI:HE:5";"QHI:HE:5:2015";"LIVE";"pf_all_xy";"MOSSU";NA;"XXXothermoss";"CTL";100;31;31;NA;NA;NA;NA
"QHI";"HE";"5";2015;"QHI:HE:5";"QHI:HE:5:2015";"LIVE";"pf_all_xy";"SDECI";"Shrub";"Salix reticulata";"CTL";100;9;8;172;349;4.65116279069767;2.57879656160458
"QHI";"HE";"5";2015;"QHI:HE:5";"QHI:HE:5:2015";"LIVE";"pf_all_xy";"FORB";"Forb";"Micranthes nelsoniana";"CTL";100;1;1;172;349;0.581395348837209;0.286532951289398
"QHI";"HE";"5";2015;"QHI:HE:5";"QHI:HE:5:2015";"LIVE";"pf_all_xy";"LFRUT";"Lichen";"XXXpeltigera";"CTL";100;3;3;NA;NA;NA;NA
"QHI";"HE";"5";2015;"QHI:HE:5";"QHI:HE:5:2015";"LIVE";"pf_all_xy";"FORB";"Forb";"Stellaria longipes";"CTL";100;1;1;172;349;0.581395348837209;0.286532951289398
"QHI";"HE";"5";2015;"QHI:HE:5";"QHI:HE:5:2015";"LIVE";"pf_all_xy";"FORB";"Forb";"Polygonum bistorta";"CTL";100;3;3;172;349;1.74418604651163;0.859598853868195
"QHI";"HE";"5";2015;"QHI:HE:5";"QHI:HE:5:2015";"LIVE";"pf_all_xy";"SEVER";"Shrub";"Dryas integrifolia";"CTL";100;5;3;172;349;1.74418604651163;1.43266475644699
"QHI";"HE";"5";2015;"QHI:HE:5";"QHI:HE:5:2015";"LIVE";"pf_all_xy";"SDECI";"Shrub";"Salix phlebophylla";"CTL";100;8;5;172;349;2.90697674418605;2.29226361031519
"QHI";"HE";"5";2015;"QHI:HE:5";"QHI:HE:5:2015";"LIVE";"pf_all_xy";"FORB";"Forb";"Tephroseris integrifolia";"CTL";100;3;3;172;349;1.74418604651163;0.859598853868195
"QHI";"HE";"5";2015;"QHI:HE:5";"QHI:HE:5:2015";"LIVE";"pf_all_xy";"FORB";"Forb";"XXXotherforb";"CTL";100;1;1;172;349;0.581395348837209;0.286532951289398
"QHI";"HE";"5";2015;"QHI:HE:5";"QHI:HE:5:2015";"LIVE";"pf_all_xy";"FORB";"Forb";"Cardamine digitata";"CTL";100;1;1;172;349;0.581395348837209;0.286532951289398
"QHI";"HE";"6";2015;"QHI:HE:6";"QHI:HE:6:2015";"LIVE";"pf_all_xy";"SEDGE";"Graminoid";"Eriophorum vaginatum";"CTL";100;164;67;157;295;42.6751592356688;55.5932203389831
"QHI";"HE";"6";2015;"QHI:HE:6";"QHI:HE:6:2015";"LIVE";"pf_all_xy";"SDECI";"Shrub";"Salix pulchra";"CTL";100;56;37;157;295;23.5668789808917;18.9830508474576
"QHI";"HE";"6";2015;"QHI:HE:6";"QHI:HE:6:2015";"LIVE";"pf_all_xy";"MOSSU";NA;"XXXothermoss";"CTL";100;65;65;NA;NA;NA;NA
"QHI";"HE";"6";2015;"QHI:HE:6";"QHI:HE:6:2015";"LITTER";"pf_all_xy";"LITTER";NA;"XXXLITTER";"CTL";100;93;93;NA;NA;NA;NA
"QHI";"HE";"6";2015;"QHI:HE:6";"QHI:HE:6:2015";"LIVE";"pf_all_xy";"LIVERU";"Lichen";"XXXliverwort";"CTL";100;1;1;NA;NA;NA;NA
"QHI";"HE";"6";2015;"QHI:HE:6";"QHI:HE:6:2015";"LIVE";"pf_all_xy";"FORB";"Forb";"Pyrola grandiflora";"CTL";100;3;3;157;295;1.91082802547771;1.01694915254237
"QHI";"HE";"6";2015;"QHI:HE:6";"QHI:HE:6:2015";"LIVE";"pf_all_xy";"GRASS";"Graminoid";"Poa arctica";"CTL";100;10;8;157;295;5.09554140127389;3.38983050847458
"QHI";"HE";"6";2015;"QHI:HE:6";"QHI:HE:6:2015";"LIVE";"pf_all_xy";"SEDGE";"Graminoid";"XXXcarex";"CTL";100;33;17;157;295;10.828025477707;11.1864406779661
"QHI";"HE";"6";2015;"QHI:HE:6";"QHI:HE:6:2015";"LIVE";"pf_all_xy";"FORB";"Forb";"Bistorta vivipara";"CTL";100;5;4;157;295;2.54777070063694;1.69491525423729
"QHI";"HE";"6";2015;"QHI:HE:6";"QHI:HE:6:2015";"LIVE";"pf_all_xy";"LFRUT";"Lichen";"XXXpeltigera";"CTL";100;7;7;NA;NA;NA;NA
"QHI";"HE";"6";2015;"QHI:HE:6";"QHI:HE:6:2015";"LIVE";"pf_all_xy";"FORB";"Forb";"Tephroseris integrifolia";"CTL";100;2;2;157;295;1.27388535031847;0.677966101694915
"QHI";"HE";"6";2015;"QHI:HE:6";"QHI:HE:6:2015";"LIVE";"pf_all_xy";"FORB";"Forb";"Cardamine digitata";"CTL";100;3;3;157;295;1.91082802547771;1.01694915254237
"QHI";"HE";"6";2015;"QHI:HE:6";"QHI:HE:6:2015";"LIVE";"pf_all_xy";"GRASS";"Graminoid";"Arctagrostis latifolia";"CTL";100;12;9;157;295;5.73248407643312;4.06779661016949
"QHI";"HE";"6";2015;"QHI:HE:6";"QHI:HE:6:2015";"LIVE";"pf_all_xy";"FORB";"Forb";"Polygonum bistorta";"CTL";100;2;2;157;295;1.27388535031847;0.677966101694915
"QHI";"HE";"6";2015;"QHI:HE:6";"QHI:HE:6:2015";"LIVE";"pf_all_xy";"FORB";"Forb";"Stellaria longipes";"CTL";100;2;2;157;295;1.27388535031847;0.677966101694915
"QHI";"HE";"6";2015;"QHI:HE:6";"QHI:HE:6:2015";"LIVE";"pf_all_xy";"FORB";"Forb";"Saussurea angustifolia";"CTL";100;1;1;157;295;0.636942675159236;0.338983050847458
"QHI";"HE";"6";2015;"QHI:HE:6";"QHI:HE:6:2015";"LIVE";"pf_all_xy";"RUSH";"Graminoid";"Luzula nivalis";"CTL";100;1;1;157;295;0.636942675159236;0.338983050847458
"QHI";"HE";"6";2015;"QHI:HE:6";"QHI:HE:6:2015";"LIVE";"pf_all_xy";"FORB";"Forb";"Pedicularis lanata";"CTL";100;1;1;157;295;0.636942675159236;0.338983050847458
"QHI";"HE";"1";2016;"QHI:HE:1";"QHI:HE:1:2016";"LITTER";"pf_all_xy";"LITTER";NA;"XXXLITTER";"CTL";100;97;97;NA;NA;NA;NA
"QHI";"HE";"1";2016;"QHI:HE:1";"QHI:HE:1:2016";"LIVE";"pf_all_xy";"SEDGE";"Graminoid";"Eriophorum vaginatum";"CTL";100;336;90;216;555;41.6666666666667;60.5405405405405
"QHI";"HE";"1";2016;"QHI:HE:1";"QHI:HE:1:2016";"LIVE";"pf_all_xy";"GRASS";"Graminoid";"Poa arctica";"CTL";100;31;16;216;555;7.40740740740741;5.58558558558559
"QHI";"HE";"1";2016;"QHI:HE:1";"QHI:HE:1:2016";"LIVE";"pf_all_xy";"SDECI";"Shrub";"Salix pulchra";"CTL";100;91;43;216;555;19.9074074074074;16.3963963963964
"QHI";"HE";"1";2016;"QHI:HE:1";"QHI:HE:1:2016";"LIVE";"pf_all_xy";"SDECI";"Shrub";"Salix reticulata";"CTL";100;16;13;216;555;6.01851851851852;2.88288288288288
"QHI";"HE";"1";2016;"QHI:HE:1";"QHI:HE:1:2016";"LIVE";"pf_all_xy";"MOSSU";NA;"XXXothermoss";"CTL";100;25;25;NA;NA;NA;NA
"QHI";"HE";"1";2016;"QHI:HE:1";"QHI:HE:1:2016";"LIVE";"pf_all_xy";"GRASS";"Graminoid";"Arctagrostis latifolia";"CTL";100;25;12;216;555;5.55555555555556;4.5045045045045
"QHI";"HE";"1";2016;"QHI:HE:1";"QHI:HE:1:2016";"LIVE";"pf_all_xy";"FORB";"Forb";"Cardamine digitata";"CTL";100;2;2;216;555;0.925925925925926;0.36036036036036
"QHI";"HE";"1";2016;"QHI:HE:1";"QHI:HE:1:2016";"LIVE";"pf_all_xy";"FORB";"Forb";"Polygonum bistorta";"CTL";100;9;9;216;555;4.16666666666667;1.62162162162162
"QHI";"HE";"1";2016;"QHI:HE:1";"QHI:HE:1:2016";"LIVE";"pf_all_xy";"FORB";"Forb";"Tephroseris integrifolia";"CTL";100;1;1;216;555;0.462962962962963;0.18018018018018
"QHI";"HE";"1";2016;"QHI:HE:1";"QHI:HE:1:2016";"LIVE";"pf_all_xy";"FORB";"Forb";"Stellaria longipes";"CTL";100;8;4;216;555;1.85185185185185;1.44144144144144
"QHI";"HE";"1";2016;"QHI:HE:1";"QHI:HE:1:2016";"LIVE";"pf_all_xy";"FORB";"Forb";"Saussurea angustifolia";"CTL";100;2;2;216;555;0.925925925925926;0.36036036036036
"QHI";"HE";"1";2016;"QHI:HE:1";"QHI:HE:1:2016";"LIVE";"pf_all_xy";"SEDGE";"Graminoid";"Carex myosuroides";"CTL";100;2;2;216;555;0.925925925925926;0.36036036036036
"QHI";"HE";"1";2016;"QHI:HE:1";"QHI:HE:1:2016";"LIVE";"pf_all_xy";"FORB";"Forb";"Pedicularis capitata";"CTL";100;4;3;216;555;1.38888888888889;0.720720720720721
"QHI";"HE";"1";2016;"QHI:HE:1";"QHI:HE:1:2016";"LIVE";"pf_all_xy";"SDECI";"Shrub";"Salix phlebophylla";"CTL";100;19;13;216;555;6.01851851851852;3.42342342342342
"QHI";"HE";"1";2016;"QHI:HE:1";"QHI:HE:1:2016";"LIVE";"pf_all_xy";"SEVER";"Shrub";"Cassiope tetragona";"CTL";100;2;2;216;555;0.925925925925926;0.36036036036036
"QHI";"HE";"1";2016;"QHI:HE:1";"QHI:HE:1:2016";"LIVE";"pf_all_xy";"SEVER";"Shrub";"Dryas integrifolia";"CTL";100;3;1;216;555;0.462962962962963;0.540540540540541
"QHI";"HE";"1";2016;"QHI:HE:1";"QHI:HE:1:2016";"LIVE";"pf_all_xy";"LFRUT";"Lichen";"XXXpeltigera";"CTL";100;2;2;NA;NA;NA;NA
"QHI";"HE";"1";2016;"QHI:HE:1";"QHI:HE:1:2016";"LIVE";"pf_all_xy";"GRASS";"Graminoid";"Festuca baffinensis";"CTL";100;2;2;216;555;0.925925925925926;0.36036036036036
"QHI";"HE";"1";2016;"QHI:HE:1";"QHI:HE:1:2016";"LIVE";"pf_all_xy";"RUSH";"Graminoid";"Luzula nivalis";"CTL";100;2;1;216;555;0.462962962962963;0.36036036036036
"QHI";"HE";"1";2016;"QHI:HE:1";"QHI:HE:1:2016";"LIVE";"pf_all_xy";"LFRUT";"Lichen";"Dactylina arctica";"CTL";100;1;1;NA;NA;NA;NA
"QHI";"HE";"2";2016;"QHI:HE:2";"QHI:HE:2:2016";"LIVE";"pf_all_xy";"SEDGE";"Graminoid";"Eriophorum angustifolium";"CTL";100;7;3;177;359;1.69491525423729;1.94986072423398
"QHI";"HE";"2";2016;"QHI:HE:2";"QHI:HE:2:2016";"LIVE";"pf_all_xy";"SDECI";"Shrub";"Salix reticulata";"CTL";100;21;18;177;359;10.1694915254237;5.84958217270195
"QHI";"HE";"2";2016;"QHI:HE:2";"QHI:HE:2:2016";"LIVE";"pf_all_xy";"MOSSU";NA;"XXXothermoss";"CTL";100;31;31;NA;NA;NA;NA
"QHI";"HE";"2";2016;"QHI:HE:2";"QHI:HE:2:2016";"LITTER";"pf_all_xy";"LITTER";NA;"XXXLITTER";"CTL";100;80;80;NA;NA;NA;NA
"QHI";"HE";"2";2016;"QHI:HE:2";"QHI:HE:2:2016";"LIVE";"pf_all_xy";"GRASS";"Graminoid";"Festuca baffinensis";"CTL";100;1;1;177;359;0.564971751412429;0.278551532033426
"QHI";"HE";"2";2016;"QHI:HE:2";"QHI:HE:2:2016";"LIVE";"pf_all_xy";"FORB";"Forb";"Polygonum bistorta";"CTL";100;9;9;177;359;5.08474576271187;2.50696378830084
"QHI";"HE";"2";2016;"QHI:HE:2";"QHI:HE:2:2016";"LIVE";"pf_all_xy";"LICHENU";"Lichen";"XXXotherlichen";"CTL";100;1;1;NA;NA;NA;NA
"QHI";"HE";"2";2016;"QHI:HE:2";"QHI:HE:2:2016";"LIVE";"pf_all_xy";"SOIL";NA;"XXXbareground";"CTL";100;5;5;NA;NA;NA;NA
"QHI";"HE";"2";2016;"QHI:HE:2";"QHI:HE:2:2016";"LIVE";"pf_all_xy";"SEDGE";"Graminoid";"Carex myosuroides";"CTL";100;4;4;177;359;2.25988700564972;1.1142061281337
"QHI";"HE";"2";2016;"QHI:HE:2";"QHI:HE:2:2016";"LIVE";"pf_all_xy";"SEDGE";"Graminoid";"Eriophorum vaginatum";"CTL";100;154;49;177;359;27.683615819209;42.8969359331476
"QHI";"HE";"2";2016;"QHI:HE:2";"QHI:HE:2:2016";"LIVE";"pf_all_xy";"SDECI";"Shrub";"Salix pulchra";"CTL";100;88;42;177;359;23.728813559322;24.5125348189415
"QHI";"HE";"2";2016;"QHI:HE:2";"QHI:HE:2:2016";"LIVE";"pf_all_xy";"GRASS";"Graminoid";"Poa arctica";"CTL";100;9;6;177;359;3.38983050847458;2.50696378830084
"QHI";"HE";"2";2016;"QHI:HE:2";"QHI:HE:2:2016";"LIVE";"pf_all_xy";"GRASS";"Graminoid";"Arctagrostis latifolia";"CTL";100;20;12;177;359;6.77966101694915;5.57103064066852
"QHI";"HE";"2";2016;"QHI:HE:2";"QHI:HE:2:2016";"LIVE";"pf_all_xy";"SEVER";"Shrub";"Dryas integrifolia";"CTL";100;15;7;177;359;3.95480225988701;4.17827298050139
"QHI";"HE";"2";2016;"QHI:HE:2";"QHI:HE:2:2016";"LIVE";"pf_all_xy";"FORB";"Forb";"Saussurea angustifolia";"CTL";100;11;10;177;359;5.64971751412429;3.06406685236769
"QHI";"HE";"2";2016;"QHI:HE:2";"QHI:HE:2:2016";"LIVE";"pf_all_xy";"ROCK";NA;"XXXrock";"CTL";100;2;2;NA;NA;NA;NA
"QHI";"HE";"2";2016;"QHI:HE:2";"QHI:HE:2:2016";"LIVE";"pf_all_xy";"LFRUT";"Lichen";"XXXpeltigera";"CTL";100;3;3;NA;NA;NA;NA
"QHI";"HE";"2";2016;"QHI:HE:2";"QHI:HE:2:2016";"LIVE";"pf_all_xy";"FORB";"Forb";"Pedicularis capitata";"CTL";100;5;3;177;359;1.69491525423729;1.39275766016713
"QHI";"HE";"2";2016;"QHI:HE:2";"QHI:HE:2:2016";"LIVE";"pf_all_xy";"SDECI";"Shrub";"Salix phlebophylla";"CTL";100;2;2;177;359;1.12994350282486;0.557103064066852
"QHI";"HE";"2";2016;"QHI:HE:2";"QHI:HE:2:2016";"LIVE";"pf_all_xy";"RUSH";"Graminoid";"Luzula nivalis";"CTL";100;6;5;177;359;2.82485875706215;1.67130919220056
"QHI";"HE";"2";2016;"QHI:HE:2";"QHI:HE:2:2016";"LIVE";"pf_all_xy";"FORB";"Forb";"Stellaria longipes";"CTL";100;1;1;177;359;0.564971751412429;0.278551532033426
"QHI";"HE";"2";2016;"QHI:HE:2";"QHI:HE:2:2016";"LIVE";"pf_all_xy";"FORB";"Forb";"Bistorta vivipara";"CTL";100;2;2;177;359;1.12994350282486;0.557103064066852
"QHI";"HE";"2";2016;"QHI:HE:2";"QHI:HE:2:2016";"LIVE";"pf_all_xy";"FORB";"Forb";"Micranthes nelsoniana";"CTL";100;1;1;177;359;0.564971751412429;0.278551532033426
"QHI";"HE";"2";2016;"QHI:HE:2";"QHI:HE:2:2016";"LIVE";"pf_all_xy";"FORB";"Forb";"Cardamine digitata";"CTL";100;2;1;177;359;0.564971751412429;0.557103064066852
"QHI";"HE";"2";2016;"QHI:HE:2";"QHI:HE:2:2016";"LIVE";"pf_all_xy";"FORB";"Forb";"Astragalus umbellatus";"CTL";100;1;1;177;359;0.564971751412429;0.278551532033426
"QHI";"HE";"2";2016;"QHI:HE:2";"QHI:HE:2:2016";"LIVE";"pf_all_xy";"LFRUT";"Lichen";"Alectoria ochroleuca";"CTL";100;2;2;NA;NA;NA;NA
"QHI";"HE";"2";2016;"QHI:HE:2";"QHI:HE:2:2016";"LIVE";"pf_all_xy";"OTHER";NA;"Xxxspider";"CTL";100;1;1;NA;NA;NA;NA
"QHI";"HE";"2";2016;"QHI:HE:2";"QHI:HE:2:2016";"LIVE";"pf_all_xy";"LFRUT";"Lichen";"Cetraria islandica";"CTL";100;1;1;NA;NA;NA;NA
"QHI";"HE";"3";2016;"QHI:HE:3";"QHI:HE:3:2016";"LIVE";"pf_all_xy";"GRASS";"Graminoid";"Poa arctica";"CTL";100;16;12;172;540;6.97674418604651;2.96296296296296
"QHI";"HE";"3";2016;"QHI:HE:3";"QHI:HE:3:2016";"LIVE";"pf_all_xy";"MOSSU";NA;"XXXothermoss";"CTL";100;35;35;NA;NA;NA;NA
"QHI";"HE";"3";2016;"QHI:HE:3";"QHI:HE:3:2016";"LIVE";"pf_all_xy";"SEDGE";"Graminoid";"Eriophorum vaginatum";"CTL";100;408;78;172;540;45.3488372093023;75.5555555555556
"QHI";"HE";"3";2016;"QHI:HE:3";"QHI:HE:3:2016";"LIVE";"pf_all_xy";"SDECI";"Shrub";"Salix pulchra";"CTL";100;43;23;172;540;13.3720930232558;7.96296296296296
"QHI";"HE";"3";2016;"QHI:HE:3";"QHI:HE:3:2016";"LIVE";"pf_all_xy";"SEDGE";"Graminoid";"Eriophorum angustifolium";"CTL";100;30;22;172;540;12.7906976744186;5.55555555555556
"QHI";"HE";"3";2016;"QHI:HE:3";"QHI:HE:3:2016";"LITTER";"pf_all_xy";"LITTER";NA;"XXXLITTER";"CTL";100;79;79;NA;NA;NA;NA
"QHI";"HE";"3";2016;"QHI:HE:3";"QHI:HE:3:2016";"LIVE";"pf_all_xy";"FORB";"Forb";"Cardamine digitata";"CTL";100;1;1;172;540;0.581395348837209;0.185185185185185
"QHI";"HE";"3";2016;"QHI:HE:3";"QHI:HE:3:2016";"LIVE";"pf_all_xy";"GRASS";"Graminoid";"Festuca baffinensis";"CTL";100;3;2;172;540;1.16279069767442;0.555555555555556
"QHI";"HE";"3";2016;"QHI:HE:3";"QHI:HE:3:2016";"LIVE";"pf_all_xy";"FORB";"Forb";"Pyrola grandiflora";"CTL";100;12;12;172;540;6.97674418604651;2.22222222222222
"QHI";"HE";"3";2016;"QHI:HE:3";"QHI:HE:3:2016";"LIVE";"pf_all_xy";"LFRUT";"Lichen";"XXXpeltigera";"CTL";100;4;4;NA;NA;NA;NA
"QHI";"HE";"3";2016;"QHI:HE:3";"QHI:HE:3:2016";"LIVE";"pf_all_xy";"FORB";"Forb";"Polygonum bistorta";"CTL";100;4;4;172;540;2.32558139534884;0.740740740740741
"QHI";"HE";"3";2016;"QHI:HE:3";"QHI:HE:3:2016";"LIVE";"pf_all_xy";"GRASS";"Graminoid";"Arctagrostis latifolia";"CTL";100;10;8;172;540;4.65116279069767;1.85185185185185
"QHI";"HE";"3";2016;"QHI:HE:3";"QHI:HE:3:2016";"LIVE";"pf_all_xy";"SDECI";"Shrub";"Salix reticulata";"CTL";100;12;9;172;540;5.23255813953488;2.22222222222222
"QHI";"HE";"3";2016;"QHI:HE:3";"QHI:HE:3:2016";"LIVE";"pf_all_xy";"WATER";NA;"XXXstandingwater";"CTL";100;1;1;NA;NA;NA;NA
"QHI";"HE";"3";2016;"QHI:HE:3";"QHI:HE:3:2016";"LIVE";"pf_all_xy";"FORB";"Forb";"Pedicularis verticillata";"CTL";100;1;1;172;540;0.581395348837209;0.185185185185185
"QHI";"HE";"4";2016;"QHI:HE:4";"QHI:HE:4:2016";"LIVE";"pf_all_xy";"GRASS";"Graminoid";"Arctagrostis latifolia";"CTL";100;16;10;214;469;4.67289719626168;3.41151385927505
"QHI";"HE";"4";2016;"QHI:HE:4";"QHI:HE:4:2016";"LIVE";"pf_all_xy";"SEDGE";"Graminoid";"Eriophorum vaginatum";"CTL";100;213;62;214;469;28.9719626168224;45.4157782515991
"QHI";"HE";"4";2016;"QHI:HE:4";"QHI:HE:4:2016";"LITTER";"pf_all_xy";"LITTER";NA;"XXXLITTER";"CTL";100;66;66;NA;NA;NA;NA
"QHI";"HE";"4";2016;"QHI:HE:4";"QHI:HE:4:2016";"LIVE";"pf_all_xy";"SDECI";"Shrub";"Salix reticulata";"CTL";100;11;10;214;469;4.67289719626168;2.3454157782516
"QHI";"HE";"4";2016;"QHI:HE:4";"QHI:HE:4:2016";"LIVE";"pf_all_xy";"MOSSU";NA;"XXXothermoss";"CTL";100;48;48;NA;NA;NA;NA
"QHI";"HE";"4";2016;"QHI:HE:4";"QHI:HE:4:2016";"LIVE";"pf_all_xy";"SEDGE";"Graminoid";"XXXcarex";"CTL";100;93;44;214;469;20.5607476635514;19.8294243070362
"QHI";"HE";"4";2016;"QHI:HE:4";"QHI:HE:4:2016";"LIVE";"pf_all_xy";"SDECI";"Shrub";"Salix pulchra";"CTL";100;90;49;214;469;22.8971962616822;19.1897654584222
"QHI";"HE";"4";2016;"QHI:HE:4";"QHI:HE:4:2016";"LIVE";"pf_all_xy";"LFRUT";"Lichen";"Cetraria islandica";"CTL";100;2;2;NA;NA;NA;NA
"QHI";"HE";"4";2016;"QHI:HE:4";"QHI:HE:4:2016";"LIVE";"pf_all_xy";"GRASS";"Graminoid";"Poa arctica";"CTL";100;18;16;214;469;7.47663551401869;3.83795309168444
"QHI";"HE";"4";2016;"QHI:HE:4";"QHI:HE:4:2016";"LIVE";"pf_all_xy";"FORB";"Forb";"XXXotherforb";"CTL";100;2;2;214;469;0.934579439252336;0.426439232409382
"QHI";"HE";"4";2016;"QHI:HE:4";"QHI:HE:4:2016";"LIVE";"pf_all_xy";"LFRUT";"Lichen";"Nephromopsis cucullata";"CTL";100;3;3;NA;NA;NA;NA
"QHI";"HE";"4";2016;"QHI:HE:4";"QHI:HE:4:2016";"LIVE";"pf_all_xy";"GRASS";"Graminoid";"Festuca baffinensis";"CTL";100;4;4;214;469;1.86915887850467;0.852878464818763
"QHI";"HE";"4";2016;"QHI:HE:4";"QHI:HE:4:2016";"LIVE";"pf_all_xy";"SDECI";"Shrub";"Salix phlebophylla";"CTL";100;1;1;214;469;0.467289719626168;0.213219616204691
"QHI";"HE";"4";2016;"QHI:HE:4";"QHI:HE:4:2016";"LIVE";"pf_all_xy";"SEVER";"Shrub";"Dryas integrifolia";"CTL";100;15;10;214;469;4.67289719626168;3.19829424307036
"QHI";"HE";"4";2016;"QHI:HE:4";"QHI:HE:4:2016";"LIVE";"pf_all_xy";"FORB";"Forb";"Stellaria longipes";"CTL";100;1;1;214;469;0.467289719626168;0.213219616204691
"QHI";"HE";"4";2016;"QHI:HE:4";"QHI:HE:4:2016";"LIVE";"pf_all_xy";"LFRUT";"Lichen";"XXXpeltigera";"CTL";100;6;6;NA;NA;NA;NA
"QHI";"HE";"4";2016;"QHI:HE:4";"QHI:HE:4:2016";"LIVE";"pf_all_xy";"FORB";"Forb";"Polygonum bistorta";"CTL";100;4;4;214;469;1.86915887850467;0.852878464818763
"QHI";"HE";"4";2016;"QHI:HE:4";"QHI:HE:4:2016";"LIVE";"pf_all_xy";"FORB";"Forb";"Cardamine digitata";"CTL";100;1;1;214;469;0.467289719626168;0.213219616204691
"QHI";"HE";"5";2016;"QHI:HE:5";"QHI:HE:5:2016";"LIVE";"pf_all_xy";"SDECI";"Shrub";"Salix pulchra";"CTL";100;58;35;190;450;18.4210526315789;12.8888888888889
"QHI";"HE";"5";2016;"QHI:HE:5";"QHI:HE:5:2016";"LIVE";"pf_all_xy";"SDECI";"Shrub";"Salix reticulata";"CTL";100;14;10;190;450;5.26315789473684;3.11111111111111
"QHI";"HE";"5";2016;"QHI:HE:5";"QHI:HE:5:2016";"LIVE";"pf_all_xy";"MOSSU";NA;"XXXothermoss";"CTL";100;48;48;NA;NA;NA;NA
"QHI";"HE";"5";2016;"QHI:HE:5";"QHI:HE:5:2016";"LIVE";"pf_all_xy";"SEDGE";"Graminoid";"Eriophorum vaginatum";"CTL";100;298;82;190;450;43.1578947368421;66.2222222222222
"QHI";"HE";"5";2016;"QHI:HE:5";"QHI:HE:5:2016";"LIVE";"pf_all_xy";"FORB";"Forb";"Polygonum bistorta";"CTL";100;6;6;190;450;3.15789473684211;1.33333333333333
"QHI";"HE";"5";2016;"QHI:HE:5";"QHI:HE:5:2016";"LITTER";"pf_all_xy";"LITTER";NA;"XXXLITTER";"CTL";100;66;66;NA;NA;NA;NA
"QHI";"HE";"5";2016;"QHI:HE:5";"QHI:HE:5:2016";"LIVE";"pf_all_xy";"FORB";"Forb";"Tephroseris integrifolia";"CTL";100;3;3;190;450;1.57894736842105;0.666666666666667
"QHI";"HE";"5";2016;"QHI:HE:5";"QHI:HE:5:2016";"LIVE";"pf_all_xy";"GRASS";"Graminoid";"Arctagrostis latifolia";"CTL";100;15;12;190;450;6.31578947368421;3.33333333333333
"QHI";"HE";"5";2016;"QHI:HE:5";"QHI:HE:5:2016";"LIVE";"pf_all_xy";"GRASS";"Graminoid";"Poa arctica";"CTL";100;13;12;190;450;6.31578947368421;2.88888888888889
"QHI";"HE";"5";2016;"QHI:HE:5";"QHI:HE:5:2016";"LIVE";"pf_all_xy";"SDECI";"Shrub";"Salix phlebophylla";"CTL";100;14;9;190;450;4.73684210526316;3.11111111111111
"QHI";"HE";"5";2016;"QHI:HE:5";"QHI:HE:5:2016";"LIVE";"pf_all_xy";"FORB";"Forb";"Micranthes nelsoniana";"CTL";100;1;1;190;450;0.526315789473684;0.222222222222222
"QHI";"HE";"5";2016;"QHI:HE:5";"QHI:HE:5:2016";"LIVE";"pf_all_xy";"FORB";"Forb";"Cardamine digitata";"CTL";100;3;3;190;450;1.57894736842105;0.666666666666667
"QHI";"HE";"5";2016;"QHI:HE:5";"QHI:HE:5:2016";"LIVE";"pf_all_xy";"SEDGE";"Graminoid";"XXXcarex";"CTL";100;21;13;190;450;6.8421052631579;4.66666666666667
"QHI";"HE";"5";2016;"QHI:HE:5";"QHI:HE:5:2016";"LIVE";"pf_all_xy";"FORB";"Forb";"Stellaria longipes";"CTL";100;2;2;190;450;1.05263157894737;0.444444444444444
"QHI";"HE";"5";2016;"QHI:HE:5";"QHI:HE:5:2016";"LIVE";"pf_all_xy";"SEVER";"Shrub";"Dryas integrifolia";"CTL";100;2;2;190;450;1.05263157894737;0.444444444444444
"QHI";"HE";"5";2016;"QHI:HE:5";"QHI:HE:5:2016";"LIVE";"pf_all_xy";"LFRUT";"Lichen";"XXXpeltigera";"CTL";100;2;2;NA;NA;NA;NA
"QHI";"HE";"6";2016;"QHI:HE:6";"QHI:HE:6:2016";"LIVE";"pf_all_xy";"SEDGE";"Graminoid";"Eriophorum vaginatum";"CTL";100;247;67;191;458;35.0785340314136;53.9301310043668
"QHI";"HE";"6";2016;"QHI:HE:6";"QHI:HE:6:2016";"LIVE";"pf_all_xy";"MOSSU";NA;"XXXothermoss";"CTL";100;72;72;NA;NA;NA;NA
"QHI";"HE";"6";2016;"QHI:HE:6";"QHI:HE:6:2016";"LITTER";"pf_all_xy";"LITTER";NA;"XXXLITTER";"CTL";100;91;91;NA;NA;NA;NA
"QHI";"HE";"6";2016;"QHI:HE:6";"QHI:HE:6:2016";"LIVE";"pf_all_xy";"GRASS";"Graminoid";"Arctagrostis latifolia";"CTL";100;19;11;191;458;5.75916230366492;4.14847161572052
"QHI";"HE";"6";2016;"QHI:HE:6";"QHI:HE:6:2016";"LIVE";"pf_all_xy";"SEDGE";"Graminoid";"XXXcarex";"CTL";100;65;34;191;458;17.8010471204188;14.1921397379913
"QHI";"HE";"6";2016;"QHI:HE:6";"QHI:HE:6:2016";"LIVE";"pf_all_xy";"FORB";"Forb";"Pedicularis sudetica";"CTL";100;2;2;191;458;1.04712041884817;0.436681222707424
"QHI";"HE";"6";2016;"QHI:HE:6";"QHI:HE:6:2016";"LIVE";"pf_all_xy";"GRASS";"Graminoid";"Poa arctica";"CTL";100;26;17;191;458;8.90052356020942;5.67685589519651
"QHI";"HE";"6";2016;"QHI:HE:6";"QHI:HE:6:2016";"LIVE";"pf_all_xy";"FORB";"Forb";"Polygonum bistorta";"CTL";100;6;6;191;458;3.1413612565445;1.31004366812227
"QHI";"HE";"6";2016;"QHI:HE:6";"QHI:HE:6:2016";"LIVE";"pf_all_xy";"LFRUT";"Lichen";"XXXpeltigera";"CTL";100;11;11;NA;NA;NA;NA
"QHI";"HE";"6";2016;"QHI:HE:6";"QHI:HE:6:2016";"LIVE";"pf_all_xy";"SDECI";"Shrub";"Salix pulchra";"CTL";100;85;47;191;458;24.6073298429319;18.5589519650655
"QHI";"HE";"6";2016;"QHI:HE:6";"QHI:HE:6:2016";"LIVE";"pf_all_xy";"FORB";"Forb";"Stellaria longipes";"CTL";100;3;3;191;458;1.57068062827225;0.655021834061135
"QHI";"HE";"6";2016;"QHI:HE:6";"QHI:HE:6:2016";"LIVE";"pf_all_xy";"FORB";"Forb";"XXXotherforb";"CTL";100;1;1;191;458;0.523560209424084;0.218340611353712
"QHI";"HE";"6";2016;"QHI:HE:6";"QHI:HE:6:2016";"LIVE";"pf_all_xy";"FORB";"Forb";"Valeriana capitata";"CTL";100;1;1;191;458;0.523560209424084;0.218340611353712
"QHI";"HE";"6";2016;"QHI:HE:6";"QHI:HE:6:2016";"LIVE";"pf_all_xy";"FORB";"Forb";"Pyrola grandiflora";"CTL";100;3;2;191;458;1.04712041884817;0.655021834061135
"QHI";"HE";"6";2016;"QHI:HE:6";"QHI:HE:6:2016";"LIVE";"pf_all_xy";"LFRUT";"Lichen";"Lagotis glauca";"CTL";100;1;1;NA;NA;NA;NA
"QHI";"HE";"1";2017;"QHI:HE:1";"QHI:HE:1:2017";"LIVE";"pf_all_xy";"SEDGE";"Graminoid";"Eriophorum vaginatum";"CTL";100;281;94;171;390;54.9707602339181;72.051282051282
"QHI";"HE";"1";2017;"QHI:HE:1";"QHI:HE:1:2017";"LITTER";"pf_all_xy";"LITTER";NA;"XXXLITTER";"CTL";100;NA;94;NA;NA;NA;NA
"QHI";"HE";"1";2017;"QHI:HE:1";"QHI:HE:1:2017";"LIVE";"pf_all_xy";"GRASS";"Graminoid";"Arctagrostis latifolia";"CTL";100;16;13;171;390;7.60233918128655;4.1025641025641
"QHI";"HE";"1";2017;"QHI:HE:1";"QHI:HE:1:2017";"LIVE";"pf_all_xy";"SEVER";"Shrub";"Dryas integrifolia";"CTL";100;1;1;171;390;0.584795321637427;0.256410256410256
"QHI";"HE";"1";2017;"QHI:HE:1";"QHI:HE:1:2017";"LIVE";"pf_all_xy";"SDECI";"Shrub";"Salix pulchra";"CTL";100;53;32;171;390;18.7134502923977;13.5897435897436
"QHI";"HE";"1";2017;"QHI:HE:1";"QHI:HE:1:2017";"LIVE";"pf_all_xy";"GRASS";"Graminoid";"Poa arctica";"CTL";100;3;3;171;390;1.75438596491228;0.769230769230769
"QHI";"HE";"1";2017;"QHI:HE:1";"QHI:HE:1:2017";"LIVE";"pf_all_xy";"SDECI";"Shrub";"Salix reticulata";"CTL";100;13;10;171;390;5.84795321637427;3.33333333333333
"QHI";"HE";"1";2017;"QHI:HE:1";"QHI:HE:1:2017";"LIVE";"pf_all_xy";"FORB";"Forb";"Polygonum bistorta";"CTL";100;3;3;171;390;1.75438596491228;0.769230769230769
"QHI";"HE";"1";2017;"QHI:HE:1";"QHI:HE:1:2017";"LIVE";"pf_all_xy";"SDECI";"Shrub";"Salix phlebophylla";"CTL";100;13;8;171;390;4.67836257309941;3.33333333333333
"QHI";"HE";"1";2017;"QHI:HE:1";"QHI:HE:1:2017";"LIVE";"pf_all_xy";"MOSSU";NA;"XXXothermoss";"CTL";100;11;11;NA;NA;NA;NA
"QHI";"HE";"1";2017;"QHI:HE:1";"QHI:HE:1:2017";"LIVE";"pf_all_xy";"FORB";"Forb";"Saussurea angustifolia";"CTL";100;3;3;171;390;1.75438596491228;0.769230769230769
"QHI";"HE";"1";2017;"QHI:HE:1";"QHI:HE:1:2017";"LIVE";"pf_all_xy";"LFRUT";"Lichen";"XXXpeltigera";"CTL";100;3;3;NA;NA;NA;NA
"QHI";"HE";"1";2017;"QHI:HE:1";"QHI:HE:1:2017";"LIVE";"pf_all_xy";"GRAMINOIDU";"Graminoid";"XXXkobresia";"CTL";100;3;3;171;390;1.75438596491228;0.769230769230769
"QHI";"HE";"1";2017;"QHI:HE:1";"QHI:HE:1:2017";"LIVE";"pf_all_xy";"FORB";"Forb";"Stellaria longipes";"CTL";100;1;1;171;390;0.584795321637427;0.256410256410256
"QHI";"HE";"2";2017;"QHI:HE:2";"QHI:HE:2:2017";"LIVE";"pf_all_xy";"RUSH";"Graminoid";"Luzula nivalis";"CTL";100;7;5;152;279;3.28947368421053;2.5089605734767
"QHI";"HE";"2";2017;"QHI:HE:2";"QHI:HE:2:2017";"LIVE";"pf_all_xy";"MOSSU";NA;"XXXothermoss";"CTL";100;37;37;NA;NA;NA;NA
"QHI";"HE";"2";2017;"QHI:HE:2";"QHI:HE:2:2017";"LIVE";"pf_all_xy";"LFRUT";"Lichen";"XXXpeltigera";"CTL";100;7;7;NA;NA;NA;NA
"QHI";"HE";"2";2017;"QHI:HE:2";"QHI:HE:2:2017";"LIVE";"pf_all_xy";"SDECI";"Shrub";"Salix pulchra";"CTL";100;72;39;152;279;25.6578947368421;25.8064516129032
"QHI";"HE";"2";2017;"QHI:HE:2";"QHI:HE:2:2017";"LIVE";"pf_all_xy";"SEDGE";"Graminoid";"XXXcarex";"CTL";100;2;1;152;279;0.657894736842105;0.716845878136201
"QHI";"HE";"2";2017;"QHI:HE:2";"QHI:HE:2:2017";"LITTER";"pf_all_xy";"LITTER";NA;"XXXLITTER";"CTL";100;78;78;NA;NA;NA;NA
"QHI";"HE";"2";2017;"QHI:HE:2";"QHI:HE:2:2017";"LIVE";"pf_all_xy";"LFRUT";"Lichen";"Thamnolia subuliformis";"CTL";100;4;4;NA;NA;NA;NA
"QHI";"HE";"2";2017;"QHI:HE:2";"QHI:HE:2:2017";"LIVE";"pf_all_xy";"SEDGE";"Graminoid";"Eriophorum vaginatum";"CTL";100;140;59;152;279;38.8157894736842;50.179211469534
"QHI";"HE";"2";2017;"QHI:HE:2";"QHI:HE:2:2017";"LIVE";"pf_all_xy";"LFRUT";"Lichen";"Cladonia mitis";"CTL";100;3;3;NA;NA;NA;NA
"QHI";"HE";"2";2017;"QHI:HE:2";"QHI:HE:2:2017";"LIVE";"pf_all_xy";"GRASS";"Graminoid";"Arctagrostis latifolia";"CTL";100;8;8;152;279;5.26315789473684;2.8673835125448
"QHI";"HE";"2";2017;"QHI:HE:2";"QHI:HE:2:2017";"LIVE";"pf_all_xy";"FORB";"Forb";"Saussurea angustifolia";"CTL";100;8;6;152;279;3.94736842105263;2.8673835125448
"QHI";"HE";"2";2017;"QHI:HE:2";"QHI:HE:2:2017";"LIVE";"pf_all_xy";"FORB";"Forb";"Polygonum bistorta";"CTL";100;5;5;152;279;3.28947368421053;1.7921146953405
"QHI";"HE";"2";2017;"QHI:HE:2";"QHI:HE:2:2017";"LIVE";"pf_all_xy";"SEVER";"Shrub";"Dryas integrifolia";"CTL";100;2;2;152;279;1.31578947368421;0.716845878136201
"QHI";"HE";"2";2017;"QHI:HE:2";"QHI:HE:2:2017";"LIVE";"pf_all_xy";"FORB";"Forb";"Pedicularis capitata";"CTL";100;3;2;152;279;1.31578947368421;1.0752688172043
"QHI";"HE";"2";2017;"QHI:HE:2";"QHI:HE:2:2017";"LIVE";"pf_all_xy";"LFRUT";"Lichen";"Nephromopsis cucullata";"CTL";100;4;4;NA;NA;NA;NA
"QHI";"HE";"2";2017;"QHI:HE:2";"QHI:HE:2:2017";"LIVE";"pf_all_xy";"SDECI";"Shrub";"Salix phlebophylla";"CTL";100;3;3;152;279;1.97368421052632;1.0752688172043
"QHI";"HE";"2";2017;"QHI:HE:2";"QHI:HE:2:2017";"LIVE";"pf_all_xy";"SOIL";NA;"XXXbareground";"CTL";100;6;6;NA;NA;NA;NA
"QHI";"HE";"2";2017;"QHI:HE:2";"QHI:HE:2:2017";"LIVE";"pf_all_xy";"FORB";"Forb";"Stellaria longipes";"CTL";100;5;3;152;279;1.97368421052632;1.7921146953405
"QHI";"HE";"2";2017;"QHI:HE:2";"QHI:HE:2:2017";"LIVE";"pf_all_xy";"SDECI";"Shrub";"Salix reticulata";"CTL";100;22;17;152;279;11.1842105263158;7.88530465949821
"QHI";"HE";"2";2017;"QHI:HE:2";"QHI:HE:2:2017";"LIVE";"pf_all_xy";"GRASS";"Graminoid";"Poa arctica";"CTL";100;1;1;152;279;0.657894736842105;0.3584229390681
"QHI";"HE";"2";2017;"QHI:HE:2";"QHI:HE:2:2017";"LIVE";"pf_all_xy";"FORB";"Forb";"Cardamine digitata";"CTL";100;1;1;152;279;0.657894736842105;0.3584229390681
"QHI";"HE";"2";2017;"QHI:HE:2";"QHI:HE:2:2017";"LIVE";"pf_all_xy";"LCRUS";"Lichen";"XXXcrustous";"CTL";100;2;2;NA;NA;NA;NA
"QHI";"HE";"3";2017;"QHI:HE:3";"QHI:HE:3:2017";"LIVE";"pf_all_xy";"GRASS";"Graminoid";"Arctagrostis latifolia";"CTL";100;22;14;160;390;8.75;5.64102564102564
"QHI";"HE";"3";2017;"QHI:HE:3";"QHI:HE:3:2017";"LIVE";"pf_all_xy";"SEDGE";"Graminoid";"Eriophorum angustifolium";"CTL";100;36;18;160;390;11.25;9.23076923076923
"QHI";"HE";"3";2017;"QHI:HE:3";"QHI:HE:3:2017";"LIVE";"pf_all_xy";"SEDGE";"Graminoid";"Eriophorum vaginatum";"CTL";100;244;75;160;390;46.875;62.5641025641026
"QHI";"HE";"3";2017;"QHI:HE:3";"QHI:HE:3:2017";"LIVE";"pf_all_xy";"MOSSU";NA;"XXXothermoss";"CTL";100;20;20;NA;NA;NA;NA
"QHI";"HE";"3";2017;"QHI:HE:3";"QHI:HE:3:2017";"LITTER";"pf_all_xy";"LITTER";NA;"XXXLITTER";"CTL";100;96;96;NA;NA;NA;NA
"QHI";"HE";"3";2017;"QHI:HE:3";"QHI:HE:3:2017";"LIVE";"pf_all_xy";"LFRUT";"Lichen";"Nephromopsis cucullata";"CTL";100;1;1;NA;NA;NA;NA
"QHI";"HE";"3";2017;"QHI:HE:3";"QHI:HE:3:2017";"LIVE";"pf_all_xy";"FORB";"Forb";"Pyrola grandiflora";"CTL";100;17;10;160;390;6.25;4.35897435897436
"QHI";"HE";"3";2017;"QHI:HE:3";"QHI:HE:3:2017";"LIVE";"pf_all_xy";"SDECI";"Shrub";"Salix reticulata";"CTL";100;5;4;160;390;2.5;1.28205128205128
"QHI";"HE";"3";2017;"QHI:HE:3";"QHI:HE:3:2017";"LIVE";"pf_all_xy";"GRASS";"Graminoid";"Poa arctica";"CTL";100;25;12;160;390;7.5;6.41025641025641
"QHI";"HE";"3";2017;"QHI:HE:3";"QHI:HE:3:2017";"LIVE";"pf_all_xy";"LFRUT";"Lichen";"XXXpeltigera";"CTL";100;2;2;NA;NA;NA;NA
"QHI";"HE";"3";2017;"QHI:HE:3";"QHI:HE:3:2017";"LIVE";"pf_all_xy";"FORB";"Forb";"XXXotherforb";"CTL";100;2;2;160;390;1.25;0.512820512820513
"QHI";"HE";"3";2017;"QHI:HE:3";"QHI:HE:3:2017";"LIVE";"pf_all_xy";"SDECI";"Shrub";"Salix pulchra";"CTL";100;34;20;160;390;12.5;8.71794871794872
"QHI";"HE";"3";2017;"QHI:HE:3";"QHI:HE:3:2017";"LIVE";"pf_all_xy";"FORB";"Forb";"Cardamine digitata";"CTL";100;3;3;160;390;1.875;0.769230769230769
"QHI";"HE";"3";2017;"QHI:HE:3";"QHI:HE:3:2017";"LIVE";"pf_all_xy";"LICHENU";"Lichen";"XXXotherlichen";"CTL";100;1;1;NA;NA;NA;NA
"QHI";"HE";"3";2017;"QHI:HE:3";"QHI:HE:3:2017";"LIVE";"pf_all_xy";"FORB";"Forb";"Stellaria longipes";"CTL";100;2;2;160;390;1.25;0.512820512820513
"QHI";"HE";"4";2017;"QHI:HE:4";"QHI:HE:4:2017";"LIVE";"pf_all_xy";"SDECI";"Shrub";"Salix pulchra";"CTL";100;60;36;144;265;25;22.6415094339623
"QHI";"HE";"4";2017;"QHI:HE:4";"QHI:HE:4:2017";"LIVE";"pf_all_xy";"MOSSU";NA;"XXXothermoss";"CTL";100;58;58;NA;NA;NA;NA
"QHI";"HE";"4";2017;"QHI:HE:4";"QHI:HE:4:2017";"LIVE";"pf_all_xy";"SEDGE";"Graminoid";"Eriophorum vaginatum";"CTL";100;106;45;144;265;31.25;40
"QHI";"HE";"4";2017;"QHI:HE:4";"QHI:HE:4:2017";"LIVE";"pf_all_xy";"SEDGE";"Graminoid";"XXXcarex";"CTL";100;52;30;144;265;20.8333333333333;19.622641509434
"QHI";"HE";"4";2017;"QHI:HE:4";"QHI:HE:4:2017";"LITTER";"pf_all_xy";"LITTER";NA;"XXXLITTER";"CTL";100;75;75;NA;NA;NA;NA
"QHI";"HE";"4";2017;"QHI:HE:4";"QHI:HE:4:2017";"LIVE";"pf_all_xy";"GRASS";"Graminoid";"Poa arctica";"CTL";100;16;8;144;265;5.55555555555556;6.0377358490566
"QHI";"HE";"4";2017;"QHI:HE:4";"QHI:HE:4:2017";"LIVE";"pf_all_xy";"FORB";"Forb";"Pedicularis capitata";"CTL";100;1;1;144;265;0.694444444444444;0.377358490566038
"QHI";"HE";"4";2017;"QHI:HE:4";"QHI:HE:4:2017";"LIVE";"pf_all_xy";"LFRUT";"Lichen";"XXXpeltigera";"CTL";100;5;5;NA;NA;NA;NA
"QHI";"HE";"4";2017;"QHI:HE:4";"QHI:HE:4:2017";"LIVE";"pf_all_xy";"FORB";"Forb";"Stellaria longipes";"CTL";100;1;1;144;265;0.694444444444444;0.377358490566038
"QHI";"HE";"4";2017;"QHI:HE:4";"QHI:HE:4:2017";"LIVE";"pf_all_xy";"GRASS";"Graminoid";"Arctagrostis latifolia";"CTL";100;2;2;144;265;1.38888888888889;0.754716981132076
"QHI";"HE";"4";2017;"QHI:HE:4";"QHI:HE:4:2017";"LIVE";"pf_all_xy";"SDECI";"Shrub";"Salix reticulata";"CTL";100;11;8;144;265;5.55555555555556;4.15094339622642
"QHI";"HE";"4";2017;"QHI:HE:4";"QHI:HE:4:2017";"LIVE";"pf_all_xy";"SEVER";"Shrub";"Dryas integrifolia";"CTL";100;12;9;144;265;6.25;4.52830188679245
"QHI";"HE";"4";2017;"QHI:HE:4";"QHI:HE:4:2017";"LIVE";"pf_all_xy";"LFRUT";"Lichen";"Nephromopsis cucullata";"CTL";100;5;5;NA;NA;NA;NA
"QHI";"HE";"4";2017;"QHI:HE:4";"QHI:HE:4:2017";"LIVE";"pf_all_xy";"SEDGE";"Graminoid";"Eriophorum angustifolium";"CTL";100;1;1;144;265;0.694444444444444;0.377358490566038
"QHI";"HE";"4";2017;"QHI:HE:4";"QHI:HE:4:2017";"LIVE";"pf_all_xy";"FORB";"Forb";"XXXotherforb";"CTL";100;1;1;144;265;0.694444444444444;0.377358490566038
"QHI";"HE";"4";2017;"QHI:HE:4";"QHI:HE:4:2017";"LIVE";"pf_all_xy";"FORB";"Forb";"Polygonum bistorta";"CTL";100;2;2;144;265;1.38888888888889;0.754716981132076
"QHI";"HE";"4";2017;"QHI:HE:4";"QHI:HE:4:2017";"LIVE";"pf_all_xy";"LFRUT";"Lichen";"Thamnolia subuliformis";"CTL";100;1;1;NA;NA;NA;NA
"QHI";"HE";"5";2017;"QHI:HE:5";"QHI:HE:5:2017";"LIVE";"pf_all_xy";"SEDGE";"Graminoid";"Eriophorum vaginatum";"CTL";100;199;76;163;327;46.6257668711656;60.8562691131498
"QHI";"HE";"5";2017;"QHI:HE:5";"QHI:HE:5:2017";"LIVE";"pf_all_xy";"SDECI";"Shrub";"Salix pulchra";"CTL";100;50;30;163;327;18.4049079754601;15.2905198776758
"QHI";"HE";"5";2017;"QHI:HE:5";"QHI:HE:5:2017";"LITTER";"pf_all_xy";"LITTER";NA;"XXXLITTER";"CTL";100;81;80;NA;NA;NA;NA
"QHI";"HE";"5";2017;"QHI:HE:5";"QHI:HE:5:2017";"LIVE";"pf_all_xy";"FORB";"Forb";"Stellaria longipes";"CTL";100;2;2;163;327;1.22699386503067;0.611620795107034
"QHI";"HE";"5";2017;"QHI:HE:5";"QHI:HE:5:2017";"LIVE";"pf_all_xy";"MOSSU";NA;"XXXothermoss";"CTL";100;34;34;NA;NA;NA;NA
"QHI";"HE";"5";2017;"QHI:HE:5";"QHI:HE:5:2017";"LIVE";"pf_all_xy";"SDECI";"Shrub";"Salix reticulata";"CTL";100;6;5;163;327;3.06748466257669;1.8348623853211
"QHI";"HE";"5";2017;"QHI:HE:5";"QHI:HE:5:2017";"LIVE";"pf_all_xy";"SEDGE";"Graminoid";"XXXcarex";"CTL";100;24;15;163;327;9.20245398773006;7.3394495412844
"QHI";"HE";"5";2017;"QHI:HE:5";"QHI:HE:5:2017";"LIVE";"pf_all_xy";"LFRUT";"Lichen";"XXXpeltigera";"CTL";100;7;7;NA;NA;NA;NA
"QHI";"HE";"5";2017;"QHI:HE:5";"QHI:HE:5:2017";"LIVE";"pf_all_xy";"SDECI";"Shrub";"Salix phlebophylla";"CTL";100;17;10;163;327;6.13496932515337;5.19877675840979
"QHI";"HE";"5";2017;"QHI:HE:5";"QHI:HE:5:2017";"LIVE";"pf_all_xy";"GRAMINOIDU";"Graminoid";"XXXkobresia";"CTL";100;1;1;163;327;0.613496932515337;0.305810397553517
"QHI";"HE";"5";2017;"QHI:HE:5";"QHI:HE:5:2017";"LIVE";"pf_all_xy";"GRAMINOIDU";"Graminoid";"XXXothergram";"CTL";100;1;1;163;327;0.613496932515337;0.305810397553517
"QHI";"HE";"5";2017;"QHI:HE:5";"QHI:HE:5:2017";"LIVE";"pf_all_xy";"SEVER";"Shrub";"Dryas integrifolia";"CTL";100;7;5;163;327;3.06748466257669;2.14067278287462
"QHI";"HE";"5";2017;"QHI:HE:5";"QHI:HE:5:2017";"LIVE";"pf_all_xy";"GRASS";"Graminoid";"Poa arctica";"CTL";100;5;4;163;327;2.45398773006135;1.52905198776758
"QHI";"HE";"5";2017;"QHI:HE:5";"QHI:HE:5:2017";"LIVE";"pf_all_xy";"GRASS";"Graminoid";"Arctagrostis latifolia";"CTL";100;9;8;163;327;4.9079754601227;2.75229357798165
"QHI";"HE";"5";2017;"QHI:HE:5";"QHI:HE:5:2017";"LIVE";"pf_all_xy";"FORB";"Forb";"Saussurea angustifolia";"CTL";100;1;1;163;327;0.613496932515337;0.305810397553517
"QHI";"HE";"5";2017;"QHI:HE:5";"QHI:HE:5:2017";"LIVE";"pf_all_xy";"FORB";"Forb";"Micranthes nelsoniana";"CTL";100;1;1;163;327;0.613496932515337;0.305810397553517
"QHI";"HE";"5";2017;"QHI:HE:5";"QHI:HE:5:2017";"LIVE";"pf_all_xy";"FORB";"Forb";"Polygonum bistorta";"CTL";100;1;1;163;327;0.613496932515337;0.305810397553517
"QHI";"HE";"5";2017;"QHI:HE:5";"QHI:HE:5:2017";"LIVE";"pf_all_xy";"LIVERU";"Lichen";"XXXliverwort";"CTL";100;2;2;NA;NA;NA;NA
"QHI";"HE";"5";2017;"QHI:HE:5";"QHI:HE:5:2017";"LIVE";"pf_all_xy";"FORB";"Forb";"Cardamine digitata";"CTL";100;2;2;163;327;1.22699386503067;0.611620795107034
"QHI";"HE";"5";2017;"QHI:HE:5";"QHI:HE:5:2017";"LIVE";"pf_all_xy";"FORB";"Forb";"Tephroseris integrifolia";"CTL";100;1;1;163;327;0.613496932515337;0.305810397553517
"QHI";"HE";"6";2017;"QHI:HE:6";"QHI:HE:6:2017";"LIVE";"pf_all_xy";"SDECI";"Shrub";"Salix pulchra";"CTL";100;59;37;140;262;26.4285714285714;22.5190839694656
"QHI";"HE";"6";2017;"QHI:HE:6";"QHI:HE:6:2017";"LIVE";"pf_all_xy";"MOSSU";NA;"XXXothermoss";"CTL";100;64;64;NA;NA;NA;NA
"QHI";"HE";"6";2017;"QHI:HE:6";"QHI:HE:6:2017";"LIVE";"pf_all_xy";"SEDGE";"Graminoid";"XXXcarex";"CTL";100;39;24;140;262;17.1428571428571;14.8854961832061
"QHI";"HE";"6";2017;"QHI:HE:6";"QHI:HE:6:2017";"LIVE";"pf_all_xy";"SEDGE";"Graminoid";"Eriophorum vaginatum";"CTL";100;124;52;140;262;37.1428571428571;47.3282442748092
"QHI";"HE";"6";2017;"QHI:HE:6";"QHI:HE:6:2017";"LITTER";"pf_all_xy";"LITTER";NA;"XXXLITTER";"CTL";100;64;64;NA;NA;NA;NA
"QHI";"HE";"6";2017;"QHI:HE:6";"QHI:HE:6:2017";"LIVE";"pf_all_xy";"FORB";"Forb";"Pyrola grandiflora";"CTL";100;3;3;140;262;2.14285714285714;1.14503816793893
"QHI";"HE";"6";2017;"QHI:HE:6";"QHI:HE:6:2017";"LIVE";"pf_all_xy";"GRASS";"Graminoid";"Poa arctica";"CTL";100;9;3;140;262;2.14285714285714;3.43511450381679
"QHI";"HE";"6";2017;"QHI:HE:6";"QHI:HE:6:2017";"LIVE";"pf_all_xy";"LFRUT";"Lichen";"Lagotis glauca";"CTL";100;3;3;NA;NA;NA;NA
"QHI";"HE";"6";2017;"QHI:HE:6";"QHI:HE:6:2017";"LIVE";"pf_all_xy";"LFRUT";"Lichen";"XXXpeltigera";"CTL";100;9;9;NA;NA;NA;NA
"QHI";"HE";"6";2017;"QHI:HE:6";"QHI:HE:6:2017";"LIVE";"pf_all_xy";"WATER";NA;"XXXstandingwater";"CTL";100;4;4;NA;NA;NA;NA
"QHI";"HE";"6";2017;"QHI:HE:6";"QHI:HE:6:2017";"LIVE";"pf_all_xy";"GRASS";"Graminoid";"Arctagrostis latifolia";"CTL";100;14;11;140;262;7.85714285714286;5.34351145038168
"QHI";"HE";"6";2017;"QHI:HE:6";"QHI:HE:6:2017";"LIVE";"pf_all_xy";"FORB";"Forb";"Valeriana capitata";"CTL";100;1;1;140;262;0.714285714285714;0.381679389312977
"QHI";"HE";"6";2017;"QHI:HE:6";"QHI:HE:6:2017";"LIVE";"pf_all_xy";"FORB";"Forb";"Polygonum bistorta";"CTL";100;6;4;140;262;2.85714285714286;2.29007633587786
"QHI";"HE";"6";2017;"QHI:HE:6";"QHI:HE:6:2017";"LIVE";"pf_all_xy";"SEDGE";"Graminoid";"Eriophorum angustifolium";"CTL";100;1;1;140;262;0.714285714285714;0.381679389312977
"QHI";"HE";"6";2017;"QHI:HE:6";"QHI:HE:6:2017";"LIVE";"pf_all_xy";"FORB";"Forb";"Pedicularis verticillata";"CTL";100;3;2;140;262;1.42857142857143;1.14503816793893
"QHI";"HE";"6";2017;"QHI:HE:6";"QHI:HE:6:2017";"LIVE";"pf_all_xy";"FORB";"Forb";"Cardamine digitata";"CTL";100;1;1;140;262;0.714285714285714;0.381679389312977
"QHI";"HE";"6";2017;"QHI:HE:6";"QHI:HE:6:2017";"LIVE";"pf_all_xy";"SDECI";"Shrub";"Salix phlebophylla";"CTL";100;2;1;140;262;0.714285714285714;0.763358778625954
"QHI";"HE";"1";2018;"QHI:HE:1";"QHI:HE:1:2018";"LIVE";"pf_all_xy";"SEDGE";"Graminoid";"Eriophorum vaginatum";"CTL";100;183;78;153;287;50.9803921568627;63.7630662020906
"QHI";"HE";"1";2018;"QHI:HE:1";"QHI:HE:1:2018";"LIVE";"pf_all_xy";"MOSSU";NA;"XXXothermoss";"CTL";100;26;26;NA;NA;NA;NA
"QHI";"HE";"1";2018;"QHI:HE:1";"QHI:HE:1:2018";"LIVE";"pf_all_xy";"GRASS";"Graminoid";"Anthoxanthum monticola";"CTL";100;2;2;153;287;1.30718954248366;0.696864111498258
"QHI";"HE";"1";2018;"QHI:HE:1";"QHI:HE:1:2018";"LIVE";"pf_all_xy";"GRASS";"Graminoid";"Arctagrostis latifolia";"CTL";100;11;10;153;287;6.5359477124183;3.83275261324042
"QHI";"HE";"1";2018;"QHI:HE:1";"QHI:HE:1:2018";"LIVE";"pf_all_xy";"SDECI";"Shrub";"Salix pulchra";"CTL";100;59;32;153;287;20.9150326797386;20.5574912891986
"QHI";"HE";"1";2018;"QHI:HE:1";"QHI:HE:1:2018";"LIVE";"pf_all_xy";"SDECI";"Shrub";"Salix reticulata";"CTL";100;10;10;153;287;6.5359477124183;3.48432055749129
"QHI";"HE";"1";2018;"QHI:HE:1";"QHI:HE:1:2018";"LIVE";"pf_all_xy";"SOIL";NA;"XXXbareground";"CTL";100;2;2;NA;NA;NA;NA
"QHI";"HE";"1";2018;"QHI:HE:1";"QHI:HE:1:2018";"LIVE";"pf_all_xy";"SDECI";"Shrub";"Salix phlebophylla";"CTL";100;7;6;153;287;3.92156862745098;2.4390243902439
"QHI";"HE";"1";2018;"QHI:HE:1";"QHI:HE:1:2018";"LIVE";"pf_all_xy";"SEDGE";"Graminoid";"XXXcarex";"CTL";100;1;1;153;287;0.65359477124183;0.348432055749129
"QHI";"HE";"1";2018;"QHI:HE:1";"QHI:HE:1:2018";"LIVE";"pf_all_xy";"DUNG";NA;"XXXDUNG";"CTL";100;1;1;NA;NA;NA;NA
"QHI";"HE";"1";2018;"QHI:HE:1";"QHI:HE:1:2018";"LIVE";"pf_all_xy";"GRASS";"Graminoid";"Poa arctica";"CTL";100;5;5;153;287;3.26797385620915;1.74216027874564
"QHI";"HE";"1";2018;"QHI:HE:1";"QHI:HE:1:2018";"LITTER";"pf_all_xy";"LITTER";NA;"XXXLITTER";"CTL";100;59;59;NA;NA;NA;NA
"QHI";"HE";"1";2018;"QHI:HE:1";"QHI:HE:1:2018";"LIVE";"pf_all_xy";"FORB";"Forb";"Pedicularis capitata";"CTL";100;3;3;153;287;1.96078431372549;1.04529616724739
"QHI";"HE";"1";2018;"QHI:HE:1";"QHI:HE:1:2018";"LIVE";"pf_all_xy";"FORB";"Forb";"Polygonum bistorta";"CTL";100;4;4;153;287;2.61437908496732;1.39372822299652
"QHI";"HE";"1";2018;"QHI:HE:1";"QHI:HE:1:2018";"LIVE";"pf_all_xy";"FORB";"Forb";"Saussurea angustifolia";"CTL";100;2;2;153;287;1.30718954248366;0.696864111498258
"QHI";"HE";"1";2018;"QHI:HE:1";"QHI:HE:1:2018";"LIVE";"pf_all_xy";"LFRUT";"Lichen";"XXXpeltigera";"CTL";100;1;1;NA;NA;NA;NA
"QHI";"HE";"1";2018;"QHI:HE:1";"QHI:HE:1:2018";"LIVE";"pf_all_xy";"LFRUT";"Lichen";"Nephromopsis cucullata";"CTL";100;1;1;NA;NA;NA;NA
"QHI";"HE";"2";2018;"QHI:HE:2";"QHI:HE:2:2018";"LIVE";"pf_all_xy";"SDECI";"Shrub";"Salix pulchra";"CTL";100;NA;37;163;NA;22.6993865030675;NA
"QHI";"HE";"2";2018;"QHI:HE:2";"QHI:HE:2:2018";"LITTER";"pf_all_xy";"LITTER";NA;"XXXLITTER";"CTL";100;80;80;NA;NA;NA;NA
"QHI";"HE";"2";2018;"QHI:HE:2";"QHI:HE:2:2018";"LIVE";"pf_all_xy";"LFRUT";"Lichen";"Alectoria ochroleuca";"CTL";100;1;1;NA;NA;NA;NA
"QHI";"HE";"2";2018;"QHI:HE:2";"QHI:HE:2:2018";"LIVE";"pf_all_xy";"SEDGE";"Graminoid";"Eriophorum vaginatum";"CTL";100;136;59;163;NA;36.1963190184049;NA
"QHI";"HE";"2";2018;"QHI:HE:2";"QHI:HE:2:2018";"LIVE";"pf_all_xy";"GRASS";"Graminoid";"Poa arctica";"CTL";100;8;6;163;NA;3.68098159509202;NA
"QHI";"HE";"2";2018;"QHI:HE:2";"QHI:HE:2:2018";"LIVE";"pf_all_xy";"DUNG";NA;"XXXDUNG";"CTL";100;1;1;NA;NA;NA;NA
"QHI";"HE";"2";2018;"QHI:HE:2";"QHI:HE:2:2018";"LIVE";"pf_all_xy";"FORB";"Forb";"Stellaria longipes";"CTL";100;3;2;163;NA;1.22699386503067;NA
"QHI";"HE";"2";2018;"QHI:HE:2";"QHI:HE:2:2018";"LIVE";"pf_all_xy";"FORB";"Forb";"Polygonum bistorta";"CTL";100;5;5;163;NA;3.06748466257669;NA
"QHI";"HE";"2";2018;"QHI:HE:2";"QHI:HE:2:2018";"LIVE";"pf_all_xy";"MOSSU";NA;"XXXothermoss";"CTL";100;17;17;NA;NA;NA;NA
"QHI";"HE";"2";2018;"QHI:HE:2";"QHI:HE:2:2018";"LIVE";"pf_all_xy";"SEVER";"Shrub";"Dryas integrifolia";"CTL";100;5;4;163;NA;2.45398773006135;NA
"QHI";"HE";"2";2018;"QHI:HE:2";"QHI:HE:2:2018";"LIVE";"pf_all_xy";"LFRUT";"Lichen";"Nephromopsis cucullata";"CTL";100;2;2;NA;NA;NA;NA
"QHI";"HE";"2";2018;"QHI:HE:2";"QHI:HE:2:2018";"LIVE";"pf_all_xy";"GRASS";"Graminoid";"Arctagrostis latifolia";"CTL";100;9;9;163;NA;5.52147239263804;NA
"QHI";"HE";"2";2018;"QHI:HE:2";"QHI:HE:2:2018";"LIVE";"pf_all_xy";"FORB";"Forb";"Bistorta vivipara";"CTL";100;4;3;163;NA;1.84049079754601;NA
"QHI";"HE";"2";2018;"QHI:HE:2";"QHI:HE:2:2018";"LIVE";"pf_all_xy";"FORB";"Forb";"XXXotherforb";"CTL";100;2;2;163;NA;1.22699386503067;NA
"QHI";"HE";"2";2018;"QHI:HE:2";"QHI:HE:2:2018";"LIVE";"pf_all_xy";"SOIL";NA;"XXXbareground";"CTL";100;6;6;NA;NA;NA;NA
"QHI";"HE";"2";2018;"QHI:HE:2";"QHI:HE:2:2018";"LIVE";"pf_all_xy";"FORB";"Forb";"Astragalus umbellatus";"CTL";100;1;1;163;NA;0.613496932515337;NA
"QHI";"HE";"2";2018;"QHI:HE:2";"QHI:HE:2:2018";"LIVE";"pf_all_xy";"RUSH";"Graminoid";"Luzula nivalis";"CTL";100;9;6;163;NA;3.68098159509202;NA
"QHI";"HE";"2";2018;"QHI:HE:2";"QHI:HE:2:2018";"LIVE";"pf_all_xy";"SDECI";"Shrub";"Salix reticulata";"CTL";100;27;19;163;NA;11.6564417177914;NA
"QHI";"HE";"2";2018;"QHI:HE:2";"QHI:HE:2:2018";"LIVE";"pf_all_xy";"FORB";"Forb";"Saussurea angustifolia";"CTL";100;5;4;163;NA;2.45398773006135;NA
"QHI";"HE";"2";2018;"QHI:HE:2";"QHI:HE:2:2018";"LIVE";"pf_all_xy";"LFRUT";"Lichen";"Thamnolia subuliformis";"CTL";100;2;2;NA;NA;NA;NA
"QHI";"HE";"2";2018;"QHI:HE:2";"QHI:HE:2:2018";"LIVE";"pf_all_xy";"SDECI";"Shrub";"Salix phlebophylla";"CTL";100;4;3;163;NA;1.84049079754601;NA
"QHI";"HE";"2";2018;"QHI:HE:2";"QHI:HE:2:2018";"LIVE";"pf_all_xy";"LFRUT";"Lichen";"XXXpeltigera";"CTL";100;4;4;NA;NA;NA;NA
"QHI";"HE";"2";2018;"QHI:HE:2";"QHI:HE:2:2018";"LIVE";"pf_all_xy";"FORB";"Forb";"Pedicularis capitata";"CTL";100;2;2;163;NA;1.22699386503067;NA
"QHI";"HE";"2";2018;"QHI:HE:2";"QHI:HE:2:2018";"LIVE";"pf_all_xy";"GRASS";"Graminoid";"Anthoxanthum monticola";"CTL";100;1;1;163;NA;0.613496932515337;NA
"QHI";"HE";"3";2018;"QHI:HE:3";"QHI:HE:3:2018";"LIVE";"pf_all_xy";"FORB";"Forb";"Pyrola grandiflora";"CTL";100;12;9;127;222;7.08661417322835;5.40540540540541
"QHI";"HE";"3";2018;"QHI:HE:3";"QHI:HE:3:2018";"LIVE";"pf_all_xy";"MOSSU";NA;"XXXothermoss";"CTL";100;35;35;NA;NA;NA;NA
"QHI";"HE";"3";2018;"QHI:HE:3";"QHI:HE:3:2018";"LITTER";"pf_all_xy";"LITTER";NA;"XXXLITTER";"CTL";100;70;70;NA;NA;NA;NA
"QHI";"HE";"3";2018;"QHI:HE:3";"QHI:HE:3:2018";"LIVE";"pf_all_xy";"SEDGE";"Graminoid";"Eriophorum vaginatum";"CTL";100;132;58;127;222;45.6692913385827;59.4594594594595
"QHI";"HE";"3";2018;"QHI:HE:3";"QHI:HE:3:2018";"LIVE";"pf_all_xy";"GRASS";"Graminoid";"Arctagrostis latifolia";"CTL";100;19;15;127;222;11.8110236220472;8.55855855855856
"QHI";"HE";"3";2018;"QHI:HE:3";"QHI:HE:3:2018";"LIVE";"pf_all_xy";"SDECI";"Shrub";"Salix reticulata";"CTL";100;12;10;127;222;7.8740157480315;5.40540540540541
"QHI";"HE";"3";2018;"QHI:HE:3";"QHI:HE:3:2018";"LIVE";"pf_all_xy";"FORB";"Forb";"Polygonum bistorta";"CTL";100;2;2;127;222;1.5748031496063;0.900900900900901
"QHI";"HE";"3";2018;"QHI:HE:3";"QHI:HE:3:2018";"LIVE";"pf_all_xy";"LFRUT";"Lichen";"XXXpeltigera";"CTL";100;2;2;NA;NA;NA;NA
"QHI";"HE";"3";2018;"QHI:HE:3";"QHI:HE:3:2018";"LIVE";"pf_all_xy";"SDECI";"Shrub";"Salix pulchra";"CTL";100;33;22;127;222;17.3228346456693;14.8648648648649
"QHI";"HE";"3";2018;"QHI:HE:3";"QHI:HE:3:2018";"LIVE";"pf_all_xy";"WATER";NA;"XXXstandingwater";"CTL";100;8;8;NA;NA;NA;NA
"QHI";"HE";"3";2018;"QHI:HE:3";"QHI:HE:3:2018";"LIVE";"pf_all_xy";"GRASS";"Graminoid";"Poa arctica";"CTL";100;8;7;127;222;5.51181102362205;3.6036036036036
"QHI";"HE";"3";2018;"QHI:HE:3";"QHI:HE:3:2018";"LIVE";"pf_all_xy";"FORB";"Forb";"Stellaria longipes";"CTL";100;1;1;127;222;0.78740157480315;0.45045045045045
"QHI";"HE";"3";2018;"QHI:HE:3";"QHI:HE:3:2018";"LIVE";"pf_all_xy";"OTHER";NA;"XXXmoss";"CTL";100;1;1;NA;NA;NA;NA
"QHI";"HE";"3";2018;"QHI:HE:3";"QHI:HE:3:2018";"LIVE";"pf_all_xy";"SEDGE";"Graminoid";"Eriophorum angustifolium";"CTL";100;3;3;127;222;2.36220472440945;1.35135135135135
"QHI";"HE";"4";2018;"QHI:HE:4";"QHI:HE:4:2018";"LIVE";"pf_all_xy";"SEDGE";"Graminoid";"XXXcarex";"CTL";100;52;33;168;282;19.6428571428571;18.4397163120567
"QHI";"HE";"4";2018;"QHI:HE:4";"QHI:HE:4:2018";"LITTER";"pf_all_xy";"LITTER";NA;"XXXLITTER";"CTL";100;74;74;NA;NA;NA;NA
"QHI";"HE";"4";2018;"QHI:HE:4";"QHI:HE:4:2018";"LIVE";"pf_all_xy";"SEDGE";"Graminoid";"Eriophorum vaginatum";"CTL";100;119;55;168;282;32.7380952380952;42.1985815602837
"QHI";"HE";"4";2018;"QHI:HE:4";"QHI:HE:4:2018";"LIVE";"pf_all_xy";"SDECI";"Shrub";"Salix pulchra";"CTL";100;64;38;168;282;22.6190476190476;22.6950354609929
"QHI";"HE";"4";2018;"QHI:HE:4";"QHI:HE:4:2018";"LIVE";"pf_all_xy";"MOSSU";NA;"XXXothermoss";"CTL";100;42;40;NA;NA;NA;NA
"QHI";"HE";"4";2018;"QHI:HE:4";"QHI:HE:4:2018";"LIVE";"pf_all_xy";"GRASS";"Graminoid";"Poa arctica";"CTL";100;13;11;168;282;6.54761904761905;4.60992907801418
"QHI";"HE";"4";2018;"QHI:HE:4";"QHI:HE:4:2018";"LIVE";"pf_all_xy";"FORB";"Forb";"Pedicularis langsdorffii";"CTL";100;1;1;168;282;0.595238095238095;0.354609929078014
"QHI";"HE";"4";2018;"QHI:HE:4";"QHI:HE:4:2018";"LIVE";"pf_all_xy";"FORB";"Forb";"Polygonum bistorta";"CTL";100;4;4;168;282;2.38095238095238;1.41843971631206
"QHI";"HE";"4";2018;"QHI:HE:4";"QHI:HE:4:2018";"LIVE";"pf_all_xy";"FORB";"Forb";"Stellaria longipes";"CTL";100;7;6;168;282;3.57142857142857;2.4822695035461
"QHI";"HE";"4";2018;"QHI:HE:4";"QHI:HE:4:2018";"LIVE";"pf_all_xy";"GRASS";"Graminoid";"Arctagrostis latifolia";"CTL";100;1;1;168;282;0.595238095238095;0.354609929078014
"QHI";"HE";"4";2018;"QHI:HE:4";"QHI:HE:4:2018";"LIVE";"pf_all_xy";"SEVER";"Shrub";"Dryas integrifolia";"CTL";100;7;6;168;282;3.57142857142857;2.4822695035461
"QHI";"HE";"4";2018;"QHI:HE:4";"QHI:HE:4:2018";"LIVE";"pf_all_xy";"LFRUT";"Lichen";"Alectoria ochroleuca";"CTL";100;1;1;NA;NA;NA;NA
"QHI";"HE";"4";2018;"QHI:HE:4";"QHI:HE:4:2018";"LIVE";"pf_all_xy";"LFRUT";"Lichen";"XXXpeltigera";"CTL";100;3;3;NA;NA;NA;NA
"QHI";"HE";"4";2018;"QHI:HE:4";"QHI:HE:4:2018";"LIVE";"pf_all_xy";"SDECI";"Shrub";"Salix reticulata";"CTL";100;13;12;168;282;7.14285714285714;4.60992907801418
"QHI";"HE";"4";2018;"QHI:HE:4";"QHI:HE:4:2018";"LIVE";"pf_all_xy";"FORB";"Forb";"Pedicularis capitata";"CTL";100;1;1;168;282;0.595238095238095;0.354609929078014
"QHI";"HE";"4";2018;"QHI:HE:4";"QHI:HE:4:2018";"LIVE";"pf_all_xy";"LFRUT";"Lichen";"Nephromopsis cucullata";"CTL";100;1;1;NA;NA;NA;NA
"QHI";"HE";"5";2018;"QHI:HE:5";"QHI:HE:5:2018";"LIVE";"pf_all_xy";"SDECI";"Shrub";"Salix reticulata";"CTL";100;14;11;158;269;6.9620253164557;5.20446096654275
"QHI";"HE";"5";2018;"QHI:HE:5";"QHI:HE:5:2018";"LIVE";"pf_all_xy";"GRASS";"Graminoid";"Arctagrostis latifolia";"CTL";100;16;10;158;269;6.32911392405063;5.94795539033457
"QHI";"HE";"5";2018;"QHI:HE:5";"QHI:HE:5:2018";"LIVE";"pf_all_xy";"MOSSU";NA;"XXXothermoss";"CTL";100;44;44;NA;NA;NA;NA
"QHI";"HE";"5";2018;"QHI:HE:5";"QHI:HE:5:2018";"LITTER";"pf_all_xy";"LITTER";NA;"XXXLITTER";"CTL";100;70;70;NA;NA;NA;NA
"QHI";"HE";"5";2018;"QHI:HE:5";"QHI:HE:5:2018";"LIVE";"pf_all_xy";"SEDGE";"Graminoid";"Eriophorum vaginatum";"CTL";100;125;62;158;269;39.2405063291139;46.4684014869888
"QHI";"HE";"5";2018;"QHI:HE:5";"QHI:HE:5:2018";"LIVE";"pf_all_xy";"SDECI";"Shrub";"Salix pulchra";"CTL";100;50;32;158;269;20.253164556962;18.5873605947955
"QHI";"HE";"5";2018;"QHI:HE:5";"QHI:HE:5:2018";"LIVE";"pf_all_xy";"FORB";"Forb";"Stellaria longipes";"CTL";100;6;6;158;269;3.79746835443038;2.23048327137546
"QHI";"HE";"5";2018;"QHI:HE:5";"QHI:HE:5:2018";"LIVE";"pf_all_xy";"SEDGE";"Graminoid";"XXXcarex";"CTL";100;33;19;158;269;12.0253164556962;12.2676579925651
"QHI";"HE";"5";2018;"QHI:HE:5";"QHI:HE:5:2018";"LIVE";"pf_all_xy";"GRASS";"Graminoid";"Poa arctica";"CTL";100;4;3;158;269;1.89873417721519;1.48698884758364
"QHI";"HE";"5";2018;"QHI:HE:5";"QHI:HE:5:2018";"LIVE";"pf_all_xy";"SDECI";"Shrub";"Salix phlebophylla";"CTL";100;15;9;158;269;5.69620253164557;5.57620817843866
"QHI";"HE";"5";2018;"QHI:HE:5";"QHI:HE:5:2018";"LIVE";"pf_all_xy";"LIVERU";"Lichen";"XXXliverwort";"CTL";100;1;1;NA;NA;NA;NA
"QHI";"HE";"5";2018;"QHI:HE:5";"QHI:HE:5:2018";"LIVE";"pf_all_xy";"SEVER";"Shrub";"Dryas integrifolia";"CTL";100;3;3;158;269;1.89873417721519;1.11524163568773
"QHI";"HE";"5";2018;"QHI:HE:5";"QHI:HE:5:2018";"LIVE";"pf_all_xy";"LFRUT";"Lichen";"XXXpeltigera";"CTL";100;2;2;NA;NA;NA;NA
"QHI";"HE";"5";2018;"QHI:HE:5";"QHI:HE:5:2018";"LIVE";"pf_all_xy";"FORB";"Forb";"Polygonum bistorta";"CTL";100;1;1;158;269;0.632911392405063;0.371747211895911
"QHI";"HE";"5";2018;"QHI:HE:5";"QHI:HE:5:2018";"LIVE";"pf_all_xy";"FORB";"Forb";"Pedicularis capitata";"CTL";100;1;1;158;269;0.632911392405063;0.371747211895911
"QHI";"HE";"5";2018;"QHI:HE:5";"QHI:HE:5:2018";"LIVE";"pf_all_xy";"FORB";"Forb";"Tephroseris integrifolia";"CTL";100;1;1;158;269;0.632911392405063;0.371747211895911
"QHI";"HE";"6";2018;"QHI:HE:6";"QHI:HE:6:2018";"LIVE";"pf_all_xy";"SEDGE";"Graminoid";"Eriophorum vaginatum";"CTL";100;185;73;139;284;52.5179856115108;65.1408450704225
"QHI";"HE";"6";2018;"QHI:HE:6";"QHI:HE:6:2018";"LIVE";"pf_all_xy";"SDECI";"Shrub";"Salix pulchra";"CTL";100;58;35;139;284;25.1798561151079;20.4225352112676
"QHI";"HE";"6";2018;"QHI:HE:6";"QHI:HE:6:2018";"LITTER";"pf_all_xy";"LITTER";NA;"XXXLITTER";"CTL";100;52;51;NA;NA;NA;NA
"QHI";"HE";"6";2018;"QHI:HE:6";"QHI:HE:6:2018";"LIVE";"pf_all_xy";"FORB";"Forb";"Pedicularis sudetica";"CTL";100;8;4;139;284;2.87769784172662;2.8169014084507
"QHI";"HE";"6";2018;"QHI:HE:6";"QHI:HE:6:2018";"LIVE";"pf_all_xy";"SEDGE";"Graminoid";"XXXcarex";"CTL";100;8;6;139;284;4.31654676258993;2.8169014084507
"QHI";"HE";"6";2018;"QHI:HE:6";"QHI:HE:6:2018";"LIVE";"pf_all_xy";"MOSSU";NA;"XXXothermoss";"CTL";100;43;43;NA;NA;NA;NA
"QHI";"HE";"6";2018;"QHI:HE:6";"QHI:HE:6:2018";"LIVE";"pf_all_xy";"WATER";NA;"XXXstandingwater";"CTL";100;25;25;NA;NA;NA;NA
"QHI";"HE";"6";2018;"QHI:HE:6";"QHI:HE:6:2018";"LIVE";"pf_all_xy";"FORB";"Forb";"Pyrola grandiflora";"CTL";100;2;1;139;284;0.719424460431655;0.704225352112676
"QHI";"HE";"6";2018;"QHI:HE:6";"QHI:HE:6:2018";"LIVE";"pf_all_xy";"GRASS";"Graminoid";"Poa arctica";"CTL";100;8;7;139;284;5.03597122302158;2.8169014084507
"QHI";"HE";"6";2018;"QHI:HE:6";"QHI:HE:6:2018";"LIVE";"pf_all_xy";"LFRUT";"Lichen";"Lagotis glauca";"CTL";100;1;1;NA;NA;NA;NA
"QHI";"HE";"6";2018;"QHI:HE:6";"QHI:HE:6:2018";"LIVE";"pf_all_xy";"FORB";"Forb";"Stellaria longipes";"CTL";100;1;1;139;284;0.719424460431655;0.352112676056338
"QHI";"HE";"6";2018;"QHI:HE:6";"QHI:HE:6:2018";"LIVE";"pf_all_xy";"GRASS";"Graminoid";"Arctagrostis latifolia";"CTL";100;7;6;139;284;4.31654676258993;2.46478873239437
"QHI";"HE";"6";2018;"QHI:HE:6";"QHI:HE:6:2018";"LIVE";"pf_all_xy";"LFRUT";"Lichen";"XXXpeltigera";"CTL";100;3;3;NA;NA;NA;NA
"QHI";"HE";"6";2018;"QHI:HE:6";"QHI:HE:6:2018";"LIVE";"pf_all_xy";"SDECI";"Shrub";"Salix reticulata";"CTL";100;1;1;139;284;0.719424460431655;0.352112676056338
"QHI";"HE";"6";2018;"QHI:HE:6";"QHI:HE:6:2018";"LIVE";"pf_all_xy";"FORB";"Forb";"Polygonum bistorta";"CTL";100;1;1;139;284;0.719424460431655;0.352112676056338
"QHI";"HE";"6";2018;"QHI:HE:6";"QHI:HE:6:2018";"LIVE";"pf_all_xy";"FORB";"Forb";"Pedicularis langsdorffii";"CTL";100;1;1;139;284;0.719424460431655;0.352112676056338
"QHI";"HE";"6";2018;"QHI:HE:6";"QHI:HE:6:2018";"LIVE";"pf_all_xy";"FORB";"Forb";"Cardamine digitata";"CTL";100;1;1;139;284;0.719424460431655;0.352112676056338
"QHI";"HE";"6";2018;"QHI:HE:6";"QHI:HE:6:2018";"LIVE";"pf_all_xy";"SDECI";"Shrub";"Salix phlebophylla";"CTL";100;2;1;139;284;0.719424460431655;0.704225352112676
"QHI";"HE";"6";2018;"QHI:HE:6";"QHI:HE:6:2018";"LIVE";"pf_all_xy";"FORB";"Forb";"Saussurea angustifolia";"CTL";100;1;1;139;284;0.719424460431655;0.352112676056338
"QHI";"HE";"1";2019;"QHI:HE:1";"QHI:HE:1:2019";"LIVE";"pf_all_xy";"SEDGE";"Graminoid";"Eriophorum vaginatum";"CTL";100;458;97;191;581;50.7853403141361;78.8296041308089
"QHI";"HE";"1";2019;"QHI:HE:1";"QHI:HE:1:2019";"LIVE";"pf_all_xy";"GRASS";"Graminoid";"Arctagrostis latifolia";"CTL";100;25;18;191;581;9.42408376963351;4.30292598967298
"QHI";"HE";"1";2019;"QHI:HE:1";"QHI:HE:1:2019";"LIVE";"pf_all_xy";"LITTER";NA;"XXXLITTER";"CTL";100;91;91;NA;NA;NA;NA
"QHI";"HE";"1";2019;"QHI:HE:1";"QHI:HE:1:2019";"LIVE";"pf_all_xy";"GRASS";"Graminoid";"Anthoxanthum monticola";"CTL";100;6;6;191;581;3.1413612565445;1.03270223752151
"QHI";"HE";"1";2019;"QHI:HE:1";"QHI:HE:1:2019";"LIVE";"pf_all_xy";"MOSSU";NA;"XXXothermoss";"CTL";100;20;20;NA;NA;NA;NA
"QHI";"HE";"1";2019;"QHI:HE:1";"QHI:HE:1:2019";"LIVE";"pf_all_xy";"SDECI";"Shrub";"Salix pulchra";"CTL";100;47;28;191;581;14.6596858638743;8.0895008605852
"QHI";"HE";"1";2019;"QHI:HE:1";"QHI:HE:1:2019";"LIVE";"pf_all_xy";"SDECI";"Shrub";"Salix phlebophylla";"CTL";100;6;6;191;581;3.1413612565445;1.03270223752151
"QHI";"HE";"1";2019;"QHI:HE:1";"QHI:HE:1:2019";"LIVE";"pf_all_xy";"FORB";"Forb";"Stellaria longipes";"CTL";100;2;2;191;581;1.04712041884817;0.344234079173838
"QHI";"HE";"1";2019;"QHI:HE:1";"QHI:HE:1:2019";"LIVE";"pf_all_xy";"GRASS";"Graminoid";"Poa arctica";"CTL";100;7;6;191;581;3.1413612565445;1.20481927710843
"QHI";"HE";"1";2019;"QHI:HE:1";"QHI:HE:1:2019";"LIVE";"pf_all_xy";"GRAMINOIDU";"Graminoid";"XXXkobresia";"CTL";100;2;2;191;581;1.04712041884817;0.344234079173838
"QHI";"HE";"1";2019;"QHI:HE:1";"QHI:HE:1:2019";"LIVE";"pf_all_xy";"FORB";"Forb";"Polygonum bistorta";"CTL";100;7;6;191;581;3.1413612565445;1.20481927710843
"QHI";"HE";"1";2019;"QHI:HE:1";"QHI:HE:1:2019";"LIVE";"pf_all_xy";"SEVER";"Shrub";"Cassiope tetragona";"CTL";100;1;1;191;581;0.523560209424084;0.172117039586919
"QHI";"HE";"1";2019;"QHI:HE:1";"QHI:HE:1:2019";"LIVE";"pf_all_xy";"FORB";"Forb";"Saussurea angustifolia";"CTL";100;3;3;191;581;1.57068062827225;0.516351118760757
"QHI";"HE";"1";2019;"QHI:HE:1";"QHI:HE:1:2019";"LIVE";"pf_all_xy";"RUSH";"Graminoid";"Luzula nivalis";"CTL";100;3;3;191;581;1.57068062827225;0.516351118760757
"QHI";"HE";"1";2019;"QHI:HE:1";"QHI:HE:1:2019";"LIVE";"pf_all_xy";"SDECI";"Shrub";"Salix reticulata";"CTL";100;9;8;191;581;4.18848167539267;1.54905335628227
"QHI";"HE";"1";2019;"QHI:HE:1";"QHI:HE:1:2019";"LIVE";"pf_all_xy";"FORB";"Forb";"XXXotherforb";"CTL";100;2;2;191;581;1.04712041884817;0.344234079173838
"QHI";"HE";"1";2019;"QHI:HE:1";"QHI:HE:1:2019";"LIVE";"pf_all_xy";"FORB";"Forb";"Pedicularis capitata";"CTL";100;3;3;191;581;1.57068062827225;0.516351118760757
"QHI";"HE";"1";2019;"QHI:HE:1";"QHI:HE:1:2019";"LIVE";"pf_all_xy";"LFRUT";"Lichen";"XXXpeltigera";"CTL";100;1;1;NA;NA;NA;NA
"QHI";"HE";"2";2019;"QHI:HE:2";"QHI:HE:2:2019";"LIVE";"pf_all_xy";"MOSSU";NA;"XXXothermoss";"CTL";100;31;31;NA;NA;NA;NA
"QHI";"HE";"2";2019;"QHI:HE:2";"QHI:HE:2:2019";"LIVE";"pf_all_xy";"LITTER";NA;"XXXLITTER";"CTL";100;85;85;NA;NA;NA;NA
"QHI";"HE";"2";2019;"QHI:HE:2";"QHI:HE:2:2019";"LIVE";"pf_all_xy";"SDECI";"Shrub";"Salix pulchra";"CTL";100;61;39;203;595;19.2118226600985;10.2521008403361
"QHI";"HE";"2";2019;"QHI:HE:2";"QHI:HE:2:2019";"LIVE";"pf_all_xy";"RUSH";"Graminoid";"Luzula nivalis";"CTL";100;12;9;203;595;4.43349753694581;2.01680672268908
"QHI";"HE";"2";2019;"QHI:HE:2";"QHI:HE:2:2019";"LIVE";"pf_all_xy";"SEDGE";"Graminoid";"Eriophorum vaginatum";"CTL";100;415;68;203;595;33.4975369458128;69.7478991596639
"QHI";"HE";"2";2019;"QHI:HE:2";"QHI:HE:2:2019";"LIVE";"pf_all_xy";"LFRUT";"Lichen";"Nephromopsis cucullata";"CTL";100;4;4;NA;NA;NA;NA
"QHI";"HE";"2";2019;"QHI:HE:2";"QHI:HE:2:2019";"LIVE";"pf_all_xy";"LFRUT";"Lichen";"XXXpeltigera";"CTL";100;2;2;NA;NA;NA;NA
"QHI";"HE";"2";2019;"QHI:HE:2";"QHI:HE:2:2019";"LIVE";"pf_all_xy";"GRASS";"Graminoid";"Arctagrostis latifolia";"CTL";100;27;19;203;595;9.35960591133005;4.53781512605042
"QHI";"HE";"2";2019;"QHI:HE:2";"QHI:HE:2:2019";"LIVE";"pf_all_xy";"GRASS";"Graminoid";"Poa arctica";"CTL";100;5;4;203;595;1.97044334975369;0.840336134453782
"QHI";"HE";"2";2019;"QHI:HE:2";"QHI:HE:2:2019";"LIVE";"pf_all_xy";"FORB";"Forb";"Bistorta vivipara";"CTL";100;1;1;203;595;0.492610837438424;0.168067226890756
"QHI";"HE";"2";2019;"QHI:HE:2";"QHI:HE:2:2019";"LIVE";"pf_all_xy";"LFRUT";"Lichen";"Thamnolia subuliformis";"CTL";100;3;3;NA;NA;NA;NA
"QHI";"HE";"2";2019;"QHI:HE:2";"QHI:HE:2:2019";"LIVE";"pf_all_xy";"FORB";"Forb";"Polygonum bistorta";"CTL";100;6;5;203;595;2.46305418719212;1.00840336134454
"QHI";"HE";"2";2019;"QHI:HE:2";"QHI:HE:2:2019";"LIVE";"pf_all_xy";"FORB";"Forb";"Saussurea angustifolia";"CTL";100;6;6;203;595;2.95566502463054;1.00840336134454
"QHI";"HE";"2";2019;"QHI:HE:2";"QHI:HE:2:2019";"LIVE";"pf_all_xy";"FORB";"Forb";"Stellaria longipes";"CTL";100;15;14;203;595;6.89655172413793;2.52100840336134
"QHI";"HE";"2";2019;"QHI:HE:2";"QHI:HE:2:2019";"LIVE";"pf_all_xy";"SEVER";"Shrub";"Dryas integrifolia";"CTL";100;10;7;203;595;3.44827586206897;1.68067226890756
"QHI";"HE";"2";2019;"QHI:HE:2";"QHI:HE:2:2019";"LIVE";"pf_all_xy";"FORB";"Forb";"Pedicularis capitata";"CTL";100;7;5;203;595;2.46305418719212;1.17647058823529
"QHI";"HE";"2";2019;"QHI:HE:2";"QHI:HE:2:2019";"LIVE";"pf_all_xy";"SDECI";"Shrub";"Salix reticulata";"CTL";100;26;22;203;595;10.8374384236453;4.36974789915966
"QHI";"HE";"2";2019;"QHI:HE:2";"QHI:HE:2:2019";"LIVE";"pf_all_xy";"SDECI";"Shrub";"Salix phlebophylla";"CTL";100;3;3;203;595;1.47783251231527;0.504201680672269
"QHI";"HE";"2";2019;"QHI:HE:2";"QHI:HE:2:2019";"LIVE";"pf_all_xy";"GRASS";"Graminoid";"Anthoxanthum monticola";"CTL";100;1;1;203;595;0.492610837438424;0.168067226890756
"QHI";"HE";"2";2019;"QHI:HE:2";"QHI:HE:2:2019";"LIVE";"pf_all_xy";"LCRUS";"Lichen";"XXXcrustous";"CTL";100;2;2;NA;NA;NA;NA
"QHI";"HE";"2";2019;"QHI:HE:2";"QHI:HE:2:2019";"LIVE";"pf_all_xy";"ROCK";NA;"XXXrock";"CTL";100;1;1;NA;NA;NA;NA
"QHI";"HE";"2";2019;"QHI:HE:2";"QHI:HE:2:2019";"LIVE";"pf_all_xy";"SOIL";NA;"XXXbareground";"CTL";100;2;2;NA;NA;NA;NA
"QHI";"HE";"3";2019;"QHI:HE:3";"QHI:HE:3:2019";"LIVE";"pf_all_xy";"MOSSU";NA;"XXXothermoss";"CTL";100;44;44;NA;NA;NA;NA
"QHI";"HE";"3";2019;"QHI:HE:3";"QHI:HE:3:2019";"LIVE";"pf_all_xy";"LITTER";NA;"XXXLITTER";"CTL";100;87;87;NA;NA;NA;NA
"QHI";"HE";"3";2019;"QHI:HE:3";"QHI:HE:3:2019";"LIVE";"pf_all_xy";"GRASS";"Graminoid";"Arctagrostis latifolia";"CTL";100;33;24;167;608;14.3712574850299;5.42763157894737
"QHI";"HE";"3";2019;"QHI:HE:3";"QHI:HE:3:2019";"LIVE";"pf_all_xy";"FORB";"Forb";"Pyrola grandiflora";"CTL";100;6;6;167;608;3.59281437125748;0.986842105263158
"QHI";"HE";"3";2019;"QHI:HE:3";"QHI:HE:3:2019";"LIVE";"pf_all_xy";"SDECI";"Shrub";"Salix pulchra";"CTL";100;21;17;167;608;10.1796407185629;3.45394736842105
"QHI";"HE";"3";2019;"QHI:HE:3";"QHI:HE:3:2019";"LIVE";"pf_all_xy";"SEDGE";"Graminoid";"Eriophorum vaginatum";"CTL";100;500;82;167;608;49.1017964071856;82.2368421052632
"QHI";"HE";"3";2019;"QHI:HE:3";"QHI:HE:3:2019";"LIVE";"pf_all_xy";"SDECI";"Shrub";"Salix reticulata";"CTL";100;16;14;167;608;8.38323353293413;2.63157894736842
"QHI";"HE";"3";2019;"QHI:HE:3";"QHI:HE:3:2019";"LIVE";"pf_all_xy";"SEDGE";"Graminoid";"Eriophorum angustifolium";"CTL";100;14;9;167;608;5.38922155688623;2.30263157894737
"QHI";"HE";"3";2019;"QHI:HE:3";"QHI:HE:3:2019";"LIVE";"pf_all_xy";"FORB";"Forb";"Polygonum bistorta";"CTL";100;4;3;167;608;1.79640718562874;0.657894736842105
"QHI";"HE";"3";2019;"QHI:HE:3";"QHI:HE:3:2019";"LIVE";"pf_all_xy";"FORB";"Forb";"Tephroseris integrifolia";"CTL";100;1;1;167;608;0.598802395209581;0.164473684210526
"QHI";"HE";"3";2019;"QHI:HE:3";"QHI:HE:3:2019";"LIVE";"pf_all_xy";"FORB";"Forb";"Pedicularis capitata";"CTL";100;2;2;167;608;1.19760479041916;0.328947368421053
"QHI";"HE";"3";2019;"QHI:HE:3";"QHI:HE:3:2019";"LIVE";"pf_all_xy";"GRASS";"Graminoid";"Poa arctica";"CTL";100;5;3;167;608;1.79640718562874;0.822368421052632
"QHI";"HE";"3";2019;"QHI:HE:3";"QHI:HE:3:2019";"LIVE";"pf_all_xy";"LFRUT";"Lichen";"XXXpeltigera";"CTL";100;2;2;NA;NA;NA;NA
"QHI";"HE";"3";2019;"QHI:HE:3";"QHI:HE:3:2019";"LIVE";"pf_all_xy";"SOIL";NA;"XXXbareground";"CTL";100;2;2;NA;NA;NA;NA
"QHI";"HE";"3";2019;"QHI:HE:3";"QHI:HE:3:2019";"LIVE";"pf_all_xy";"FORB";"Forb";"Cardamine digitata";"CTL";100;1;1;167;608;0.598802395209581;0.164473684210526
"QHI";"HE";"3";2019;"QHI:HE:3";"QHI:HE:3:2019";"LIVE";"pf_all_xy";"LFRUT";"Lichen";"Nephromopsis cucullata";"CTL";100;1;1;NA;NA;NA;NA
"QHI";"HE";"3";2019;"QHI:HE:3";"QHI:HE:3:2019";"LIVE";"pf_all_xy";"FORB";"Forb";"Stellaria longipes";"CTL";100;5;5;167;608;2.9940119760479;0.822368421052632
"QHI";"HE";"4";2019;"QHI:HE:4";"QHI:HE:4:2019";"LIVE";"pf_all_xy";"MOSSU";NA;"XXXothermoss";"CTL";100;52;44;NA;NA;NA;NA
"QHI";"HE";"4";2019;"QHI:HE:4";"QHI:HE:4:2019";"LIVE";"pf_all_xy";"SEDGE";"Graminoid";"Eriophorum vaginatum";"CTL";100;336;57;172;600;33.1395348837209;56
"QHI";"HE";"4";2019;"QHI:HE:4";"QHI:HE:4:2019";"LIVE";"pf_all_xy";"SDECI";"Shrub";"Salix pulchra";"CTL";100;63;34;172;600;19.7674418604651;10.5
"QHI";"HE";"4";2019;"QHI:HE:4";"QHI:HE:4:2019";"LIVE";"pf_all_xy";"LITTER";NA;"XXXLITTER";"CTL";100;70;70;NA;NA;NA;NA
"QHI";"HE";"4";2019;"QHI:HE:4";"QHI:HE:4:2019";"LIVE";"pf_all_xy";"SEDGE";"Graminoid";"XXXcarex";"CTL";100;160;52;172;600;30.2325581395349;26.6666666666667
"QHI";"HE";"4";2019;"QHI:HE:4";"QHI:HE:4:2019";"LIVE";"pf_all_xy";"GRASS";"Graminoid";"Arctagrostis latifolia";"CTL";100;6;5;172;600;2.90697674418605;1
"QHI";"HE";"4";2019;"QHI:HE:4";"QHI:HE:4:2019";"LIVE";"pf_all_xy";"FORB";"Forb";"Stellaria longipes";"CTL";100;2;2;172;600;1.16279069767442;0.333333333333333
"QHI";"HE";"4";2019;"QHI:HE:4";"QHI:HE:4:2019";"LIVE";"pf_all_xy";"FORB";"Forb";"Tephroseris integrifolia";"CTL";100;5;3;172;600;1.74418604651163;0.833333333333333
"QHI";"HE";"4";2019;"QHI:HE:4";"QHI:HE:4:2019";"LIVE";"pf_all_xy";"SDECI";"Shrub";"Salix reticulata";"CTL";100;10;5;172;600;2.90697674418605;1.66666666666667
"QHI";"HE";"4";2019;"QHI:HE:4";"QHI:HE:4:2019";"LIVE";"pf_all_xy";"FORB";"Forb";"Cardamine digitata";"CTL";100;1;1;172;600;0.581395348837209;0.166666666666667
"QHI";"HE";"4";2019;"QHI:HE:4";"QHI:HE:4:2019";"LIVE";"pf_all_xy";"FORB";"Forb";"Polygonum bistorta";"CTL";100;2;2;172;600;1.16279069767442;0.333333333333333
"QHI";"HE";"4";2019;"QHI:HE:4";"QHI:HE:4:2019";"LIVE";"pf_all_xy";"LFRUT";"Lichen";"XXXpeltigera";"CTL";100;4;4;NA;NA;NA;NA
"QHI";"HE";"4";2019;"QHI:HE:4";"QHI:HE:4:2019";"LIVE";"pf_all_xy";"SEVER";"Shrub";"Dryas integrifolia";"CTL";100;13;9;172;600;5.23255813953488;2.16666666666667
"QHI";"HE";"4";2019;"QHI:HE:4";"QHI:HE:4:2019";"LIVE";"pf_all_xy";"FORB";"Forb";"Pedicularis capitata";"CTL";100;1;1;172;600;0.581395348837209;0.166666666666667
"QHI";"HE";"4";2019;"QHI:HE:4";"QHI:HE:4:2019";"LIVE";"pf_all_xy";"GRASS";"Graminoid";"Poa arctica";"CTL";100;1;1;172;600;0.581395348837209;0.166666666666667
"QHI";"HE";"4";2019;"QHI:HE:4";"QHI:HE:4:2019";"LIVE";"pf_all_xy";"LFRUT";"Lichen";"Nephromopsis cucullata";"CTL";100;1;1;NA;NA;NA;NA
"QHI";"HE";"5";2019;"QHI:HE:5";"QHI:HE:5:2019";"LIVE";"pf_all_xy";"SEDGE";"Graminoid";"Eriophorum vaginatum";"CTL";100;396;75;180;573;41.6666666666667;69.1099476439791
"QHI";"HE";"5";2019;"QHI:HE:5";"QHI:HE:5:2019";"LIVE";"pf_all_xy";"MOSSU";NA;"XXXothermoss";"CTL";100;40;40;NA;NA;NA;NA
"QHI";"HE";"5";2019;"QHI:HE:5";"QHI:HE:5:2019";"LIVE";"pf_all_xy";"LITTER";NA;"XXXLITTER";"CTL";100;73;73;NA;NA;NA;NA
"QHI";"HE";"5";2019;"QHI:HE:5";"QHI:HE:5:2019";"LIVE";"pf_all_xy";"SDECI";"Shrub";"Salix reticulata";"CTL";100;10;8;180;573;4.44444444444444;1.74520069808028
"QHI";"HE";"5";2019;"QHI:HE:5";"QHI:HE:5:2019";"LIVE";"pf_all_xy";"SEDGE";"Graminoid";"XXXcarex";"CTL";100;74;28;180;573;15.5555555555556;12.9144851657941
"QHI";"HE";"5";2019;"QHI:HE:5";"QHI:HE:5:2019";"LIVE";"pf_all_xy";"SDECI";"Shrub";"Salix pulchra";"CTL";100;30;24;180;573;13.3333333333333;5.23560209424084
"QHI";"HE";"5";2019;"QHI:HE:5";"QHI:HE:5:2019";"LIVE";"pf_all_xy";"GRASS";"Graminoid";"Arctagrostis latifolia";"CTL";100;29;21;180;573;11.6666666666667;5.06108202443281
"QHI";"HE";"5";2019;"QHI:HE:5";"QHI:HE:5:2019";"LIVE";"pf_all_xy";"FORB";"Forb";"Tephroseris integrifolia";"CTL";100;8;7;180;573;3.88888888888889;1.39616055846422
"QHI";"HE";"5";2019;"QHI:HE:5";"QHI:HE:5:2019";"LIVE";"pf_all_xy";"FORB";"Forb";"Stellaria longipes";"CTL";100;2;2;180;573;1.11111111111111;0.349040139616056
"QHI";"HE";"5";2019;"QHI:HE:5";"QHI:HE:5:2019";"LIVE";"pf_all_xy";"FORB";"Forb";"Cardamine digitata";"CTL";100;4;4;180;573;2.22222222222222;0.698080279232112
"QHI";"HE";"5";2019;"QHI:HE:5";"QHI:HE:5:2019";"LIVE";"pf_all_xy";"LFRUT";"Lichen";"XXXpeltigera";"CTL";100;6;6;NA;NA;NA;NA
"QHI";"HE";"5";2019;"QHI:HE:5";"QHI:HE:5:2019";"LIVE";"pf_all_xy";"GRASS";"Graminoid";"Anthoxanthum monticola";"CTL";100;1;1;180;573;0.555555555555556;0.174520069808028
"QHI";"HE";"5";2019;"QHI:HE:5";"QHI:HE:5:2019";"LIVE";"pf_all_xy";"SEVER";"Shrub";"Dryas integrifolia";"CTL";100;4;2;180;573;1.11111111111111;0.698080279232112
"QHI";"HE";"5";2019;"QHI:HE:5";"QHI:HE:5:2019";"LIVE";"pf_all_xy";"FORB";"Forb";"Polygonum bistorta";"CTL";100;2;2;180;573;1.11111111111111;0.349040139616056
"QHI";"HE";"5";2019;"QHI:HE:5";"QHI:HE:5:2019";"LIVE";"pf_all_xy";"FORB";"Forb";"Saussurea angustifolia";"CTL";100;1;1;180;573;0.555555555555556;0.174520069808028
"QHI";"HE";"5";2019;"QHI:HE:5";"QHI:HE:5:2019";"LIVE";"pf_all_xy";"SDECI";"Shrub";"Salix phlebophylla";"CTL";100;12;5;180;573;2.77777777777778;2.09424083769634
"QHI";"HE";"6";2019;"QHI:HE:6";"QHI:HE:6:2019";"LIVE";"pf_all_xy";"MOSSU";NA;"XXXothermoss";"CTL";100;51;51;NA;NA;NA;NA
"QHI";"HE";"6";2019;"QHI:HE:6";"QHI:HE:6:2019";"LIVE";"pf_all_xy";"LITTER";NA;"XXXLITTER";"CTL";100;76;76;NA;NA;NA;NA
"QHI";"HE";"6";2019;"QHI:HE:6";"QHI:HE:6:2019";"LIVE";"pf_all_xy";"GRASS";"Graminoid";"Arctagrostis latifolia";"CTL";100;17;14;184;519;7.60869565217391;3.27552986512524
"QHI";"HE";"6";2019;"QHI:HE:6";"QHI:HE:6:2019";"LIVE";"pf_all_xy";"SEDGE";"Graminoid";"Eriophorum vaginatum";"CTL";100;313;70;184;519;38.0434782608696;60.3082851637765
"QHI";"HE";"6";2019;"QHI:HE:6";"QHI:HE:6:2019";"LIVE";"pf_all_xy";"SDECI";"Shrub";"Salix pulchra";"CTL";100;53;42;184;519;22.8260869565217;10.2119460500963
"QHI";"HE";"6";2019;"QHI:HE:6";"QHI:HE:6:2019";"LIVE";"pf_all_xy";"LFRUT";"Lichen";"XXXpeltigera";"CTL";100;5;5;NA;NA;NA;NA
"QHI";"HE";"6";2019;"QHI:HE:6";"QHI:HE:6:2019";"LIVE";"pf_all_xy";"SEDGE";"Graminoid";"XXXcarex";"CTL";100;112;35;184;519;19.0217391304348;21.5799614643545
"QHI";"HE";"6";2019;"QHI:HE:6";"QHI:HE:6:2019";"LIVE";"pf_all_xy";"FORB";"Forb";"Stellaria longipes";"CTL";100;2;2;184;519;1.08695652173913;0.385356454720617
"QHI";"HE";"6";2019;"QHI:HE:6";"QHI:HE:6:2019";"LIVE";"pf_all_xy";"FORB";"Forb";"Pedicularis verticillata";"CTL";100;5;5;184;519;2.71739130434783;0.963391136801541
"QHI";"HE";"6";2019;"QHI:HE:6";"QHI:HE:6:2019";"LIVE";"pf_all_xy";"FORB";"Forb";"Pyrola grandiflora";"CTL";100;3;3;184;519;1.6304347826087;0.578034682080925
"QHI";"HE";"6";2019;"QHI:HE:6";"QHI:HE:6:2019";"LIVE";"pf_all_xy";"FORB";"Forb";"Pedicularis capitata";"CTL";100;3;3;184;519;1.6304347826087;0.578034682080925
"QHI";"HE";"6";2019;"QHI:HE:6";"QHI:HE:6:2019";"LIVE";"pf_all_xy";"LFRUT";"Lichen";"Lagotis glauca";"CTL";100;1;1;NA;NA;NA;NA
"QHI";"HE";"6";2019;"QHI:HE:6";"QHI:HE:6:2019";"LIVE";"pf_all_xy";"FORB";"Forb";"Polygonum bistorta";"CTL";100;4;3;184;519;1.6304347826087;0.770712909441233
"QHI";"HE";"6";2019;"QHI:HE:6";"QHI:HE:6:2019";"LIVE";"pf_all_xy";"FORB";"Forb";"Cardamine digitata";"CTL";100;3;3;184;519;1.6304347826087;0.578034682080925
"QHI";"HE";"6";2019;"QHI:HE:6";"QHI:HE:6:2019";"LIVE";"pf_all_xy";"SOIL";NA;"XXXbareground";"CTL";100;2;2;NA;NA;NA;NA
"QHI";"HE";"6";2019;"QHI:HE:6";"QHI:HE:6:2019";"LIVE";"pf_all_xy";"FORB";"Forb";"Micranthes nelsoniana";"CTL";100;1;1;184;519;0.543478260869565;0.192678227360308
"QHI";"HE";"6";2019;"QHI:HE:6";"QHI:HE:6:2019";"LIVE";"pf_all_xy";"FORB";"Forb";"Tephroseris integrifolia";"CTL";100;1;1;184;519;0.543478260869565;0.192678227360308
"QHI";"HE";"6";2019;"QHI:HE:6";"QHI:HE:6:2019";"LIVE";"pf_all_xy";"FORB";"Forb";"Bistorta vivipara";"CTL";100;1;1;184;519;0.543478260869565;0.192678227360308
"QHI";"HE";"6";2019;"QHI:HE:6";"QHI:HE:6:2019";"LIVE";"pf_all_xy";"GRAMINOIDU";"Graminoid";"XXXothergram";"CTL";100;1;1;184;519;0.543478260869565;0.192678227360308
"QHI";"HE";"1";2022;"QHI:HE:1";"QHI:HE:1:2022";"LIVE";"pf_all_xy";"SEDGE";"Graminoid";"Eriophorum vaginatum";"CTL";100;152;72;152;277;47.3684210526316;54.8736462093863
"QHI";"HE";"1";2022;"QHI:HE:1";"QHI:HE:1:2022";"LIVE";"pf_all_xy";"SDECI";"Shrub";"Salix pulchra";"CTL";100;59;31;152;277;20.3947368421053;21.2996389891697
"QHI";"HE";"1";2022;"QHI:HE:1";"QHI:HE:1:2022";"LIVE";"pf_all_xy";"SDECI";"Shrub";"Salix phlebophylla";"CTL";100;7;5;152;277;3.28947368421053;2.52707581227437
"QHI";"HE";"1";2022;"QHI:HE:1";"QHI:HE:1:2022";"LITTER";"pf_all_xy";"LITTER";NA;"XXXLITTER";"CTL";100;91;91;NA;NA;NA;NA
"QHI";"HE";"1";2022;"QHI:HE:1";"QHI:HE:1:2022";"LIVE";"pf_all_xy";"GRASS";"Graminoid";"Arctagrostis latifolia";"CTL";100;19;13;152;277;8.55263157894737;6.85920577617329
"QHI";"HE";"1";2022;"QHI:HE:1";"QHI:HE:1:2022";"LIVE";"pf_all_xy";"GRASS";"Graminoid";"Poa arctica";"CTL";100;12;8;152;277;5.26315789473684;4.33212996389892
"QHI";"HE";"1";2022;"QHI:HE:1";"QHI:HE:1:2022";"LIVE";"pf_all_xy";"MOSSU";NA;"XXXothermoss";"CTL";100;13;13;NA;NA;NA;NA
"QHI";"HE";"1";2022;"QHI:HE:1";"QHI:HE:1:2022";"LIVE";"pf_all_xy";"FORB";"Forb";"Polygonum bistorta";"CTL";100;2;2;152;277;1.31578947368421;0.72202166064982
"QHI";"HE";"1";2022;"QHI:HE:1";"QHI:HE:1:2022";"LIVE";"pf_all_xy";"FORB";"Forb";"Cardamine digitata";"CTL";100;3;2;152;277;1.31578947368421;1.08303249097473
"QHI";"HE";"1";2022;"QHI:HE:1";"QHI:HE:1:2022";"LIVE";"pf_all_xy";"SDECI";"Shrub";"Salix reticulata";"CTL";100;13;10;152;277;6.57894736842105;4.69314079422383
"QHI";"HE";"1";2022;"QHI:HE:1";"QHI:HE:1:2022";"LIVE";"pf_all_xy";"GRAMINOIDU";"Graminoid";"XXXothergram";"CTL";100;5;4;152;277;2.63157894736842;1.80505415162455
"QHI";"HE";"1";2022;"QHI:HE:1";"QHI:HE:1:2022";"LIVE";"pf_all_xy";"FORB";"Forb";"Stellaria longipes";"CTL";100;1;1;152;277;0.657894736842105;0.36101083032491
"QHI";"HE";"1";2022;"QHI:HE:1";"QHI:HE:1:2022";"LIVE";"pf_all_xy";"FORB";"Forb";"Saussurea angustifolia";"CTL";100;1;1;152;277;0.657894736842105;0.36101083032491
"QHI";"HE";"1";2022;"QHI:HE:1";"QHI:HE:1:2022";"LIVE";"pf_all_xy";"LFRUT";"Lichen";"Nephromopsis cucullata";"CTL";100;1;1;NA;NA;NA;NA
"QHI";"HE";"1";2022;"QHI:HE:1";"QHI:HE:1:2022";"LIVE";"pf_all_xy";"GRASS";"Graminoid";"Anthoxanthum monticola";"CTL";100;2;2;152;277;1.31578947368421;0.72202166064982
"QHI";"HE";"1";2022;"QHI:HE:1";"QHI:HE:1:2022";"LIVE";"pf_all_xy";"FORB";"Forb";"Pedicularis capitata";"CTL";100;1;1;152;277;0.657894736842105;0.36101083032491
"QHI";"HE";"2";2022;"QHI:HE:2";"QHI:HE:2:2022";"LIVE";"pf_all_xy";"SEDGE";"Graminoid";"Eriophorum vaginatum";"CTL";100;161;70;182;334;38.4615384615385;48.2035928143713
"QHI";"HE";"2";2022;"QHI:HE:2";"QHI:HE:2:2022";"LIVE";"pf_all_xy";"SDECI";"Shrub";"Salix pulchra";"CTL";100;78;39;182;334;21.4285714285714;23.3532934131737
"QHI";"HE";"2";2022;"QHI:HE:2";"QHI:HE:2:2022";"LITTER";"pf_all_xy";"LITTER";NA;"XXXLITTER";"CTL";100;85;85;NA;NA;NA;NA
"QHI";"HE";"2";2022;"QHI:HE:2";"QHI:HE:2:2022";"LIVE";"pf_all_xy";"GRAMINOIDU";"Graminoid";"XXXothergram";"CTL";100;13;9;182;334;4.94505494505495;3.89221556886228
"QHI";"HE";"2";2022;"QHI:HE:2";"QHI:HE:2:2022";"LIVE";"pf_all_xy";"SEVER";"Shrub";"Dryas integrifolia";"CTL";100;11;8;182;334;4.3956043956044;3.2934131736527
"QHI";"HE";"2";2022;"QHI:HE:2";"QHI:HE:2:2022";"LIVE";"pf_all_xy";"FORB";"Forb";"Polygonum bistorta";"CTL";100;12;9;182;334;4.94505494505495;3.59281437125748
"QHI";"HE";"2";2022;"QHI:HE:2";"QHI:HE:2:2022";"LIVE";"pf_all_xy";"GRASS";"Graminoid";"Poa arctica";"CTL";100;10;7;182;334;3.84615384615385;2.9940119760479
"QHI";"HE";"2";2022;"QHI:HE:2";"QHI:HE:2:2022";"LIVE";"pf_all_xy";"FORB";"Forb";"Cardamine digitata";"CTL";100;2;2;182;334;1.0989010989011;0.598802395209581
"QHI";"HE";"2";2022;"QHI:HE:2";"QHI:HE:2:2022";"LIVE";"pf_all_xy";"MOSSU";NA;"XXXothermoss";"CTL";100;12;12;NA;NA;NA;NA
"QHI";"HE";"2";2022;"QHI:HE:2";"QHI:HE:2:2022";"LIVE";"pf_all_xy";"FORB";"Forb";"Stellaria longipes";"CTL";100;8;6;182;334;3.2967032967033;2.39520958083832
"QHI";"HE";"2";2022;"QHI:HE:2";"QHI:HE:2:2022";"LIVE";"pf_all_xy";"LFRUT";"Lichen";"Nephromopsis cucullata";"CTL";100;2;2;NA;NA;NA;NA
"QHI";"HE";"2";2022;"QHI:HE:2";"QHI:HE:2:2022";"LIVE";"pf_all_xy";"SDECI";"Shrub";"Salix reticulata";"CTL";100;23;19;182;334;10.4395604395604;6.88622754491018
"QHI";"HE";"2";2022;"QHI:HE:2";"QHI:HE:2:2022";"LIVE";"pf_all_xy";"FORB";"Forb";"Saussurea angustifolia";"CTL";100;3;3;182;334;1.64835164835165;0.898203592814371
"QHI";"HE";"2";2022;"QHI:HE:2";"QHI:HE:2:2022";"LIVE";"pf_all_xy";"SDECI";"Shrub";"Salix phlebophylla";"CTL";100;3;2;182;334;1.0989010989011;0.898203592814371
"QHI";"HE";"2";2022;"QHI:HE:2";"QHI:HE:2:2022";"LIVE";"pf_all_xy";"LFRUT";"Lichen";"XXXpeltigera";"CTL";100;1;1;NA;NA;NA;NA
"QHI";"HE";"2";2022;"QHI:HE:2";"QHI:HE:2:2022";"LIVE";"pf_all_xy";"FORB";"Forb";"Pedicularis capitata";"CTL";100;2;2;182;334;1.0989010989011;0.598802395209581
"QHI";"HE";"2";2022;"QHI:HE:2";"QHI:HE:2:2022";"LIVE";"pf_all_xy";"GRASS";"Graminoid";"Arctagrostis latifolia";"CTL";100;7;5;182;334;2.74725274725275;2.09580838323353
"QHI";"HE";"2";2022;"QHI:HE:2";"QHI:HE:2:2022";"LIVE";"pf_all_xy";"GRAMINOIDU";"Graminoid";"XXXkobresia";"CTL";100;1;1;182;334;0.549450549450549;0.29940119760479
"QHI";"HE";"3";2022;"QHI:HE:3";"QHI:HE:3:2022";"LIVE";"pf_all_xy";"GRASS";"Graminoid";"Arctagrostis latifolia";"CTL";100;17;12;133;234;9.02255639097744;7.26495726495727
"QHI";"HE";"3";2022;"QHI:HE:3";"QHI:HE:3:2022";"LIVE";"pf_all_xy";"MOSSU";NA;"XXXothermoss";"CTL";100;14;13;NA;NA;NA;NA
"QHI";"HE";"3";2022;"QHI:HE:3";"QHI:HE:3:2022";"LITTER";"pf_all_xy";"LITTER";NA;"XXXLITTER";"CTL";100;96;96;NA;NA;NA;NA
"QHI";"HE";"3";2022;"QHI:HE:3";"QHI:HE:3:2022";"LIVE";"pf_all_xy";"SEDGE";"Graminoid";"Eriophorum angustifolium";"CTL";100;9;6;133;234;4.51127819548872;3.84615384615385
"QHI";"HE";"3";2022;"QHI:HE:3";"QHI:HE:3:2022";"LIVE";"pf_all_xy";"SEDGE";"Graminoid";"Eriophorum vaginatum";"CTL";100;115;54;133;234;40.6015037593985;49.1452991452991
"QHI";"HE";"3";2022;"QHI:HE:3";"QHI:HE:3:2022";"LIVE";"pf_all_xy";"SDECI";"Shrub";"Salix reticulata";"CTL";100;8;7;133;234;5.26315789473684;3.41880341880342
"QHI";"HE";"3";2022;"QHI:HE:3";"QHI:HE:3:2022";"LIVE";"pf_all_xy";"GRASS";"Graminoid";"Poa arctica";"CTL";100;9;7;133;234;5.26315789473684;3.84615384615385
"QHI";"HE";"3";2022;"QHI:HE:3";"QHI:HE:3:2022";"LIVE";"pf_all_xy";"FORB";"Forb";"XXXotherforb";"CTL";100;1;1;133;234;0.75187969924812;0.427350427350427
"QHI";"HE";"3";2022;"QHI:HE:3";"QHI:HE:3:2022";"LIVE";"pf_all_xy";"SDECI";"Shrub";"Salix pulchra";"CTL";100;56;29;133;234;21.8045112781955;23.9316239316239
"QHI";"HE";"3";2022;"QHI:HE:3";"QHI:HE:3:2022";"LIVE";"pf_all_xy";"FORB";"Forb";"Pyrola grandiflora";"CTL";100;6;5;133;234;3.7593984962406;2.56410256410256
"QHI";"HE";"3";2022;"QHI:HE:3";"QHI:HE:3:2022";"LIVE";"pf_all_xy";"FORB";"Forb";"Polygonum bistorta";"CTL";100;2;2;133;234;1.50375939849624;0.854700854700855
"QHI";"HE";"3";2022;"QHI:HE:3";"QHI:HE:3:2022";"LIVE";"pf_all_xy";"FORB";"Forb";"Valeriana capitata";"CTL";100;1;1;133;234;0.75187969924812;0.427350427350427
"QHI";"HE";"3";2022;"QHI:HE:3";"QHI:HE:3:2022";"LIVE";"pf_all_xy";"FORB";"Forb";"Cardamine digitata";"CTL";100;3;3;133;234;2.25563909774436;1.28205128205128
"QHI";"HE";"3";2022;"QHI:HE:3";"QHI:HE:3:2022";"LIVE";"pf_all_xy";"GRAMINOIDU";"Graminoid";"XXXothergram";"CTL";100;1;1;133;234;0.75187969924812;0.427350427350427
"QHI";"HE";"3";2022;"QHI:HE:3";"QHI:HE:3:2022";"LIVE";"pf_all_xy";"GRASS";"Graminoid";"Festuca baffinensis";"CTL";100;3;3;133;234;2.25563909774436;1.28205128205128
"QHI";"HE";"3";2022;"QHI:HE:3";"QHI:HE:3:2022";"LIVE";"pf_all_xy";"FORB";"Forb";"Stellaria longipes";"CTL";100;3;2;133;234;1.50375939849624;1.28205128205128
"QHI";"HE";"4";2022;"QHI:HE:4";"QHI:HE:4:2022";"LIVE";"pf_all_xy";"SEDGE";"Graminoid";"Eriophorum vaginatum";"CTL";100;161;69;140;262;49.2857142857143;61.4503816793893
"QHI";"HE";"4";2022;"QHI:HE:4";"QHI:HE:4:2022";"LIVE";"pf_all_xy";"SDECI";"Shrub";"Salix pulchra";"CTL";100;46;28;140;262;20;17.5572519083969
"QHI";"HE";"4";2022;"QHI:HE:4";"QHI:HE:4:2022";"LITTER";"pf_all_xy";"LITTER";NA;"XXXLITTER";"CTL";100;99;99;NA;NA;NA;NA
"QHI";"HE";"4";2022;"QHI:HE:4";"QHI:HE:4:2022";"LIVE";"pf_all_xy";"GRASS";"Graminoid";"Arctagrostis latifolia";"CTL";100;27;20;140;262;14.2857142857143;10.3053435114504
"QHI";"HE";"4";2022;"QHI:HE:4";"QHI:HE:4:2022";"LIVE";"pf_all_xy";"MOSSU";NA;"XXXothermoss";"CTL";100;15;15;NA;NA;NA;NA
"QHI";"HE";"4";2022;"QHI:HE:4";"QHI:HE:4:2022";"LIVE";"pf_all_xy";"DUNG";NA;"XXXDUNG";"CTL";100;1;1;NA;NA;NA;NA
"QHI";"HE";"4";2022;"QHI:HE:4";"QHI:HE:4:2022";"LIVE";"pf_all_xy";"SEDGE";"Graminoid";"XXXcarex";"CTL";100;4;3;140;262;2.14285714285714;1.52671755725191
"QHI";"HE";"4";2022;"QHI:HE:4";"QHI:HE:4:2022";"LIVE";"pf_all_xy";"SDECI";"Shrub";"Salix reticulata";"CTL";100;16;12;140;262;8.57142857142857;6.10687022900763
"QHI";"HE";"4";2022;"QHI:HE:4";"QHI:HE:4:2022";"LIVE";"pf_all_xy";"GRASS";"Graminoid";"Poa arctica";"CTL";100;5;5;140;262;3.57142857142857;1.90839694656489
"QHI";"HE";"4";2022;"QHI:HE:4";"QHI:HE:4:2022";"LIVE";"pf_all_xy";"SEVER";"Shrub";"Dryas integrifolia";"CTL";100;2;2;140;262;1.42857142857143;0.763358778625954
"QHI";"HE";"4";2022;"QHI:HE:4";"QHI:HE:4:2022";"LIVE";"pf_all_xy";"FORB";"Forb";"Bistorta vivipara";"CTL";100;1;1;140;262;0.714285714285714;0.381679389312977
"QHI";"HE";"5";2022;"QHI:HE:5";"QHI:HE:5:2022";"LIVE";"pf_all_xy";"LFRUT";"Lichen";"XXXpeltigera";"CTL";100;6;6;NA;NA;NA;NA
"QHI";"HE";"5";2022;"QHI:HE:5";"QHI:HE:5:2022";"LITTER";"pf_all_xy";"LITTER";NA;"XXXLITTER";"CTL";100;69;69;NA;NA;NA;NA
"QHI";"HE";"5";2022;"QHI:HE:5";"QHI:HE:5:2022";"LIVE";"pf_all_xy";"SDECI";"Shrub";"Salix pulchra";"CTL";100;49;28;128;208;21.875;23.5576923076923
"QHI";"HE";"5";2022;"QHI:HE:5";"QHI:HE:5:2022";"LIVE";"pf_all_xy";"SEDGE";"Graminoid";"Eriophorum vaginatum";"CTL";100;98;53;128;208;41.40625;47.1153846153846
"QHI";"HE";"5";2022;"QHI:HE:5";"QHI:HE:5:2022";"LIVE";"pf_all_xy";"GRASS";"Graminoid";"Arctagrostis latifolia";"CTL";100;10;10;128;208;7.8125;4.80769230769231
"QHI";"HE";"5";2022;"QHI:HE:5";"QHI:HE:5:2022";"LIVE";"pf_all_xy";"MOSSU";NA;"XXXothermoss";"CTL";100;39;39;NA;NA;NA;NA
"QHI";"HE";"5";2022;"QHI:HE:5";"QHI:HE:5:2022";"LIVE";"pf_all_xy";"GRAMINOIDU";"Graminoid";"XXXothergram";"CTL";100;1;1;128;208;0.78125;0.480769230769231
"QHI";"HE";"5";2022;"QHI:HE:5";"QHI:HE:5:2022";"LIVE";"pf_all_xy";"SEDGE";"Graminoid";"XXXcarex";"CTL";100;22;15;128;208;11.71875;10.5769230769231
"QHI";"HE";"5";2022;"QHI:HE:5";"QHI:HE:5:2022";"LIVE";"pf_all_xy";"SDECI";"Shrub";"Salix reticulata";"CTL";100;11;8;128;208;6.25;5.28846153846154
"QHI";"HE";"5";2022;"QHI:HE:5";"QHI:HE:5:2022";"LIVE";"pf_all_xy";"SEVER";"Shrub";"Dryas integrifolia";"CTL";100;5;4;128;208;3.125;2.40384615384615
"QHI";"HE";"5";2022;"QHI:HE:5";"QHI:HE:5:2022";"LIVE";"pf_all_xy";"LFRUT";"Lichen";NA;"CTL";100;2;1;NA;NA;NA;NA
"QHI";"HE";"5";2022;"QHI:HE:5";"QHI:HE:5:2022";"LIVE";"pf_all_xy";"FORB";"Forb";"Lupinus arcticus";"CTL";100;1;1;128;208;0.78125;0.480769230769231
"QHI";"HE";"5";2022;"QHI:HE:5";"QHI:HE:5:2022";"LIVE";"pf_all_xy";"GRASS";"Graminoid";"Poa arctica";"CTL";100;1;1;128;208;0.78125;0.480769230769231
"QHI";"HE";"5";2022;"QHI:HE:5";"QHI:HE:5:2022";"LIVE";"pf_all_xy";"FORB";"Forb";"Tephroseris integrifolia";"CTL";100;1;1;128;208;0.78125;0.480769230769231
"QHI";"HE";"5";2022;"QHI:HE:5";"QHI:HE:5:2022";"LIVE";"pf_all_xy";"FORB";"Forb";"XXXotherforb";"CTL";100;2;2;128;208;1.5625;0.961538461538462
"QHI";"HE";"5";2022;"QHI:HE:5";"QHI:HE:5:2022";"LIVE";"pf_all_xy";"FORB";"Forb";"Stellaria longipes";"CTL";100;2;2;128;208;1.5625;0.961538461538462
"QHI";"HE";"5";2022;"QHI:HE:5";"QHI:HE:5:2022";"LIVE";"pf_all_xy";"SDECI";"Shrub";"Salix phlebophylla";"CTL";100;5;2;128;208;1.5625;2.40384615384615
"QHI";"HE";"6";2022;"QHI:HE:6";"QHI:HE:6:2022";"LIVE";"pf_all_xy";"SEDGE";"Graminoid";"Eriophorum vaginatum";"CTL";100;131;50;102;210;49.0196078431373;62.3809523809524
"QHI";"HE";"6";2022;"QHI:HE:6";"QHI:HE:6:2022";"LITTER";"pf_all_xy";"LITTER";NA;"XXXLITTER";"CTL";100;87;87;NA;NA;NA;NA
"QHI";"HE";"6";2022;"QHI:HE:6";"QHI:HE:6:2022";"LIVE";"pf_all_xy";"FORB";"Forb";"Pyrola grandiflora";"CTL";100;5;4;102;210;3.92156862745098;2.38095238095238
"QHI";"HE";"6";2022;"QHI:HE:6";"QHI:HE:6:2022";"LIVE";"pf_all_xy";"MOSSU";NA;"XXXothermoss";"CTL";100;28;28;NA;NA;NA;NA
"QHI";"HE";"6";2022;"QHI:HE:6";"QHI:HE:6:2022";"LIVE";"pf_all_xy";"GRASS";"Graminoid";"Arctagrostis latifolia";"CTL";100;6;5;102;210;4.90196078431373;2.85714285714286
"QHI";"HE";"6";2022;"QHI:HE:6";"QHI:HE:6:2022";"LIVE";"pf_all_xy";"WATER";NA;"XXXstandingwater";"CTL";100;8;8;NA;NA;NA;NA
"QHI";"HE";"6";2022;"QHI:HE:6";"QHI:HE:6:2022";"LIVE";"pf_all_xy";"SDECI";"Shrub";"Salix pulchra";"CTL";100;55;30;102;210;29.4117647058824;26.1904761904762
"QHI";"HE";"6";2022;"QHI:HE:6";"QHI:HE:6:2022";"LIVE";"pf_all_xy";"GRASS";"Graminoid";"Poa arctica";"CTL";100;4;4;102;210;3.92156862745098;1.9047619047619
"QHI";"HE";"6";2022;"QHI:HE:6";"QHI:HE:6:2022";"LIVE";"pf_all_xy";"FORB";"Forb";"Bistorta vivipara";"CTL";100;1;1;102;210;0.980392156862745;0.476190476190476
"QHI";"HE";"6";2022;"QHI:HE:6";"QHI:HE:6:2022";"LIVE";"pf_all_xy";"LFRUT";"Lichen";"XXXpeltigera";"CTL";100;3;3;NA;NA;NA;NA
"QHI";"HE";"6";2022;"QHI:HE:6";"QHI:HE:6:2022";"LIVE";"pf_all_xy";"SEVER";"Shrub";"Dryas integrifolia";"CTL";100;1;1;102;210;0.980392156862745;0.476190476190476
"QHI";"HE";"6";2022;"QHI:HE:6";"QHI:HE:6:2022";"LIVE";"pf_all_xy";"SDECI";"Shrub";"Salix reticulata";"CTL";100;2;2;102;210;1.96078431372549;0.952380952380952
"QHI";"HE";"6";2022;"QHI:HE:6";"QHI:HE:6:2022";"LIVE";"pf_all_xy";"FORB";"Forb";"Pedicularis verticillata";"CTL";100;2;2;102;210;1.96078431372549;0.952380952380952
"QHI";"HE";"6";2022;"QHI:HE:6";"QHI:HE:6:2022";"LIVE";"pf_all_xy";"FORB";"Forb";"Pedicularis capitata";"CTL";100;2;2;102;210;1.96078431372549;0.952380952380952
"QHI";"HE";"6";2022;"QHI:HE:6";"QHI:HE:6:2022";"LIVE";"pf_all_xy";"FORB";"Forb";"Stellaria longipes";"CTL";100;1;1;102;210;0.980392156862745;0.476190476190476
"QHI";"HE";"1";2023;"QHI:HE:1";"QHI:HE:1:2023";"LIVE";"pf_all_xy";"SDECI";"Shrub";"Salix pulchra";"CTL";100;90;44;196;574;22.4489795918367;15.6794425087108
"QHI";"HE";"1";2023;"QHI:HE:1";"QHI:HE:1:2023";"LITTER";"pf_all_xy";"LITTER";NA;"XXXLITTER";"CTL";100;99;99;NA;NA;NA;NA
"QHI";"HE";"1";2023;"QHI:HE:1";"QHI:HE:1:2023";"LIVE";"pf_all_xy";"SEDGE";"Graminoid";"Carex borealipolaris";"CTL";100;2;2;196;574;1.02040816326531;0.348432055749129
"QHI";"HE";"1";2023;"QHI:HE:1";"QHI:HE:1:2023";"LIVE";"pf_all_xy";"SEDGE";"Graminoid";"Eriophorum vaginatum";"CTL";100;404;87;196;574;44.3877551020408;70.383275261324
"QHI";"HE";"1";2023;"QHI:HE:1";"QHI:HE:1:2023";"LIVE";"pf_all_xy";"GRASS";"Graminoid";"Arctagrostis latifolia";"CTL";100;34;23;196;574;11.734693877551;5.92334494773519
"QHI";"HE";"1";2023;"QHI:HE:1";"QHI:HE:1:2023";"LIVE";"pf_all_xy";"FORB";"Forb";"Polygonum bistorta";"CTL";100;5;5;196;574;2.55102040816327;0.871080139372822
"QHI";"HE";"1";2023;"QHI:HE:1";"QHI:HE:1:2023";"LIVE";"pf_all_xy";"MOSSU";NA;"XXXothermoss";"CTL";100;5;5;NA;NA;NA;NA
"QHI";"HE";"1";2023;"QHI:HE:1";"QHI:HE:1:2023";"LIVE";"pf_all_xy";"FORB";"Forb";"Pedicularis capitata";"CTL";100;3;2;196;574;1.02040816326531;0.522648083623693
"QHI";"HE";"1";2023;"QHI:HE:1";"QHI:HE:1:2023";"LIVE";"pf_all_xy";"FORB";"Forb";"Tephroseris integrifolia";"CTL";100;4;4;196;574;2.04081632653061;0.696864111498258
"QHI";"HE";"1";2023;"QHI:HE:1";"QHI:HE:1:2023";"LIVE";"pf_all_xy";"SDECI";"Shrub";"Salix phlebophylla";"CTL";100;4;4;196;574;2.04081632653061;0.696864111498258
"QHI";"HE";"1";2023;"QHI:HE:1";"QHI:HE:1:2023";"LIVE";"pf_all_xy";"SDECI";"Shrub";"Salix reticulata";"CTL";100;20;17;196;574;8.6734693877551;3.48432055749129
"QHI";"HE";"1";2023;"QHI:HE:1";"QHI:HE:1:2023";"LIVE";"pf_all_xy";"LFRUT";"Lichen";"XXXpeltigera";"CTL";100;1;1;NA;NA;NA;NA
"QHI";"HE";"1";2023;"QHI:HE:1";"QHI:HE:1:2023";"LIVE";"pf_all_xy";"FORB";"Forb";"Cardamine digitata";"CTL";100;2;2;196;574;1.02040816326531;0.348432055749129
"QHI";"HE";"1";2023;"QHI:HE:1";"QHI:HE:1:2023";"LIVE";"pf_all_xy";"GRASS";"Graminoid";"Poa arctica";"CTL";100;3;3;196;574;1.53061224489796;0.522648083623693
"QHI";"HE";"1";2023;"QHI:HE:1";"QHI:HE:1:2023";"LIVE";"pf_all_xy";"FORB";"Forb";"Stellaria longipes";"CTL";100;3;3;196;574;1.53061224489796;0.522648083623693
"QHI";"HE";"1";2023;"QHI:HE:1";"QHI:HE:1:2023";"LIVE";"pf_all_xy";"LFRUT";"Lichen";"Cladonia mitis";"CTL";100;1;1;NA;NA;NA;NA
"QHI";"HE";"2";2023;"QHI:HE:2";"QHI:HE:2:2023";"LIVE";"pf_all_xy";"GRASS";"Graminoid";"Arctagrostis latifolia";"CTL";100;17;15;211;416;7.10900473933649;4.08653846153846
"QHI";"HE";"2";2023;"QHI:HE:2";"QHI:HE:2:2023";"LIVE";"pf_all_xy";"SDECI";"Shrub";"Salix pulchra";"CTL";100;100;46;211;416;21.8009478672986;24.0384615384615
"QHI";"HE";"2";2023;"QHI:HE:2";"QHI:HE:2:2023";"LIVE";"pf_all_xy";"MOSSU";NA;"XXXothermoss";"CTL";100;14;14;NA;NA;NA;NA
"QHI";"HE";"2";2023;"QHI:HE:2";"QHI:HE:2:2023";"LITTER";"pf_all_xy";"LITTER";NA;"XXXLITTER";"CTL";100;94;94;NA;NA;NA;NA
"QHI";"HE";"2";2023;"QHI:HE:2";"QHI:HE:2:2023";"LIVE";"pf_all_xy";"SEVER";"Shrub";"Dryas integrifolia";"CTL";100;6;3;211;416;1.4218009478673;1.44230769230769
"QHI";"HE";"2";2023;"QHI:HE:2";"QHI:HE:2:2023";"LIVE";"pf_all_xy";"FORB";"Forb";"Stellaria longipes";"CTL";100;8;7;211;416;3.3175355450237;1.92307692307692
"QHI";"HE";"2";2023;"QHI:HE:2";"QHI:HE:2:2023";"LIVE";"pf_all_xy";"FORB";"Forb";"Polygonum bistorta";"CTL";100;12;12;211;416;5.68720379146919;2.88461538461538
"QHI";"HE";"2";2023;"QHI:HE:2";"QHI:HE:2:2023";"LIVE";"pf_all_xy";"LFRUT";"Lichen";"XXXpeltigera";"CTL";100;2;2;NA;NA;NA;NA
"QHI";"HE";"2";2023;"QHI:HE:2";"QHI:HE:2:2023";"LIVE";"pf_all_xy";"FORB";"Forb";"Bistorta vivipara";"CTL";100;2;2;211;416;0.947867298578199;0.480769230769231
"QHI";"HE";"2";2023;"QHI:HE:2";"QHI:HE:2:2023";"LIVE";"pf_all_xy";"GRASS";"Graminoid";"Poa arctica";"CTL";100;18;12;211;416;5.68720379146919;4.32692307692308
"QHI";"HE";"2";2023;"QHI:HE:2";"QHI:HE:2:2023";"LIVE";"pf_all_xy";"SEDGE";"Graminoid";"Eriophorum vaginatum";"CTL";100;199;71;211;416;33.6492890995261;47.8365384615385
"QHI";"HE";"2";2023;"QHI:HE:2";"QHI:HE:2:2023";"LIVE";"pf_all_xy";"LFRUT";"Lichen";"Cladonia mitis";"CTL";100;1;1;NA;NA;NA;NA
"QHI";"HE";"2";2023;"QHI:HE:2";"QHI:HE:2:2023";"LIVE";"pf_all_xy";"FORB";"Forb";"Tephroseris integrifolia";"CTL";100;2;2;211;416;0.947867298578199;0.480769230769231
"QHI";"HE";"2";2023;"QHI:HE:2";"QHI:HE:2:2023";"LIVE";"pf_all_xy";"SDECI";"Shrub";"Salix reticulata";"CTL";100;21;18;211;416;8.53080568720379;5.04807692307692
"QHI";"HE";"2";2023;"QHI:HE:2";"QHI:HE:2:2023";"LIVE";"pf_all_xy";"SEDGE";"Graminoid";"Carex borealipolaris";"CTL";100;9;6;211;416;2.8436018957346;2.16346153846154
"QHI";"HE";"2";2023;"QHI:HE:2";"QHI:HE:2:2023";"LIVE";"pf_all_xy";"RUSH";"Graminoid";"Luzula nivalis";"CTL";100;9;4;211;416;1.8957345971564;2.16346153846154
"QHI";"HE";"2";2023;"QHI:HE:2";"QHI:HE:2:2023";"LIVE";"pf_all_xy";"LFRUT";"Lichen";"Thamnolia subuliformis";"CTL";100;3;3;NA;NA;NA;NA
"QHI";"HE";"2";2023;"QHI:HE:2";"QHI:HE:2:2023";"LIVE";"pf_all_xy";"FORB";"Forb";"Saussurea angustifolia";"CTL";100;5;5;211;416;2.3696682464455;1.20192307692308
"QHI";"HE";"2";2023;"QHI:HE:2";"QHI:HE:2:2023";"LIVE";"pf_all_xy";"FORB";"Forb";"XXXotherforb";"CTL";100;3;3;211;416;1.4218009478673;0.721153846153846
"QHI";"HE";"2";2023;"QHI:HE:2";"QHI:HE:2:2023";"LIVE";"pf_all_xy";"LFRUT";"Lichen";"Nephromopsis cucullata";"CTL";100;1;1;NA;NA;NA;NA
"QHI";"HE";"2";2023;"QHI:HE:2";"QHI:HE:2:2023";"LIVE";"pf_all_xy";"SDECI";"Shrub";"Salix phlebophylla";"CTL";100;3;3;211;416;1.4218009478673;0.721153846153846
"QHI";"HE";"2";2023;"QHI:HE:2";"QHI:HE:2:2023";"LIVE";"pf_all_xy";"FORB";"Forb";"Pedicularis capitata";"CTL";100;2;2;211;416;0.947867298578199;0.480769230769231
"QHI";"HE";"2";2023;"QHI:HE:2";"QHI:HE:2:2023";"LIVE";"pf_all_xy";"ROCK";NA;"XXXrock";"CTL";100;1;1;NA;NA;NA;NA
"QHI";"HE";"2";2023;"QHI:HE:2";"QHI:HE:2:2023";"LIVE";"pf_all_xy";"LIVERU";"Lichen";"XXXliverwort";"CTL";100;2;2;NA;NA;NA;NA
"QHI";"HE";"3";2023;"QHI:HE:3";"QHI:HE:3:2023";"LIVE";"pf_all_xy";"SEDGE";"Graminoid";"Eriophorum angustifolium";"CTL";100;26;17;199;587;8.5427135678392;4.42930153321976
"QHI";"HE";"3";2023;"QHI:HE:3";"QHI:HE:3:2023";"LIVE";"pf_all_xy";"SDECI";"Shrub";"Salix pulchra";"CTL";100;87;39;199;587;19.5979899497487;14.8211243611584
"QHI";"HE";"3";2023;"QHI:HE:3";"QHI:HE:3:2023";"LIVE";"pf_all_xy";"MOSSU";NA;"XXXothermoss";"CTL";100;29;29;NA;NA;NA;NA
"QHI";"HE";"3";2023;"QHI:HE:3";"QHI:HE:3:2023";"LIVE";"pf_all_xy";"SEDGE";"Graminoid";"Eriophorum vaginatum";"CTL";100;412;92;199;587;46.2311557788945;70.1873935264054
"QHI";"HE";"3";2023;"QHI:HE:3";"QHI:HE:3:2023";"LITTER";"pf_all_xy";"LITTER";NA;"XXXLITTER";"CTL";100;81;81;NA;NA;NA;NA
"QHI";"HE";"3";2023;"QHI:HE:3";"QHI:HE:3:2023";"LIVE";"pf_all_xy";"FORB";"Forb";"Cardamine digitata";"CTL";100;2;2;199;587;1.00502512562814;0.340715502555366
"QHI";"HE";"3";2023;"QHI:HE:3";"QHI:HE:3:2023";"LIVE";"pf_all_xy";"GRASS";"Graminoid";"Arctagrostis latifolia";"CTL";100;12;9;199;587;4.52261306532663;2.0442930153322
"QHI";"HE";"3";2023;"QHI:HE:3";"QHI:HE:3:2023";"LIVE";"pf_all_xy";"SDECI";"Shrub";"Salix reticulata";"CTL";100;22;17;199;587;8.5427135678392;3.74787052810903
"QHI";"HE";"3";2023;"QHI:HE:3";"QHI:HE:3:2023";"LIVE";"pf_all_xy";"SDECI";"Shrub";"Salix phlebophylla";"CTL";100;2;2;199;587;1.00502512562814;0.340715502555366
"QHI";"HE";"3";2023;"QHI:HE:3";"QHI:HE:3:2023";"LIVE";"pf_all_xy";"FORB";"Forb";"Stellaria longipes";"CTL";100;6;6;199;587;3.01507537688442;1.0221465076661
"QHI";"HE";"3";2023;"QHI:HE:3";"QHI:HE:3:2023";"LIVE";"pf_all_xy";"GRASS";"Graminoid";"Poa arctica";"CTL";100;9;8;199;587;4.02010050251256;1.53321976149915
"QHI";"HE";"3";2023;"QHI:HE:3";"QHI:HE:3:2023";"LIVE";"pf_all_xy";"FORB";"Forb";"Pyrola grandiflora";"CTL";100;8;6;199;587;3.01507537688442;1.36286201022147
"QHI";"HE";"3";2023;"QHI:HE:3";"QHI:HE:3:2023";"LIVE";"pf_all_xy";"RUSH";"Graminoid";"Luzula nivalis";"CTL";100;1;1;199;587;0.50251256281407;0.170357751277683
"QHI";"HE";"4";2023;"QHI:HE:4";"QHI:HE:4:2023";"LIVE";"pf_all_xy";"SDECI";"Shrub";"Salix pulchra";"CTL";100;126;52;226;570;23.0088495575221;22.1052631578947
"QHI";"HE";"4";2023;"QHI:HE:4";"QHI:HE:4:2023";"LIVE";"pf_all_xy";"SEDGE";"Graminoid";"XXXcarex";"CTL";100;105;50;226;570;22.1238938053097;18.4210526315789
"QHI";"HE";"4";2023;"QHI:HE:4";"QHI:HE:4:2023";"LIVE";"pf_all_xy";"SEDGE";"Graminoid";"Eriophorum vaginatum";"CTL";100;270;71;226;570;31.4159292035398;47.3684210526316
"QHI";"HE";"4";2023;"QHI:HE:4";"QHI:HE:4:2023";"LIVE";"pf_all_xy";"MOSSU";NA;"XXXothermoss";"CTL";100;31;31;NA;NA;NA;NA
"QHI";"HE";"4";2023;"QHI:HE:4";"QHI:HE:4:2023";"LIVE";"pf_all_xy";"GRASS";"Graminoid";"Arctagrostis latifolia";"CTL";100;18;11;226;570;4.86725663716814;3.15789473684211
"QHI";"HE";"4";2023;"QHI:HE:4";"QHI:HE:4:2023";"LIVE";"pf_all_xy";"GRASS";"Graminoid";"Poa arctica";"CTL";100;12;9;226;570;3.98230088495575;2.10526315789474
"QHI";"HE";"4";2023;"QHI:HE:4";"QHI:HE:4:2023";"LITTER";"pf_all_xy";"LITTER";NA;"XXXLITTER";"CTL";100;80;80;NA;NA;NA;NA
"QHI";"HE";"4";2023;"QHI:HE:4";"QHI:HE:4:2023";"LIVE";"pf_all_xy";"SDECI";"Shrub";"Salix reticulata";"CTL";100;24;19;226;570;8.4070796460177;4.21052631578947
"QHI";"HE";"4";2023;"QHI:HE:4";"QHI:HE:4:2023";"LIVE";"pf_all_xy";"SEVER";"Shrub";"Dryas integrifolia";"CTL";100;9;8;226;570;3.53982300884956;1.57894736842105
"QHI";"HE";"4";2023;"QHI:HE:4";"QHI:HE:4:2023";"LIVE";"pf_all_xy";"FORB";"Forb";"Stellaria longipes";"CTL";100;3;3;226;570;1.32743362831858;0.526315789473684
"QHI";"HE";"4";2023;"QHI:HE:4";"QHI:HE:4:2023";"LIVE";"pf_all_xy";"FORB";"Forb";"Tephroseris integrifolia";"CTL";100;2;2;226;570;0.884955752212389;0.350877192982456
"QHI";"HE";"4";2023;"QHI:HE:4";"QHI:HE:4:2023";"LIVE";"pf_all_xy";"FORB";"Forb";"Pedicularis verticillata";"CTL";100;1;1;226;570;0.442477876106195;0.175438596491228
"QHI";"HE";"5";2023;"QHI:HE:5";"QHI:HE:5:2023";"LIVE";"pf_all_xy";"SEDGE";"Graminoid";"Eriophorum vaginatum";"CTL";100;163;64;180;336;35.5555555555556;48.5119047619048
"QHI";"HE";"5";2023;"QHI:HE:5";"QHI:HE:5:2023";"LIVE";"pf_all_xy";"SDECI";"Shrub";"Salix reticulata";"CTL";100;8;7;180;336;3.88888888888889;2.38095238095238
"QHI";"HE";"5";2023;"QHI:HE:5";"QHI:HE:5:2023";"LIVE";"pf_all_xy";"MOSSU";NA;"XXXothermoss";"CTL";100;37;37;NA;NA;NA;NA
"QHI";"HE";"5";2023;"QHI:HE:5";"QHI:HE:5:2023";"LITTER";"pf_all_xy";"LITTER";NA;"XXXLITTER";"CTL";100;80;80;NA;NA;NA;NA
"QHI";"HE";"5";2023;"QHI:HE:5";"QHI:HE:5:2023";"LIVE";"pf_all_xy";"GRASS";"Graminoid";"Arctagrostis latifolia";"CTL";100;26;19;180;336;10.5555555555556;7.73809523809524
"QHI";"HE";"5";2023;"QHI:HE:5";"QHI:HE:5:2023";"LIVE";"pf_all_xy";"SDECI";"Shrub";"Salix pulchra";"CTL";100;67;42;180;336;23.3333333333333;19.9404761904762
"QHI";"HE";"5";2023;"QHI:HE:5";"QHI:HE:5:2023";"LIVE";"pf_all_xy";"GRASS";"Graminoid";"Poa arctica";"CTL";100;11;8;180;336;4.44444444444444;3.27380952380952
"QHI";"HE";"5";2023;"QHI:HE:5";"QHI:HE:5:2023";"LIVE";"pf_all_xy";"SEDGE";"Graminoid";"XXXcarex";"CTL";100;32;20;180;336;11.1111111111111;9.52380952380952
"QHI";"HE";"5";2023;"QHI:HE:5";"QHI:HE:5:2023";"LIVE";"pf_all_xy";"FORB";"Forb";"Polygonum bistorta";"CTL";100;4;4;180;336;2.22222222222222;1.19047619047619
"QHI";"HE";"5";2023;"QHI:HE:5";"QHI:HE:5:2023";"LIVE";"pf_all_xy";"LIVERU";"Lichen";"XXXliverwort";"CTL";100;4;4;NA;NA;NA;NA
"QHI";"HE";"5";2023;"QHI:HE:5";"QHI:HE:5:2023";"LIVE";"pf_all_xy";"SEVER";"Shrub";"Dryas integrifolia";"CTL";100;6;5;180;336;2.77777777777778;1.78571428571429
"QHI";"HE";"5";2023;"QHI:HE:5";"QHI:HE:5:2023";"LIVE";"pf_all_xy";"FORB";"Forb";"Tephroseris integrifolia";"CTL";100;1;1;180;336;0.555555555555556;0.297619047619048
"QHI";"HE";"5";2023;"QHI:HE:5";"QHI:HE:5:2023";"LIVE";"pf_all_xy";"LFRUT";"Lichen";"XXXpeltigera";"CTL";100;5;5;NA;NA;NA;NA
"QHI";"HE";"5";2023;"QHI:HE:5";"QHI:HE:5:2023";"LIVE";"pf_all_xy";"FORB";"Forb";"Valeriana capitata";"CTL";100;1;1;180;336;0.555555555555556;0.297619047619048
"QHI";"HE";"5";2023;"QHI:HE:5";"QHI:HE:5:2023";"LIVE";"pf_all_xy";"LFRUT";"Lichen";"Dactylina arctica";"CTL";100;1;1;NA;NA;NA;NA
"QHI";"HE";"5";2023;"QHI:HE:5";"QHI:HE:5:2023";"LIVE";"pf_all_xy";"FORB";"Forb";"Stellaria longipes";"CTL";100;1;1;180;336;0.555555555555556;0.297619047619048
"QHI";"HE";"5";2023;"QHI:HE:5";"QHI:HE:5:2023";"LIVE";"pf_all_xy";"SDECI";"Shrub";"Salix phlebophylla";"CTL";100;14;6;180;336;3.33333333333333;4.16666666666667
"QHI";"HE";"5";2023;"QHI:HE:5";"QHI:HE:5:2023";"LITTER";"pf_all_xy";"GRASS";"Graminoid";"Poa arctica";"CTL";100;2;1;1;2;100;100
"QHI";"HE";"5";2023;"QHI:HE:5";"QHI:HE:5:2023";"LIVE";"pf_all_xy";"FORB";"Forb";"Bistorta vivipara";"CTL";100;1;1;180;336;0.555555555555556;0.297619047619048
"QHI";"HE";"5";2023;"QHI:HE:5";"QHI:HE:5:2023";"LIVE";"pf_all_xy";"FORB";"Forb";"Cardamine digitata";"CTL";100;1;1;180;336;0.555555555555556;0.297619047619048
"QHI";"HE";"6";2023;"QHI:HE:6";"QHI:HE:6:2023";"LIVE";"pf_all_xy";"SEDGE";"Graminoid";"Eriophorum vaginatum";"CTL";100;292;80;186;476;43.010752688172;61.3445378151261
"QHI";"HE";"6";2023;"QHI:HE:6";"QHI:HE:6:2023";"LIVE";"pf_all_xy";"MOSSU";NA;"XXXothermoss";"CTL";100;51;51;NA;NA;NA;NA
"QHI";"HE";"6";2023;"QHI:HE:6";"QHI:HE:6:2023";"LIVE";"pf_all_xy";"SDECI";"Shrub";"Salix pulchra";"CTL";100;95;49;186;476;26.3440860215054;19.9579831932773
"QHI";"HE";"6";2023;"QHI:HE:6";"QHI:HE:6:2023";"LITTER";"pf_all_xy";"LITTER";NA;"XXXLITTER";"CTL";100;52;52;NA;NA;NA;NA
"QHI";"HE";"6";2023;"QHI:HE:6";"QHI:HE:6:2023";"LIVE";"pf_all_xy";"GRASS";"Graminoid";"Poa arctica";"CTL";100;26;16;186;476;8.60215053763441;5.46218487394958
"QHI";"HE";"6";2023;"QHI:HE:6";"QHI:HE:6:2023";"LIVE";"pf_all_xy";"FORB";"Forb";"Bistorta vivipara";"CTL";100;3;3;186;476;1.61290322580645;0.630252100840336
"QHI";"HE";"6";2023;"QHI:HE:6";"QHI:HE:6:2023";"LIVE";"pf_all_xy";"GRASS";"Graminoid";"Arctagrostis latifolia";"CTL";100;21;10;186;476;5.37634408602151;4.41176470588235
"QHI";"HE";"6";2023;"QHI:HE:6";"QHI:HE:6:2023";"LIVE";"pf_all_xy";"SEVER";"Shrub";"Dryas integrifolia";"CTL";100;1;1;186;476;0.537634408602151;0.210084033613445
"QHI";"HE";"6";2023;"QHI:HE:6";"QHI:HE:6:2023";"LIVE";"pf_all_xy";"FORB";"Forb";"Pedicularis verticillata";"CTL";100;8;8;186;476;4.3010752688172;1.68067226890756
"QHI";"HE";"6";2023;"QHI:HE:6";"QHI:HE:6:2023";"LIVE";"pf_all_xy";"FORB";"Forb";"Valeriana capitata";"CTL";100;2;2;186;476;1.0752688172043;0.420168067226891
"QHI";"HE";"6";2023;"QHI:HE:6";"QHI:HE:6:2023";"LIVE";"pf_all_xy";"FORB";"Forb";"Pedicularis capitata";"CTL";100;3;3;186;476;1.61290322580645;0.630252100840336
"QHI";"HE";"6";2023;"QHI:HE:6";"QHI:HE:6:2023";"LIVE";"pf_all_xy";"SDECI";"Shrub";"Salix reticulata";"CTL";100;4;2;186;476;1.0752688172043;0.840336134453782
"QHI";"HE";"6";2023;"QHI:HE:6";"QHI:HE:6:2023";"LIVE";"pf_all_xy";"FORB";"Forb";"Pyrola grandiflora";"CTL";100;2;2;186;476;1.0752688172043;0.420168067226891
"QHI";"HE";"6";2023;"QHI:HE:6";"QHI:HE:6:2023";"LIVE";"pf_all_xy";"SEDGE";"Graminoid";"XXXcarex";"CTL";100;14;5;186;476;2.68817204301075;2.94117647058824
"QHI";"HE";"6";2023;"QHI:HE:6";"QHI:HE:6:2023";"LIVE";"pf_all_xy";"FORB";"Forb";"XXXotherforb";"CTL";100;1;1;186;476;0.537634408602151;0.210084033613445
"QHI";"HE";"6";2023;"QHI:HE:6";"QHI:HE:6:2023";"LIVE";"pf_all_xy";"LFRUT";"Lichen";"XXXpeltigera";"CTL";100;4;4;NA;NA;NA;NA
"QHI";"HE";"6";2023;"QHI:HE:6";"QHI:HE:6:2023";"LIVE";"pf_all_xy";"FORB";"Forb";"Stellaria longipes";"CTL";100;2;2;186;476;1.0752688172043;0.420168067226891
"QHI";"HE";"6";2023;"QHI:HE:6";"QHI:HE:6:2023";"LIVE";"pf_all_xy";"LFRUT";"Lichen";"Lagotis glauca";"CTL";100;1;1;NA;NA;NA;NA
"QHI";"HE";"6";2023;"QHI:HE:6";"QHI:HE:6:2023";"LIVE";"pf_all_xy";"WATER";NA;"XXXstandingwater";"CTL";100;2;2;NA;NA;NA;NA
"QHI";"HE";"6";2023;"QHI:HE:6";"QHI:HE:6:2023";"LIVE";"pf_all_xy";"FORB";"Forb";"Polygonum bistorta";"CTL";100;1;1;186;476;0.537634408602151;0.210084033613445
"QHI";"HE";"6";2023;"QHI:HE:6";"QHI:HE:6:2023";"LIVE";"pf_all_xy";"RUSH";"Graminoid";"Luzula nivalis";"CTL";100;1;1;186;476;0.537634408602151;0.210084033613445
"QHI";"HE";"1";2024;"QHI:HE:1";"QHI:HE:1:2024";"LIVE";"pf_all_xy";"RUSH";"Graminoid";"Luzula nivalis";"CTL";100;2;1;222;612;0.45045045045045;0.326797385620915
"QHI";"HE";"1";2024;"QHI:HE:1";"QHI:HE:1:2024";"LIVE";"pf_all_xy";"FORB";"Forb";"Polygonum bistorta";"CTL";100;6;5;222;612;2.25225225225225;0.980392156862745
"QHI";"HE";"1";2024;"QHI:HE:1";"QHI:HE:1:2024";"LIVE";"pf_all_xy";"SEDGE";"Graminoid";"Eriophorum vaginatum";"CTL";100;387;95;222;612;42.7927927927928;63.2352941176471
"QHI";"HE";"1";2024;"QHI:HE:1";"QHI:HE:1:2024";"LIVE";"pf_all_xy";"FORB";"Forb";"Stellaria longipes";"CTL";100;5;4;222;612;1.8018018018018;0.816993464052288
"QHI";"HE";"1";2024;"QHI:HE:1";"QHI:HE:1:2024";"LIVE";"pf_all_xy";"LFRUT";"Lichen";"Dactylina arctica";"CTL";100;1;1;NA;NA;NA;NA
"QHI";"HE";"1";2024;"QHI:HE:1";"QHI:HE:1:2024";"LITTER";"pf_all_xy";"LITTER";NA;"XXXLITTER";"CTL";100;88;88;NA;NA;NA;NA
"QHI";"HE";"1";2024;"QHI:HE:1";"QHI:HE:1:2024";"LIVE";"pf_all_xy";"GRASS";"Graminoid";"Anthoxanthum monticola";"CTL";100;8;4;222;612;1.8018018018018;1.30718954248366
"QHI";"HE";"1";2024;"QHI:HE:1";"QHI:HE:1:2024";"LIVE";"pf_all_xy";"SDECI";"Shrub";"Salix pulchra";"CTL";100;103;48;222;612;21.6216216216216;16.8300653594771
"QHI";"HE";"1";2024;"QHI:HE:1";"QHI:HE:1:2024";"LIVE";"pf_all_xy";"GRASS";"Graminoid";"Arctagrostis latifolia";"CTL";100;38;23;222;612;10.3603603603604;6.20915032679739
"QHI";"HE";"1";2024;"QHI:HE:1";"QHI:HE:1:2024";"LIVE";"pf_all_xy";"FORB";"Forb";"Pedicularis capitata";"CTL";100;4;4;222;612;1.8018018018018;0.65359477124183
"QHI";"HE";"1";2024;"QHI:HE:1";"QHI:HE:1:2024";"LIVE";"pf_all_xy";"GRASS";"Graminoid";"Poa arctica";"CTL";100;19;9;222;612;4.05405405405405;3.10457516339869
"QHI";"HE";"1";2024;"QHI:HE:1";"QHI:HE:1:2024";"LIVE";"pf_all_xy";"FORB";"Forb";"Bistorta vivipara";"CTL";100;3;2;222;612;0.900900900900901;0.490196078431373
"QHI";"HE";"1";2024;"QHI:HE:1";"QHI:HE:1:2024";"LIVE";"pf_all_xy";"SDECI";"Shrub";"Salix phlebophylla";"CTL";100;4;3;222;612;1.35135135135135;0.65359477124183
"QHI";"HE";"1";2024;"QHI:HE:1";"QHI:HE:1:2024";"LIVE";"pf_all_xy";"FORB";"Forb";"Cardamine digitata";"CTL";100;6;5;222;612;2.25225225225225;0.980392156862745
"QHI";"HE";"1";2024;"QHI:HE:1";"QHI:HE:1:2024";"LIVE";"pf_all_xy";"FORB";"Forb";"Saussurea angustifolia";"CTL";100;2;2;222;612;0.900900900900901;0.326797385620915
"QHI";"HE";"1";2024;"QHI:HE:1";"QHI:HE:1:2024";"LIVE";"pf_all_xy";"LFRUT";"Lichen";"Nephromopsis cucullata";"CTL";100;2;2;NA;NA;NA;NA
"QHI";"HE";"1";2024;"QHI:HE:1";"QHI:HE:1:2024";"LIVE";"pf_all_xy";"FORB";"Forb";"XXXotherforb";"CTL";100;2;2;222;612;0.900900900900901;0.326797385620915
"QHI";"HE";"1";2024;"QHI:HE:1";"QHI:HE:1:2024";"LIVE";"pf_all_xy";"SDECI";"Shrub";"Salix reticulata";"CTL";100;23;15;222;612;6.75675675675676;3.75816993464052
"QHI";"HE";"1";2024;"QHI:HE:1";"QHI:HE:1:2024";"LIVE";"pf_all_xy";"MOSSU";NA;"XXXothermoss";"CTL";100;13;13;NA;NA;NA;NA
"QHI";"HE";"1";2024;"QHI:HE:1";"QHI:HE:1:2024";"LIVE";"pf_all_xy";"LICHENU";"Lichen";"XXXotherlichen";"CTL";100;2;2;NA;NA;NA;NA
"QHI";"HE";"1";2024;"QHI:HE:1";"QHI:HE:1:2024";"LIVE";"pf_all_xy";"LFRUT";"Lichen";"Thamnolia subuliformis";"CTL";100;1;1;NA;NA;NA;NA
"QHI";"HE";"2";2024;"QHI:HE:2";"QHI:HE:2:2024";"LITTER";"pf_all_xy";"LITTER";NA;"XXXLITTER";"CTL";100;94;94;NA;NA;NA;NA
"QHI";"HE";"2";2024;"QHI:HE:2";"QHI:HE:2:2024";"LIVE";"pf_all_xy";"SDECI";"Shrub";"Salix pulchra";"CTL";100;80;38;183;413;20.7650273224044;19.3704600484261
"QHI";"HE";"2";2024;"QHI:HE:2";"QHI:HE:2:2024";"LIVE";"pf_all_xy";"SEDGE";"Graminoid";"Eriophorum vaginatum";"CTL";100;223;67;183;413;36.6120218579235;53.9951573849879
"QHI";"HE";"2";2024;"QHI:HE:2";"QHI:HE:2:2024";"LIVE";"pf_all_xy";"RUSH";"Graminoid";"Luzula nivalis";"CTL";100;2;2;183;413;1.09289617486339;0.484261501210654
"QHI";"HE";"2";2024;"QHI:HE:2";"QHI:HE:2:2024";"LIVE";"pf_all_xy";"SEVER";"Shrub";"Dryas integrifolia";"CTL";100;5;4;183;413;2.18579234972678;1.21065375302663
"QHI";"HE";"2";2024;"QHI:HE:2";"QHI:HE:2:2024";"LIVE";"pf_all_xy";"FORB";"Forb";"Polygonum bistorta";"CTL";100;15;12;183;413;6.55737704918033;3.6319612590799
"QHI";"HE";"2";2024;"QHI:HE:2";"QHI:HE:2:2024";"LIVE";"pf_all_xy";"MOSSU";NA;"XXXothermoss";"CTL";100;7;7;NA;NA;NA;NA
"QHI";"HE";"2";2024;"QHI:HE:2";"QHI:HE:2:2024";"LIVE";"pf_all_xy";"FORB";"Forb";"Pedicularis capitata";"CTL";100;1;1;183;413;0.546448087431694;0.242130750605327
"QHI";"HE";"2";2024;"QHI:HE:2";"QHI:HE:2:2024";"LIVE";"pf_all_xy";"SDECI";"Shrub";"Salix reticulata";"CTL";100;35;24;183;413;13.1147540983607;8.47457627118644
"QHI";"HE";"2";2024;"QHI:HE:2";"QHI:HE:2:2024";"LIVE";"pf_all_xy";"FORB";"Forb";"Saussurea angustifolia";"CTL";100;5;5;183;413;2.73224043715847;1.21065375302663
"QHI";"HE";"2";2024;"QHI:HE:2";"QHI:HE:2:2024";"LIVE";"pf_all_xy";"LFRUT";"Lichen";"Thamnolia subuliformis";"CTL";100;3;3;NA;NA;NA;NA
"QHI";"HE";"2";2024;"QHI:HE:2";"QHI:HE:2:2024";"LIVE";"pf_all_xy";"LFRUT";"Lichen";"Alectoria ochroleuca";"CTL";100;1;1;NA;NA;NA;NA
"QHI";"HE";"2";2024;"QHI:HE:2";"QHI:HE:2:2024";"LIVE";"pf_all_xy";"LFRUT";"Lichen";"XXXpeltigera";"CTL";100;1;1;NA;NA;NA;NA
"QHI";"HE";"2";2024;"QHI:HE:2";"QHI:HE:2:2024";"LIVE";"pf_all_xy";"GRASS";"Graminoid";"Anthoxanthum monticola";"CTL";100;5;5;183;413;2.73224043715847;1.21065375302663
"QHI";"HE";"2";2024;"QHI:HE:2";"QHI:HE:2:2024";"LIVE";"pf_all_xy";"SDECI";"Shrub";"Salix phlebophylla";"CTL";100;6;4;183;413;2.18579234972678;1.45278450363196
"QHI";"HE";"2";2024;"QHI:HE:2";"QHI:HE:2:2024";"LITTER";"pf_all_xy";"SEDGE";"Graminoid";"Eriophorum vaginatum";"CTL";100;4;1;1;4;100;100
"QHI";"HE";"2";2024;"QHI:HE:2";"QHI:HE:2:2024";"LIVE";"pf_all_xy";"FORB";"Forb";"Stellaria longipes";"CTL";100;6;4;183;413;2.18579234972678;1.45278450363196
"QHI";"HE";"2";2024;"QHI:HE:2";"QHI:HE:2:2024";"LIVE";"pf_all_xy";"GRASS";"Graminoid";"Poa arctica";"CTL";100;12;4;183;413;2.18579234972678;2.90556900726392
"QHI";"HE";"2";2024;"QHI:HE:2";"QHI:HE:2:2024";"LIVE";"pf_all_xy";"GRASS";"Graminoid";"Arctagrostis latifolia";"CTL";100;16;11;183;413;6.01092896174863;3.87409200968523
"QHI";"HE";"2";2024;"QHI:HE:2";"QHI:HE:2:2024";"LIVE";"pf_all_xy";"FORB";"Forb";"Tephroseris integrifolia";"CTL";100;1;1;183;413;0.546448087431694;0.242130750605327
"QHI";"HE";"2";2024;"QHI:HE:2";"QHI:HE:2:2024";"LIVE";"pf_all_xy";"FORB";"Forb";"Cardamine digitata";"CTL";100;1;1;183;413;0.546448087431694;0.242130750605327
"QHI";"HE";"2";2024;"QHI:HE:2";"QHI:HE:2:2024";"LIVE";"pf_all_xy";"LFRUT";"Lichen";"Nephromopsis cucullata";"CTL";100;2;2;NA;NA;NA;NA
"QHI";"HE";"3";2024;"QHI:HE:3";"QHI:HE:3:2024";"LIVE";"pf_all_xy";"SDECI";"Shrub";"Salix pulchra";"CTL";100;47;26;174;396;14.9425287356322;11.8686868686869
"QHI";"HE";"3";2024;"QHI:HE:3";"QHI:HE:3:2024";"LIVE";"pf_all_xy";"MOSSU";NA;"XXXothermoss";"CTL";100;30;30;NA;NA;NA;NA
"QHI";"HE";"3";2024;"QHI:HE:3";"QHI:HE:3:2024";"LIVE";"pf_all_xy";"SEDGE";"Graminoid";"Eriophorum vaginatum";"CTL";100;229;70;174;396;40.2298850574713;57.8282828282828
"QHI";"HE";"3";2024;"QHI:HE:3";"QHI:HE:3:2024";"LITTER";"pf_all_xy";"LITTER";NA;"XXXLITTER";"CTL";100;90;90;NA;NA;NA;NA
"QHI";"HE";"3";2024;"QHI:HE:3";"QHI:HE:3:2024";"LIVE";"pf_all_xy";"FORB";"Forb";"Polygonum bistorta";"CTL";100;3;3;174;396;1.72413793103448;0.757575757575758
"QHI";"HE";"3";2024;"QHI:HE:3";"QHI:HE:3:2024";"LIVE";"pf_all_xy";"GRASS";"Graminoid";"Arctagrostis latifolia";"CTL";100;31;22;174;396;12.6436781609195;7.82828282828283
"QHI";"HE";"3";2024;"QHI:HE:3";"QHI:HE:3:2024";"LIVE";"pf_all_xy";"SDECI";"Shrub";"Salix reticulata";"CTL";100;16;12;174;396;6.89655172413793;4.04040404040404
"QHI";"HE";"3";2024;"QHI:HE:3";"QHI:HE:3:2024";"LIVE";"pf_all_xy";"FORB";"Forb";"Pyrola grandiflora";"CTL";100;11;6;174;396;3.44827586206897;2.77777777777778
"QHI";"HE";"3";2024;"QHI:HE:3";"QHI:HE:3:2024";"LIVE";"pf_all_xy";"GRASS";"Graminoid";"Poa arctica";"CTL";100;33;18;174;396;10.3448275862069;8.33333333333333
"QHI";"HE";"3";2024;"QHI:HE:3";"QHI:HE:3:2024";"LIVE";"pf_all_xy";"FORB";"Forb";"Valeriana capitata";"CTL";100;2;1;174;396;0.574712643678161;0.505050505050505
"QHI";"HE";"3";2024;"QHI:HE:3";"QHI:HE:3:2024";"LIVE";"pf_all_xy";"SEDGE";"Graminoid";"Eriophorum angustifolium";"CTL";100;15;9;174;396;5.17241379310345;3.78787878787879
"QHI";"HE";"3";2024;"QHI:HE:3";"QHI:HE:3:2024";"LIVE";"pf_all_xy";"LFRUT";"Lichen";"XXXpeltigera";"CTL";100;1;1;NA;NA;NA;NA
"QHI";"HE";"3";2024;"QHI:HE:3";"QHI:HE:3:2024";"LIVE";"pf_all_xy";"FORB";"Forb";"Cardamine digitata";"CTL";100;2;2;174;396;1.14942528735632;0.505050505050505
"QHI";"HE";"3";2024;"QHI:HE:3";"QHI:HE:3:2024";"LIVE";"pf_all_xy";"FORB";"Forb";"Tephroseris integrifolia";"CTL";100;2;1;174;396;0.574712643678161;0.505050505050505
"QHI";"HE";"3";2024;"QHI:HE:3";"QHI:HE:3:2024";"LIVE";"pf_all_xy";"FORB";"Forb";"Stellaria longipes";"CTL";100;1;1;174;396;0.574712643678161;0.252525252525253
"QHI";"HE";"3";2024;"QHI:HE:3";"QHI:HE:3:2024";"LIVE";"pf_all_xy";"GRAMINOIDU";"Graminoid";"XXXothergram";"CTL";100;2;1;174;396;0.574712643678161;0.505050505050505
"QHI";"HE";"3";2024;"QHI:HE:3";"QHI:HE:3:2024";"LIVE";"pf_all_xy";"FORB";"Forb";"Micranthes nelsoniana";"CTL";100;1;1;174;396;0.574712643678161;0.252525252525253
"QHI";"HE";"3";2024;"QHI:HE:3";"QHI:HE:3:2024";"LIVE";"pf_all_xy";"SEDGE";"Graminoid";"XXXcarex";"CTL";100;1;1;174;396;0.574712643678161;0.252525252525253
"QHI";"HE";"4";2024;"QHI:HE:4";"QHI:HE:4:2024";"LIVE";"pf_all_xy";"SDECI";"Shrub";"Salix pulchra";"CTL";100;172;61;235;639;25.9574468085106;26.9170579029734
"QHI";"HE";"4";2024;"QHI:HE:4";"QHI:HE:4:2024";"LIVE";"pf_all_xy";"SEDGE";"Graminoid";"XXXcarex";"CTL";100;144;57;235;639;24.2553191489362;22.5352112676056
"QHI";"HE";"4";2024;"QHI:HE:4";"QHI:HE:4:2024";"LIVE";"pf_all_xy";"MOSSU";NA;"XXXothermoss";"CTL";100;43;43;NA;NA;NA;NA
"QHI";"HE";"4";2024;"QHI:HE:4";"QHI:HE:4:2024";"LIVE";"pf_all_xy";"GRASS";"Graminoid";"Poa arctica";"CTL";100;14;11;235;639;4.68085106382979;2.19092331768388
"QHI";"HE";"4";2024;"QHI:HE:4";"QHI:HE:4:2024";"LIVE";"pf_all_xy";"SEDGE";"Graminoid";"Eriophorum vaginatum";"CTL";100;243;63;235;639;26.8085106382979;38.0281690140845
"QHI";"HE";"4";2024;"QHI:HE:4";"QHI:HE:4:2024";"LITTER";"pf_all_xy";"LITTER";NA;"XXXLITTER";"CTL";100;65;65;NA;NA;NA;NA
"QHI";"HE";"4";2024;"QHI:HE:4";"QHI:HE:4:2024";"LIVE";"pf_all_xy";"GRASS";"Graminoid";"Arctagrostis latifolia";"CTL";100;22;13;235;639;5.53191489361702;3.44287949921753
"QHI";"HE";"4";2024;"QHI:HE:4";"QHI:HE:4:2024";"LIVE";"pf_all_xy";"FORB";"Forb";"Pedicularis capitata";"CTL";100;6;4;235;639;1.70212765957447;0.938967136150235
"QHI";"HE";"4";2024;"QHI:HE:4";"QHI:HE:4:2024";"LIVE";"pf_all_xy";"SDECI";"Shrub";"Salix reticulata";"CTL";100;20;11;235;639;4.68085106382979;3.12989045383412
"QHI";"HE";"4";2024;"QHI:HE:4";"QHI:HE:4:2024";"LIVE";"pf_all_xy";"FORB";"Forb";"Bistorta vivipara";"CTL";100;5;5;235;639;2.12765957446809;0.782472613458529
"QHI";"HE";"4";2024;"QHI:HE:4";"QHI:HE:4:2024";"LIVE";"pf_all_xy";"WATER";NA;"XXXstandingwater";"CTL";100;12;12;NA;NA;NA;NA
"QHI";"HE";"4";2024;"QHI:HE:4";"QHI:HE:4:2024";"LIVE";"pf_all_xy";"FORB";"Forb";"Stellaria longipes";"CTL";100;3;3;235;639;1.27659574468085;0.469483568075117
"QHI";"HE";"4";2024;"QHI:HE:4";"QHI:HE:4:2024";"LIVE";"pf_all_xy";"FORB";"Forb";"Cardamine digitata";"CTL";100;1;1;235;639;0.425531914893617;0.156494522691706
"QHI";"HE";"4";2024;"QHI:HE:4";"QHI:HE:4:2024";"LIVE";"pf_all_xy";"FORB";"Forb";"Polygonum bistorta";"CTL";100;1;1;235;639;0.425531914893617;0.156494522691706
"QHI";"HE";"4";2024;"QHI:HE:4";"QHI:HE:4:2024";"LIVE";"pf_all_xy";"LFRUT";"Lichen";"Thamnolia subuliformis";"CTL";100;1;1;NA;NA;NA;NA
"QHI";"HE";"4";2024;"QHI:HE:4";"QHI:HE:4:2024";"LIVE";"pf_all_xy";"SEVER";"Shrub";"Dryas integrifolia";"CTL";100;8;5;235;639;2.12765957446809;1.25195618153365
"QHI";"HE";"5";2024;"QHI:HE:5";"QHI:HE:5:2024";"LIVE";"pf_all_xy";"SEDGE";"Graminoid";"Eriophorum vaginatum";"CTL";100;210;73;172;366;42.4418604651163;57.3770491803279
"QHI";"HE";"5";2024;"QHI:HE:5";"QHI:HE:5:2024";"LIVE";"pf_all_xy";"GRASS";"Graminoid";"Arctagrostis latifolia";"CTL";100;24;19;172;366;11.046511627907;6.55737704918033
"QHI";"HE";"5";2024;"QHI:HE:5";"QHI:HE:5:2024";"LIVE";"pf_all_xy";"SDECI";"Shrub";"Salix pulchra";"CTL";100;71;37;172;366;21.5116279069767;19.3989071038251
"QHI";"HE";"5";2024;"QHI:HE:5";"QHI:HE:5:2024";"LIVE";"pf_all_xy";"MOSSU";NA;"XXXothermoss";"CTL";100;36;36;NA;NA;NA;NA
"QHI";"HE";"5";2024;"QHI:HE:5";"QHI:HE:5:2024";"LITTER";"pf_all_xy";"LITTER";NA;"XXXLITTER";"CTL";100;90;90;NA;NA;NA;NA
"QHI";"HE";"5";2024;"QHI:HE:5";"QHI:HE:5:2024";"LIVE";"pf_all_xy";"SEDGE";"Graminoid";"XXXcarex";"CTL";100;30;20;172;366;11.6279069767442;8.19672131147541
"QHI";"HE";"5";2024;"QHI:HE:5";"QHI:HE:5:2024";"LIVE";"pf_all_xy";"FORB";"Forb";"Polygonum bistorta";"CTL";100;2;2;172;366;1.16279069767442;0.546448087431694
"QHI";"HE";"5";2024;"QHI:HE:5";"QHI:HE:5:2024";"LIVE";"pf_all_xy";"SEVER";"Shrub";"Dryas integrifolia";"CTL";100;3;3;172;366;1.74418604651163;0.819672131147541
"QHI";"HE";"5";2024;"QHI:HE:5";"QHI:HE:5:2024";"LIVE";"pf_all_xy";"SDECI";"Shrub";"Salix reticulata";"CTL";100;8;6;172;366;3.48837209302326;2.18579234972678
"QHI";"HE";"5";2024;"QHI:HE:5";"QHI:HE:5:2024";"LIVE";"pf_all_xy";"FORB";"Forb";"Tephroseris integrifolia";"CTL";100;2;2;172;366;1.16279069767442;0.546448087431694
"QHI";"HE";"5";2024;"QHI:HE:5";"QHI:HE:5:2024";"LIVE";"pf_all_xy";"SDECI";"Shrub";"Salix arctica";"CTL";100;1;1;172;366;0.581395348837209;0.273224043715847
"QHI";"HE";"5";2024;"QHI:HE:5";"QHI:HE:5:2024";"LIVE";"pf_all_xy";"GRASS";"Graminoid";"Poa arctica";"CTL";100;6;3;172;366;1.74418604651163;1.63934426229508
"QHI";"HE";"5";2024;"QHI:HE:5";"QHI:HE:5:2024";"LIVE";"pf_all_xy";"FORB";"Forb";"Cardamine digitata";"CTL";100;2;2;172;366;1.16279069767442;0.546448087431694
"QHI";"HE";"5";2024;"QHI:HE:5";"QHI:HE:5:2024";"LIVE";"pf_all_xy";"SDECI";"Shrub";"Salix phlebophylla";"CTL";100;6;3;172;366;1.74418604651163;1.63934426229508
"QHI";"HE";"5";2024;"QHI:HE:5";"QHI:HE:5:2024";"LIVE";"pf_all_xy";"LFRUT";"Lichen";"XXXpeltigera";"CTL";100;1;1;NA;NA;NA;NA
"QHI";"HE";"5";2024;"QHI:HE:5";"QHI:HE:5:2024";"LIVE";"pf_all_xy";"FORB";"Forb";"Stellaria longipes";"CTL";100;1;1;172;366;0.581395348837209;0.273224043715847
"QHI";"HE";"6";2024;"QHI:HE:6";"QHI:HE:6:2024";"LIVE";"pf_all_xy";"SEDGE";"Graminoid";"Eriophorum vaginatum";"CTL";100;158;41;177;427;23.1638418079096;37.0023419203747
"QHI";"HE";"6";2024;"QHI:HE:6";"QHI:HE:6:2024";"LITTER";"pf_all_xy";"LITTER";NA;"XXXLITTER";"CTL";100;71;71;NA;NA;NA;NA
"QHI";"HE";"6";2024;"QHI:HE:6";"QHI:HE:6:2024";"LIVE";"pf_all_xy";"MOSSU";NA;"XXXothermoss";"CTL";100;67;67;NA;NA;NA;NA
"QHI";"HE";"6";2024;"QHI:HE:6";"QHI:HE:6:2024";"LIVE";"pf_all_xy";"FORB";"Forb";"Bistorta vivipara";"CTL";100;4;4;177;427;2.25988700564972;0.936768149882904
"QHI";"HE";"6";2024;"QHI:HE:6";"QHI:HE:6:2024";"LIVE";"pf_all_xy";"SDECI";"Shrub";"Salix pulchra";"CTL";100;89;50;177;427;28.2485875706215;20.8430913348946
"QHI";"HE";"6";2024;"QHI:HE:6";"QHI:HE:6:2024";"LIVE";"pf_all_xy";"FORB";"Forb";"Polygonum bistorta";"CTL";100;3;3;177;427;1.69491525423729;0.702576112412178
"QHI";"HE";"6";2024;"QHI:HE:6";"QHI:HE:6:2024";"LIVE";"pf_all_xy";"FORB";"Forb";"Saussurea angustifolia";"CTL";100;1;1;177;427;0.564971751412429;0.234192037470726
"QHI";"HE";"6";2024;"QHI:HE:6";"QHI:HE:6:2024";"LIVE";"pf_all_xy";"SEVER";"Shrub";"Dryas integrifolia";"CTL";100;1;1;177;427;0.564971751412429;0.234192037470726
"QHI";"HE";"6";2024;"QHI:HE:6";"QHI:HE:6:2024";"LIVE";"pf_all_xy";"FORB";"Forb";"Cardamine digitata";"CTL";100;1;1;177;427;0.564971751412429;0.234192037470726
"QHI";"HE";"6";2024;"QHI:HE:6";"QHI:HE:6:2024";"LIVE";"pf_all_xy";"GRASS";"Graminoid";"Poa arctica";"CTL";100;51;28;177;427;15.819209039548;11.943793911007
"QHI";"HE";"6";2024;"QHI:HE:6";"QHI:HE:6:2024";"LIVE";"pf_all_xy";"FORB";"Forb";"Stellaria longipes";"CTL";100;3;2;177;427;1.12994350282486;0.702576112412178
"QHI";"HE";"6";2024;"QHI:HE:6";"QHI:HE:6:2024";"LIVE";"pf_all_xy";"SEDGE";"Graminoid";"XXXcarex";"CTL";100;92;28;177;427;15.819209039548;21.5456674473068
"QHI";"HE";"6";2024;"QHI:HE:6";"QHI:HE:6:2024";"LIVE";"pf_all_xy";"SDECI";"Shrub";"Salix reticulata";"CTL";100;1;1;177;427;0.564971751412429;0.234192037470726
"QHI";"HE";"6";2024;"QHI:HE:6";"QHI:HE:6:2024";"LIVE";"pf_all_xy";"GRASS";"Graminoid";"Arctagrostis latifolia";"CTL";100;18;13;177;427;7.34463276836158;4.21545667447307
"QHI";"HE";"6";2024;"QHI:HE:6";"QHI:HE:6:2024";"LIVE";"pf_all_xy";"FORB";"Forb";"Pedicularis sudetica";"CTL";100;1;1;177;427;0.564971751412429;0.234192037470726
"QHI";"HE";"6";2024;"QHI:HE:6";"QHI:HE:6:2024";"LIVE";"pf_all_xy";"FORB";"Forb";"Pyrola grandiflora";"CTL";100;3;2;177;427;1.12994350282486;0.702576112412178
"QHI";"HE";"6";2024;"QHI:HE:6";"QHI:HE:6:2024";"LIVE";"pf_all_xy";"LFRUT";"Lichen";"XXXpeltigera";"CTL";100;5;5;NA;NA;NA;NA
"QHI";"HE";"6";2024;"QHI:HE:6";"QHI:HE:6:2024";"LITTER";"pf_all_xy";"LFRUT";"Lichen";"XXXpeltigera";"CTL";100;1;1;NA;NA;NA;NA
"QHI";"HE";"6";2024;"QHI:HE:6";"QHI:HE:6:2024";"LIVE";"pf_all_xy";"WATER";NA;"XXXstandingwater";"CTL";100;2;2;NA;NA;NA;NA
"QHI";"HE";"6";2024;"QHI:HE:6";"QHI:HE:6:2024";"LIVE";"pf_all_xy";"FORB";"Forb";"Tephroseris integrifolia";"CTL";100;1;1;177;427;0.564971751412429;0.234192037470726
"QHI";"HE";"1";2025;"QHI:HE:1";"QHI:HE:1:2025";"LIVE";"pf_all_xy";"GRASS";"Graminoid";"Arctagrostis latifolia";"CTL";100;53;25;214;558;11.6822429906542;9.49820788530466
"QHI";"HE";"1";2025;"QHI:HE:1";"QHI:HE:1:2025";"LIVE";"pf_all_xy";"SEDGE";"Graminoid";"Eriophorum vaginatum";"CTL";100;280;85;214;558;39.7196261682243;50.179211469534
"QHI";"HE";"1";2025;"QHI:HE:1";"QHI:HE:1:2025";"LIVE";"pf_all_xy";"GRASS";"Graminoid";"Poa arctica";"CTL";100;6;6;214;558;2.80373831775701;1.0752688172043
"QHI";"HE";"1";2025;"QHI:HE:1";"QHI:HE:1:2025";"LIVE";"pf_all_xy";"SDECI";"Shrub";"Salix pulchra";"CTL";100;148;47;214;558;21.9626168224299;26.5232974910394
"QHI";"HE";"1";2025;"QHI:HE:1";"QHI:HE:1:2025";"LIVE";"pf_all_xy";"GRASS";"Graminoid";"Anthoxanthum monticola";"CTL";100;2;2;214;558;0.934579439252336;0.3584229390681
"QHI";"HE";"1";2025;"QHI:HE:1";"QHI:HE:1:2025";"LIVE";"pf_all_xy";"MOSSU";NA;"XXXothermoss";"CTL";100;14;14;NA;NA;NA;NA
"QHI";"HE";"1";2025;"QHI:HE:1";"QHI:HE:1:2025";"LIVE";"pf_all_xy";"FORB";"Forb";"Polygonum bistorta";"CTL";100;14;10;214;558;4.67289719626168;2.5089605734767
"QHI";"HE";"1";2025;"QHI:HE:1";"QHI:HE:1:2025";"LITTER";"pf_all_xy";"LITTER";NA;"XXXLITTER";"CTL";100;86;86;NA;NA;NA;NA
"QHI";"HE";"1";2025;"QHI:HE:1";"QHI:HE:1:2025";"LIVE";"pf_all_xy";"SDECI";"Shrub";"Salix phlebophylla";"CTL";100;15;8;214;558;3.73831775700935;2.68817204301075
"QHI";"HE";"1";2025;"QHI:HE:1";"QHI:HE:1:2025";"LIVE";"pf_all_xy";"SDECI";"Shrub";"Salix reticulata";"CTL";100;23;16;214;558;7.47663551401869;4.12186379928315
"QHI";"HE";"1";2025;"QHI:HE:1";"QHI:HE:1:2025";"LIVE";"pf_all_xy";"SEVER";"Shrub";"Cassiope tetragona";"CTL";100;2;2;214;558;0.934579439252336;0.3584229390681
"QHI";"HE";"1";2025;"QHI:HE:1";"QHI:HE:1:2025";"LIVE";"pf_all_xy";"FORB";"Forb";"Pedicularis capitata";"CTL";100;5;5;214;558;2.33644859813084;0.896057347670251
"QHI";"HE";"1";2025;"QHI:HE:1";"QHI:HE:1:2025";"LIVE";"pf_all_xy";"FORB";"Forb";"Tephroseris integrifolia";"CTL";100;4;4;214;558;1.86915887850467;0.716845878136201
"QHI";"HE";"1";2025;"QHI:HE:1";"QHI:HE:1:2025";"LIVE";"pf_all_xy";"FORB";"Forb";"Saussurea angustifolia";"CTL";100;4;2;214;558;0.934579439252336;0.716845878136201
"QHI";"HE";"1";2025;"QHI:HE:1";"QHI:HE:1:2025";"LIVE";"pf_all_xy";"GRASS";"Graminoid";"Festuca baffinensis";"CTL";100;2;2;214;558;0.934579439252336;0.3584229390681
"QHI";"HE";"1";2025;"QHI:HE:1";"QHI:HE:1:2025";"LIVE";"pf_all_xy";"LICHENU";"Lichen";"XXXotherlichen";"CTL";100;1;1;NA;NA;NA;NA
"QHI";"HE";"2";2025;"QHI:HE:2";"QHI:HE:2:2025";"LITTER";"pf_all_xy";"LITTER";NA;"XXXLITTER";"CTL";100;97;97;NA;NA;NA;NA
"QHI";"HE";"2";2025;"QHI:HE:2";"QHI:HE:2:2025";"LIVE";"pf_all_xy";"FORB";"Forb";"Polygonum bistorta";"CTL";100;8;8;170;334;4.70588235294118;2.39520958083832
"QHI";"HE";"2";2025;"QHI:HE:2";"QHI:HE:2:2025";"LIVE";"pf_all_xy";"SEDGE";"Graminoid";"Eriophorum vaginatum";"CTL";100;204;74;170;334;43.5294117647059;61.0778443113772
"QHI";"HE";"2";2025;"QHI:HE:2";"QHI:HE:2:2025";"LIVE";"pf_all_xy";"GRASS";"Graminoid";"Arctagrostis latifolia";"CTL";100;7;6;170;334;3.52941176470588;2.09580838323353
"QHI";"HE";"2";2025;"QHI:HE:2";"QHI:HE:2:2025";"LIVE";"pf_all_xy";"SEVER";"Shrub";"Dryas integrifolia";"CTL";100;2;2;170;334;1.17647058823529;0.598802395209581
"QHI";"HE";"2";2025;"QHI:HE:2";"QHI:HE:2:2025";"LIVE";"pf_all_xy";"GRASS";"Graminoid";"Anthoxanthum monticola";"CTL";100;5;4;170;334;2.35294117647059;1.49700598802395
"QHI";"HE";"2";2025;"QHI:HE:2";"QHI:HE:2:2025";"LIVE";"pf_all_xy";"SDECI";"Shrub";"Salix pulchra";"CTL";100;62;34;170;334;20;18.562874251497
"QHI";"HE";"2";2025;"QHI:HE:2";"QHI:HE:2:2025";"LIVE";"pf_all_xy";"FORB";"Forb";"Bistorta vivipara";"CTL";100;3;3;170;334;1.76470588235294;0.898203592814371
"QHI";"HE";"2";2025;"QHI:HE:2";"QHI:HE:2:2025";"LIVE";"pf_all_xy";"GRAMINOIDU";"Graminoid";"XXXotherherb";"CTL";100;1;1;170;334;0.588235294117647;0.29940119760479
"QHI";"HE";"2";2025;"QHI:HE:2";"QHI:HE:2:2025";"LIVE";"pf_all_xy";"FORB";"Forb";"Pedicularis capitata";"CTL";100;1;1;170;334;0.588235294117647;0.29940119760479
"QHI";"HE";"2";2025;"QHI:HE:2";"QHI:HE:2:2025";"LIVE";"pf_all_xy";"SDECI";"Shrub";"Salix phlebophylla";"CTL";100;1;1;170;334;0.588235294117647;0.29940119760479
"QHI";"HE";"2";2025;"QHI:HE:2";"QHI:HE:2:2025";"LIVE";"pf_all_xy";"FORB";"Forb";"Saussurea angustifolia";"CTL";100;7;7;170;334;4.11764705882353;2.09580838323353
"QHI";"HE";"2";2025;"QHI:HE:2";"QHI:HE:2:2025";"LIVE";"pf_all_xy";"SDECI";"Shrub";"Salix reticulata";"CTL";100;25;22;170;334;12.9411764705882;7.48502994011976
"QHI";"HE";"2";2025;"QHI:HE:2";"QHI:HE:2:2025";"LIVE";"pf_all_xy";"FORB";"Forb";"Stellaria longipes";"CTL";100;2;2;170;334;1.17647058823529;0.598802395209581
"QHI";"HE";"2";2025;"QHI:HE:2";"QHI:HE:2:2025";"LIVE";"pf_all_xy";"SEDGE";"Graminoid";"Eriophorum angustifolium";"CTL";100;2;2;170;334;1.17647058823529;0.598802395209581
"QHI";"HE";"2";2025;"QHI:HE:2";"QHI:HE:2:2025";"LIVE";"pf_all_xy";"GRASS";"Graminoid";"Poa arctica";"CTL";100;2;1;170;334;0.588235294117647;0.598802395209581
"QHI";"HE";"2";2025;"QHI:HE:2";"QHI:HE:2:2025";"LIVE";"pf_all_xy";"MOSSU";NA;"XXXothermoss";"CTL";100;5;5;NA;NA;NA;NA
"QHI";"HE";"2";2025;"QHI:HE:2";"QHI:HE:2:2025";"LIVE";"pf_all_xy";"FORB";"Forb";"Tephroseris integrifolia";"CTL";100;2;2;170;334;1.17647058823529;0.598802395209581
"QHI";"HE";"3";2025;"QHI:HE:3";"QHI:HE:3:2025";"LIVE";"pf_all_xy";"LFRUT";"Lichen";"Dactylina arctica";"CTL";100;2;1;NA;NA;NA;NA
"QHI";"HE";"3";2025;"QHI:HE:3";"QHI:HE:3:2025";"LIVE";"pf_all_xy";"SEDGE";"Graminoid";"Eriophorum vaginatum";"CTL";100;226;73;181;394;40.3314917127072;57.3604060913705
"QHI";"HE";"3";2025;"QHI:HE:3";"QHI:HE:3:2025";"LITTER";"pf_all_xy";"LITTER";NA;"XXXLITTER";"CTL";100;91;91;NA;NA;NA;NA
"QHI";"HE";"3";2025;"QHI:HE:3";"QHI:HE:3:2025";"LIVE";"pf_all_xy";"MOSSU";NA;"XXXothermoss";"CTL";100;20;20;NA;NA;NA;NA
"QHI";"HE";"3";2025;"QHI:HE:3";"QHI:HE:3:2025";"LIVE";"pf_all_xy";"SDECI";"Shrub";"Salix pulchra";"CTL";100;51;30;181;394;16.5745856353591;12.9441624365482
"QHI";"HE";"3";2025;"QHI:HE:3";"QHI:HE:3:2025";"LIVE";"pf_all_xy";"SEDGE";"Graminoid";"Eriophorum angustifolium";"CTL";100;9;9;181;394;4.97237569060773;2.28426395939086
"QHI";"HE";"3";2025;"QHI:HE:3";"QHI:HE:3:2025";"LIVE";"pf_all_xy";"FORB";"Forb";"Stellaria longipes";"CTL";100;3;3;181;394;1.65745856353591;0.761421319796954
"QHI";"HE";"3";2025;"QHI:HE:3";"QHI:HE:3:2025";"LIVE";"pf_all_xy";"LFRUT";"Lichen";"Alectoria ochroleuca";"CTL";100;13;13;NA;NA;NA;NA
"QHI";"HE";"3";2025;"QHI:HE:3";"QHI:HE:3:2025";"LIVE";"pf_all_xy";"FORB";"Forb";"XXXotheraster";"CTL";100;1;1;181;394;0.552486187845304;0.253807106598985
"QHI";"HE";"3";2025;"QHI:HE:3";"QHI:HE:3:2025";"LIVE";"pf_all_xy";"GRASS";"Graminoid";"Arctagrostis latifolia";"CTL";100;15;12;181;394;6.62983425414365;3.80710659898477
"QHI";"HE";"3";2025;"QHI:HE:3";"QHI:HE:3:2025";"LIVE";"pf_all_xy";"GRASS";"Graminoid";"Poa arctica";"CTL";100;54;28;181;394;15.4696132596685;13.7055837563452
"QHI";"HE";"3";2025;"QHI:HE:3";"QHI:HE:3:2025";"LIVE";"pf_all_xy";"FORB";"Forb";"Cardamine digitata";"CTL";100;3;3;181;394;1.65745856353591;0.761421319796954
"QHI";"HE";"3";2025;"QHI:HE:3";"QHI:HE:3:2025";"LIVE";"pf_all_xy";"SDECI";"Shrub";"Salix reticulata";"CTL";100;17;9;181;394;4.97237569060773;4.31472081218274
"QHI";"HE";"3";2025;"QHI:HE:3";"QHI:HE:3:2025";"LIVE";"pf_all_xy";"LIVERU";"Lichen";"XXXliverwort";"CTL";100;2;2;NA;NA;NA;NA
"QHI";"HE";"3";2025;"QHI:HE:3";"QHI:HE:3:2025";"LIVE";"pf_all_xy";"FORB";"Forb";"Pyrola grandiflora";"CTL";100;9;7;181;394;3.86740331491713;2.28426395939086
"QHI";"HE";"3";2025;"QHI:HE:3";"QHI:HE:3:2025";"LIVE";"pf_all_xy";"FORB";"Forb";"XXXotherforb";"CTL";100;1;1;181;394;0.552486187845304;0.253807106598985
"QHI";"HE";"3";2025;"QHI:HE:3";"QHI:HE:3:2025";"LIVE";"pf_all_xy";"FORB";"Forb";"Valeriana capitata";"CTL";100;1;1;181;394;0.552486187845304;0.253807106598985
"QHI";"HE";"3";2025;"QHI:HE:3";"QHI:HE:3:2025";"LIVE";"pf_all_xy";"RUSH";"Graminoid";"Luzula nivalis";"CTL";100;1;1;181;394;0.552486187845304;0.253807106598985
"QHI";"HE";"3";2025;"QHI:HE:3";"QHI:HE:3:2025";"LIVE";"pf_all_xy";"FORB";"Forb";"Micranthes nelsoniana";"CTL";100;1;1;181;394;0.552486187845304;0.253807106598985
"QHI";"HE";"3";2025;"QHI:HE:3";"QHI:HE:3:2025";"LIVE";"pf_all_xy";"FORB";"Forb";"Pedicularis capitata";"CTL";100;1;1;181;394;0.552486187845304;0.253807106598985
"QHI";"HE";"3";2025;"QHI:HE:3";"QHI:HE:3:2025";"LIVE";"pf_all_xy";"FORB";"Forb";"Polygonum bistorta";"CTL";100;1;1;181;394;0.552486187845304;0.253807106598985
"QHI";"HE";"4";2025;"QHI:HE:4";"QHI:HE:4:2025";"LIVE";"pf_all_xy";"SDECI";"Shrub";"Salix pulchra";"CTL";100;189;62;234;564;26.4957264957265;33.5106382978723
"QHI";"HE";"4";2025;"QHI:HE:4";"QHI:HE:4:2025";"LIVE";"pf_all_xy";"SEDGE";"Graminoid";"XXXcarex";"CTL";100;155;64;234;564;27.3504273504274;27.4822695035461
"QHI";"HE";"4";2025;"QHI:HE:4";"QHI:HE:4:2025";"LIVE";"pf_all_xy";"MOSSU";NA;"XXXothermoss";"CTL";100;24;24;NA;NA;NA;NA
"QHI";"HE";"4";2025;"QHI:HE:4";"QHI:HE:4:2025";"LIVE";"pf_all_xy";"SEDGE";"Graminoid";"Eriophorum vaginatum";"CTL";100;152;55;234;564;23.5042735042735;26.9503546099291
"QHI";"HE";"4";2025;"QHI:HE:4";"QHI:HE:4:2025";"LIVE";"pf_all_xy";"GRASS";"Graminoid";"Arctagrostis latifolia";"CTL";100;11;8;234;564;3.41880341880342;1.95035460992908
"QHI";"HE";"4";2025;"QHI:HE:4";"QHI:HE:4:2025";"LITTER";"pf_all_xy";"LITTER";NA;"XXXLITTER";"CTL";100;76;76;NA;NA;NA;NA
"QHI";"HE";"4";2025;"QHI:HE:4";"QHI:HE:4:2025";"LIVE";"pf_all_xy";"SEVER";"Shrub";"Dryas integrifolia";"CTL";100;8;6;234;564;2.56410256410256;1.41843971631206
"QHI";"HE";"4";2025;"QHI:HE:4";"QHI:HE:4:2025";"LIVE";"pf_all_xy";"FORB";"Forb";"Polygonum bistorta";"CTL";100;1;1;234;564;0.427350427350427;0.177304964539007
"QHI";"HE";"4";2025;"QHI:HE:4";"QHI:HE:4:2025";"LIVE";"pf_all_xy";"SDECI";"Shrub";"Salix reticulata";"CTL";100;27;20;234;564;8.54700854700855;4.78723404255319
"QHI";"HE";"4";2025;"QHI:HE:4";"QHI:HE:4:2025";"LIVE";"pf_all_xy";"FORB";"Forb";"Tephroseris integrifolia";"CTL";100;4;4;234;564;1.70940170940171;0.709219858156028
"QHI";"HE";"4";2025;"QHI:HE:4";"QHI:HE:4:2025";"LIVE";"pf_all_xy";"FORB";"Forb";"Pedicularis capitata";"CTL";100;3;3;234;564;1.28205128205128;0.531914893617021
"QHI";"HE";"4";2025;"QHI:HE:4";"QHI:HE:4:2025";"LIVE";"pf_all_xy";"GRASS";"Graminoid";"Poa arctica";"CTL";100;11;9;234;564;3.84615384615385;1.95035460992908
"QHI";"HE";"4";2025;"QHI:HE:4";"QHI:HE:4:2025";"LIVE";"pf_all_xy";"FORB";"Forb";"XXXotherforb";"CTL";100;1;1;234;564;0.427350427350427;0.177304964539007
"QHI";"HE";"4";2025;"QHI:HE:4";"QHI:HE:4:2025";"LIVE";"pf_all_xy";"SDECI";"Shrub";"Salix phlebophylla";"CTL";100;2;1;234;564;0.427350427350427;0.354609929078014
"QHI";"HE";"5";2025;"QHI:HE:5";"QHI:HE:5:2025";"LIVE";"pf_all_xy";"GRASS";"Graminoid";"Poa arctica";"CTL";100;2;2;174;341;1.14942528735632;0.586510263929619
"QHI";"HE";"5";2025;"QHI:HE:5";"QHI:HE:5:2025";"LIVE";"pf_all_xy";"SEDGE";"Graminoid";"XXXcarex";"CTL";100;48;23;174;341;13.2183908045977;14.0762463343109
"QHI";"HE";"5";2025;"QHI:HE:5";"QHI:HE:5:2025";"LIVE";"pf_all_xy";"SDECI";"Shrub";"Salix pulchra";"CTL";100;54;37;174;341;21.264367816092;15.8357771260997
"QHI";"HE";"5";2025;"QHI:HE:5";"QHI:HE:5:2025";"LIVE";"pf_all_xy";"SDECI";"Shrub";"Salix reticulata";"CTL";100;15;10;174;341;5.74712643678161;4.39882697947214
"QHI";"HE";"5";2025;"QHI:HE:5";"QHI:HE:5:2025";"LITTER";"pf_all_xy";"LITTER";NA;"XXXLITTER";"CTL";100;91;91;NA;NA;NA;NA
"QHI";"HE";"5";2025;"QHI:HE:5";"QHI:HE:5:2025";"LIVE";"pf_all_xy";"SEDGE";"Graminoid";"Eriophorum vaginatum";"CTL";100;188;73;174;341;41.9540229885057;55.1319648093842
"QHI";"HE";"5";2025;"QHI:HE:5";"QHI:HE:5:2025";"LIVE";"pf_all_xy";"GRASS";"Graminoid";"Arctagrostis latifolia";"CTL";100;8;8;174;341;4.59770114942529;2.34604105571848
"QHI";"HE";"5";2025;"QHI:HE:5";"QHI:HE:5:2025";"LIVE";"pf_all_xy";"FORB";"Forb";"Polygonum bistorta";"CTL";100;3;3;174;341;1.72413793103448;0.879765395894428
"QHI";"HE";"5";2025;"QHI:HE:5";"QHI:HE:5:2025";"LIVE";"pf_all_xy";"LFRUT";"Lichen";"Alectoria ochroleuca";"CTL";100;22;22;NA;NA;NA;NA
"QHI";"HE";"5";2025;"QHI:HE:5";"QHI:HE:5:2025";"LIVE";"pf_all_xy";"FORB";"Forb";"Micranthes nelsoniana";"CTL";100;3;3;174;341;1.72413793103448;0.879765395894428
"QHI";"HE";"5";2025;"QHI:HE:5";"QHI:HE:5:2025";"LIVE";"pf_all_xy";"FORB";"Forb";"Pedicularis capitata";"CTL";100;2;1;174;341;0.574712643678161;0.586510263929619
"QHI";"HE";"5";2025;"QHI:HE:5";"QHI:HE:5:2025";"LIVE";"pf_all_xy";"FORB";"Forb";"Stellaria longipes";"CTL";100;2;2;174;341;1.14942528735632;0.586510263929619
"QHI";"HE";"5";2025;"QHI:HE:5";"QHI:HE:5:2025";"LIVE";"pf_all_xy";"FORB";"Forb";"Cardamine digitata";"CTL";100;1;1;174;341;0.574712643678161;0.293255131964809
"QHI";"HE";"5";2025;"QHI:HE:5";"QHI:HE:5:2025";"LIVE";"pf_all_xy";"SDECI";"Shrub";"Salix phlebophylla";"CTL";100;9;5;174;341;2.8735632183908;2.63929618768328
"QHI";"HE";"5";2025;"QHI:HE:5";"QHI:HE:5:2025";"LIVE";"pf_all_xy";"LFRUT";"Lichen";"Nephromopsis cucullata";"CTL";100;1;1;NA;NA;NA;NA
"QHI";"HE";"5";2025;"QHI:HE:5";"QHI:HE:5:2025";"LIVE";"pf_all_xy";"FORB";"Forb";"Bistorta vivipara";"CTL";100;1;1;174;341;0.574712643678161;0.293255131964809
"QHI";"HE";"5";2025;"QHI:HE:5";"QHI:HE:5:2025";"LIVE";"pf_all_xy";"MOSSU";NA;"XXXothermoss";"CTL";100;2;2;NA;NA;NA;NA
"QHI";"HE";"5";2025;"QHI:HE:5";"QHI:HE:5:2025";"LIVE";"pf_all_xy";"SEVER";"Shrub";"Dryas integrifolia";"CTL";100;4;4;174;341;2.29885057471264;1.17302052785924
"QHI";"HE";"5";2025;"QHI:HE:5";"QHI:HE:5:2025";"LIVE";"pf_all_xy";"GRAMINOIDU";"Graminoid";"XXXothergram";"CTL";100;1;1;174;341;0.574712643678161;0.293255131964809
"QHI";"HE";"6";2025;"QHI:HE:6";"QHI:HE:6:2025";"LIVE";"pf_all_xy";"GRASS";"Graminoid";"Poa arctica";"CTL";100;73;33;199;412;16.5829145728643;17.7184466019417
"QHI";"HE";"6";2025;"QHI:HE:6";"QHI:HE:6:2025";"LIVE";"pf_all_xy";"SEDGE";"Graminoid";"Eriophorum vaginatum";"CTL";100;131;51;199;412;25.6281407035176;31.7961165048544
"QHI";"HE";"6";2025;"QHI:HE:6";"QHI:HE:6:2025";"LITTER";"pf_all_xy";"LITTER";NA;"XXXLITTER";"CTL";100;74;74;NA;NA;NA;NA
"QHI";"HE";"6";2025;"QHI:HE:6";"QHI:HE:6:2025";"LIVE";"pf_all_xy";"SDECI";"Shrub";"Salix pulchra";"CTL";100;114;60;199;412;30.1507537688442;27.6699029126214
"QHI";"HE";"6";2025;"QHI:HE:6";"QHI:HE:6:2025";"LIVE";"pf_all_xy";"FORB";"Forb";"Pyrola grandiflora";"CTL";100;5;4;199;412;2.01005025125628;1.21359223300971
"QHI";"HE";"6";2025;"QHI:HE:6";"QHI:HE:6:2025";"LIVE";"pf_all_xy";"LFRUT";"Lichen";"Alectoria ochroleuca";"CTL";100;19;19;NA;NA;NA;NA
"QHI";"HE";"6";2025;"QHI:HE:6";"QHI:HE:6:2025";"LIVE";"pf_all_xy";"FORB";"Forb";"Bistorta vivipara";"CTL";100;3;2;199;412;1.00502512562814;0.728155339805825
"QHI";"HE";"6";2025;"QHI:HE:6";"QHI:HE:6:2025";"LIVE";"pf_all_xy";"FORB";"Forb";"Cardamine digitata";"CTL";100;3;3;199;412;1.50753768844221;0.728155339805825
"QHI";"HE";"6";2025;"QHI:HE:6";"QHI:HE:6:2025";"LIVE";"pf_all_xy";"SEDGE";"Graminoid";"XXXcarex";"CTL";100;62;27;199;412;13.5678391959799;15.0485436893204
"QHI";"HE";"6";2025;"QHI:HE:6";"QHI:HE:6:2025";"LIVE";"pf_all_xy";"MOSSU";NA;"XXXothermoss";"CTL";100;33;33;NA;NA;NA;NA
"QHI";"HE";"6";2025;"QHI:HE:6";"QHI:HE:6:2025";"LIVE";"pf_all_xy";"GRASS";"Graminoid";"Arctagrostis latifolia";"CTL";100;5;4;199;412;2.01005025125628;1.21359223300971
"QHI";"HE";"6";2025;"QHI:HE:6";"QHI:HE:6:2025";"LIVE";"pf_all_xy";"FORB";"Forb";"Stellaria longipes";"CTL";100;4;4;199;412;2.01005025125628;0.970873786407767
"QHI";"HE";"6";2025;"QHI:HE:6";"QHI:HE:6:2025";"LIVE";"pf_all_xy";"FORB";"Forb";"Pedicularis lanata";"CTL";100;2;2;199;412;1.00502512562814;0.485436893203883
"QHI";"HE";"6";2025;"QHI:HE:6";"QHI:HE:6:2025";"LIVE";"pf_all_xy";"LFRUT";"Lichen";"XXXpeltigera";"CTL";100;3;3;NA;NA;NA;NA
"QHI";"HE";"6";2025;"QHI:HE:6";"QHI:HE:6:2025";"LIVE";"pf_all_xy";"FORB";"Forb";"XXXotherforb";"CTL";100;3;3;199;412;1.50753768844221;0.728155339805825
"QHI";"HE";"6";2025;"QHI:HE:6";"QHI:HE:6:2025";"LIVE";"pf_all_xy";"FORB";"Forb";"Pedicularis capitata";"CTL";100;3;3;199;412;1.50753768844221;0.728155339805825
"QHI";"HE";"6";2025;"QHI:HE:6";"QHI:HE:6:2025";"LIVE";"pf_all_xy";"WATER";NA;"XXXstandingwater";"CTL";100;4;4;NA;NA;NA;NA
"QHI";"HE";"6";2025;"QHI:HE:6";"QHI:HE:6:2025";"LIVE";"pf_all_xy";"FORB";"Forb";"Pedicularis verticillata";"CTL";100;1;1;199;412;0.50251256281407;0.242718446601942
"QHI";"HE";"6";2025;"QHI:HE:6";"QHI:HE:6:2025";"LIVE";"pf_all_xy";"FORB";"Forb";"Micranthes nelsoniana";"CTL";100;1;1;199;412;0.50251256281407;0.242718446601942
"QHI";"HE";"6";2025;"QHI:HE:6";"QHI:HE:6:2025";"LIVE";"pf_all_xy";"FORB";"Forb";"Valeriana capitata";"CTL";100;2;1;199;412;0.50251256281407;0.485436893203883
"QHI";"HE";"6";2025;"QHI:HE:6";"QHI:HE:6:2025";"LITTER";"pf_all_xy";"SEDGE";"Graminoid";"Eriophorum vaginatum";"CTL";100;2;1;1;2;100;100
"QHI";"KO";"1";1999;"QHI:KO:1";"QHI:KO:1:1999";"LIVE";"pf_all_xy";"LFRUT";"Lichen";"Nephromopsis cucullata";"CTL";100;2;2;NA;NA;NA;NA
"QHI";"KO";"1";1999;"QHI:KO:1";"QHI:KO:1:1999";"LIVE";"pf_all_xy";"SEVER";"Shrub";"Dryas integrifolia";"CTL";100;55;32;83;120;38.5542168674699;45.8333333333333
"QHI";"KO";"1";1999;"QHI:KO:1";"QHI:KO:1:1999";"LIVE";"pf_all_xy";"FORB";"Forb";"Tephroseris integrifolia";"CTL";100;3;3;83;120;3.6144578313253;2.5
"QHI";"KO";"1";1999;"QHI:KO:1";"QHI:KO:1:1999";"LITTER";"pf_all_xy";"LITTER";NA;"XXXLITTER";"CTL";100;55;55;NA;NA;NA;NA
"QHI";"KO";"1";1999;"QHI:KO:1";"QHI:KO:1:1999";"LIVE";"pf_all_xy";"SOIL";NA;"XXXbareground";"CTL";100;20;20;NA;NA;NA;NA
"QHI";"KO";"1";1999;"QHI:KO:1";"QHI:KO:1:1999";"LIVE";"pf_all_xy";"FORB";"Forb";"Stellaria longipes";"CTL";100;4;3;83;120;3.6144578313253;3.33333333333333
"QHI";"KO";"1";1999;"QHI:KO:1";"QHI:KO:1:1999";"LIVE";"pf_all_xy";"SDECI";"Shrub";"Salix arctica";"CTL";100;28;23;83;120;27.710843373494;23.3333333333333
"QHI";"KO";"1";1999;"QHI:KO:1";"QHI:KO:1:1999";"LIVE";"pf_all_xy";"GRASS";"Graminoid";"Poa arctica";"CTL";100;4;4;83;120;4.81927710843374;3.33333333333333
"QHI";"KO";"1";1999;"QHI:KO:1";"QHI:KO:1:1999";"LIVE";"pf_all_xy";"FORB";"Forb";"Oxytropis maydelliana";"CTL";100;3;3;83;120;3.6144578313253;2.5
"QHI";"KO";"1";1999;"QHI:KO:1";"QHI:KO:1:1999";"LIVE";"pf_all_xy";"MOSSU";NA;"XXXothermoss";"CTL";100;12;12;NA;NA;NA;NA
"QHI";"KO";"1";1999;"QHI:KO:1";"QHI:KO:1:1999";"LIVE";"pf_all_xy";"SDECI";"Shrub";"Salix reticulata";"CTL";100;2;2;83;120;2.40963855421687;1.66666666666667
"QHI";"KO";"1";1999;"QHI:KO:1";"QHI:KO:1:1999";"LIVE";"pf_all_xy";"FORB";"Forb";"Pedicularis lanata";"CTL";100;2;1;83;120;1.20481927710843;1.66666666666667
"QHI";"KO";"1";1999;"QHI:KO:1";"QHI:KO:1:1999";"LIVE";"pf_all_xy";"RUSH";"Graminoid";"XXXluzula";"CTL";100;3;3;83;120;3.6144578313253;2.5
"QHI";"KO";"1";1999;"QHI:KO:1";"QHI:KO:1:1999";"LIVE";"pf_all_xy";"LFRUT";"Lichen";"XXXpeltigera";"CTL";100;1;1;NA;NA;NA;NA
"QHI";"KO";"1";1999;"QHI:KO:1";"QHI:KO:1:1999";"LIVE";"pf_all_xy";"FORB";"Forb";"Lupinus arcticus";"CTL";100;15;8;83;120;9.63855421686747;12.5
"QHI";"KO";"1";1999;"QHI:KO:1";"QHI:KO:1:1999";"LIVE";"pf_all_xy";"LICHENU";"Lichen";"XXXotherlichen";"CTL";100;3;3;NA;NA;NA;NA
"QHI";"KO";"1";1999;"QHI:KO:1";"QHI:KO:1:1999";"LIVE";"pf_all_xy";"GRAMINOIDU";"Graminoid";"XXXotherherb";"CTL";100;1;1;83;120;1.20481927710843;0.833333333333333
"QHI";"KO";"1";1999;"QHI:KO:1";"QHI:KO:1:1999";"LIVE";"pf_all_xy";"LFRUT";"Lichen";"Thamnolia subuliformis";"CTL";100;1;1;NA;NA;NA;NA
"QHI";"KO";"2";1999;"QHI:KO:2";"QHI:KO:2:1999";"LIVE";"pf_all_xy";"SDECI";"Shrub";"Salix arctica";"CTL";100;33;23;99;143;23.2323232323232;23.0769230769231
"QHI";"KO";"2";1999;"QHI:KO:2";"QHI:KO:2:1999";"LIVE";"pf_all_xy";"MOSSU";NA;"XXXothermoss";"CTL";100;8;8;NA;NA;NA;NA
"QHI";"KO";"2";1999;"QHI:KO:2";"QHI:KO:2:1999";"LIVE";"pf_all_xy";"LICHENU";"Lichen";"XXXotherlichen";"CTL";100;9;9;NA;NA;NA;NA
"QHI";"KO";"2";1999;"QHI:KO:2";"QHI:KO:2:1999";"LIVE";"pf_all_xy";"LFRUT";"Lichen";"Nephromopsis cucullata";"CTL";100;2;2;NA;NA;NA;NA
"QHI";"KO";"2";1999;"QHI:KO:2";"QHI:KO:2:1999";"LIVE";"pf_all_xy";"SEVER";"Shrub";"Dryas integrifolia";"CTL";100;88;55;99;143;55.5555555555556;61.5384615384615
"QHI";"KO";"2";1999;"QHI:KO:2";"QHI:KO:2:1999";"LITTER";"pf_all_xy";"LITTER";NA;"XXXLITTER";"CTL";100;69;69;NA;NA;NA;NA
"QHI";"KO";"2";1999;"QHI:KO:2";"QHI:KO:2:1999";"LIVE";"pf_all_xy";"SOIL";NA;"XXXbareground";"CTL";100;8;8;NA;NA;NA;NA
"QHI";"KO";"2";1999;"QHI:KO:2";"QHI:KO:2:1999";"LIVE";"pf_all_xy";"FORB";"Forb";"Oxytropis campestris";"CTL";100;1;1;99;143;1.01010101010101;0.699300699300699
"QHI";"KO";"2";1999;"QHI:KO:2";"QHI:KO:2:1999";"LIVE";"pf_all_xy";"LFRUT";"Lichen";"Thamnolia subuliformis";"CTL";100;2;2;NA;NA;NA;NA
"QHI";"KO";"2";1999;"QHI:KO:2";"QHI:KO:2:1999";"LIVE";"pf_all_xy";"FORB";"Forb";"Oxytropis maydelliana";"CTL";100;3;3;99;143;3.03030303030303;2.0979020979021
"QHI";"KO";"2";1999;"QHI:KO:2";"QHI:KO:2:1999";"LIVE";"pf_all_xy";"FORB";"Forb";"Oxytropis nigrescens";"CTL";100;2;2;99;143;2.02020202020202;1.3986013986014
"QHI";"KO";"2";1999;"QHI:KO:2";"QHI:KO:2:1999";"LIVE";"pf_all_xy";"FORB";"Forb";"Astragalus umbellatus";"CTL";100;3;3;99;143;3.03030303030303;2.0979020979021
"QHI";"KO";"2";1999;"QHI:KO:2";"QHI:KO:2:1999";"LIVE";"pf_all_xy";"FORB";"Forb";"Stellaria longipes";"CTL";100;1;1;99;143;1.01010101010101;0.699300699300699
"QHI";"KO";"2";1999;"QHI:KO:2";"QHI:KO:2:1999";"LIVE";"pf_all_xy";"FORB";"Forb";"Tephroseris integrifolia";"CTL";100;2;2;99;143;2.02020202020202;1.3986013986014
"QHI";"KO";"2";1999;"QHI:KO:2";"QHI:KO:2:1999";"LIVE";"pf_all_xy";"SDECI";"Shrub";"Salix reticulata";"CTL";100;2;1;99;143;1.01010101010101;1.3986013986014
"QHI";"KO";"2";1999;"QHI:KO:2";"QHI:KO:2:1999";"LIVE";"pf_all_xy";"LFRUT";"Lichen";"XXXpeltigera";"CTL";100;1;1;NA;NA;NA;NA
"QHI";"KO";"2";1999;"QHI:KO:2";"QHI:KO:2:1999";"LIVE";"pf_all_xy";"GRASS";"Graminoid";"Poa arctica";"CTL";100;8;8;99;143;8.08080808080808;5.59440559440559
"QHI";"KO";"3";1999;"QHI:KO:3";"QHI:KO:3:1999";"LIVE";"pf_all_xy";"SEVER";"Shrub";"Dryas integrifolia";"CTL";100;79;48;84;126;57.1428571428571;62.6984126984127
"QHI";"KO";"3";1999;"QHI:KO:3";"QHI:KO:3:1999";"LIVE";"pf_all_xy";"RUSH";"Graminoid";"XXXluzula";"CTL";100;2;2;84;126;2.38095238095238;1.58730158730159
"QHI";"KO";"3";1999;"QHI:KO:3";"QHI:KO:3:1999";"LITTER";"pf_all_xy";"LITTER";NA;"XXXLITTER";"CTL";100;70;69;NA;NA;NA;NA
"QHI";"KO";"3";1999;"QHI:KO:3";"QHI:KO:3:1999";"LIVE";"pf_all_xy";"GRASS";"Graminoid";"Poa arctica";"CTL";100;7;7;84;126;8.33333333333333;5.55555555555556
"QHI";"KO";"3";1999;"QHI:KO:3";"QHI:KO:3:1999";"LIVE";"pf_all_xy";"FORB";"Forb";"Astragalus umbellatus";"CTL";100;4;3;84;126;3.57142857142857;3.17460317460317
"QHI";"KO";"3";1999;"QHI:KO:3";"QHI:KO:3:1999";"LIVE";"pf_all_xy";"SDECI";"Shrub";"Salix arctica";"CTL";100;21;15;84;126;17.8571428571429;16.6666666666667
"QHI";"KO";"3";1999;"QHI:KO:3";"QHI:KO:3:1999";"LIVE";"pf_all_xy";"LICHENU";"Lichen";"XXXotherlichen";"CTL";100;3;3;NA;NA;NA;NA
"QHI";"KO";"3";1999;"QHI:KO:3";"QHI:KO:3:1999";"LIVE";"pf_all_xy";"FORB";"Forb";"Oxytropis maydelliana";"CTL";100;4;3;84;126;3.57142857142857;3.17460317460317
"QHI";"KO";"3";1999;"QHI:KO:3";"QHI:KO:3:1999";"LIVE";"pf_all_xy";"MOSSU";NA;"XXXothermoss";"CTL";100;9;9;NA;NA;NA;NA
"QHI";"KO";"3";1999;"QHI:KO:3";"QHI:KO:3:1999";"LIVE";"pf_all_xy";"LFRUT";"Lichen";"Nephromopsis cucullata";"CTL";100;4;4;NA;NA;NA;NA
"QHI";"KO";"3";1999;"QHI:KO:3";"QHI:KO:3:1999";"LIVE";"pf_all_xy";"SOIL";NA;"XXXbareground";"CTL";100;22;22;NA;NA;NA;NA
"QHI";"KO";"3";1999;"QHI:KO:3";"QHI:KO:3:1999";"LIVE";"pf_all_xy";"LFRUT";"Lichen";"Thamnolia subuliformis";"CTL";100;2;2;NA;NA;NA;NA
"QHI";"KO";"3";1999;"QHI:KO:3";"QHI:KO:3:1999";"LIVE";"pf_all_xy";"GRAMINOIDU";"Graminoid";"XXXotherherb";"CTL";100;2;1;84;126;1.19047619047619;1.58730158730159
"QHI";"KO";"3";1999;"QHI:KO:3";"QHI:KO:3:1999";"LIVE";"pf_all_xy";"GRASS";"Graminoid";"Arctagrostis latifolia";"CTL";100;3;2;84;126;2.38095238095238;2.38095238095238
"QHI";"KO";"3";1999;"QHI:KO:3";"QHI:KO:3:1999";"LIVE";"pf_all_xy";"FORB";"Forb";"Pedicularis verticillata";"CTL";100;1;1;84;126;1.19047619047619;0.793650793650794
"QHI";"KO";"3";1999;"QHI:KO:3";"QHI:KO:3:1999";"LIVE";"pf_all_xy";"FORB";"Forb";"Tephroseris integrifolia";"CTL";100;1;1;84;126;1.19047619047619;0.793650793650794
"QHI";"KO";"3";1999;"QHI:KO:3";"QHI:KO:3:1999";"LIVE";"pf_all_xy";"FORB";"Forb";"Saussurea angustifolia";"CTL";100;2;1;84;126;1.19047619047619;1.58730158730159
"QHI";"KO";"4";1999;"QHI:KO:4";"QHI:KO:4:1999";"LIVE";"pf_all_xy";"FORB";"Forb";"Tephroseris integrifolia";"CTL";100;9;8;86;116;9.30232558139535;7.75862068965517
"QHI";"KO";"4";1999;"QHI:KO:4";"QHI:KO:4:1999";"LITTER";"pf_all_xy";"LITTER";NA;"XXXLITTER";"CTL";100;68;68;NA;NA;NA;NA
"QHI";"KO";"4";1999;"QHI:KO:4";"QHI:KO:4:1999";"LIVE";"pf_all_xy";"SEVER";"Shrub";"Dryas integrifolia";"CTL";100;85;57;86;116;66.2790697674419;73.2758620689655
"QHI";"KO";"4";1999;"QHI:KO:4";"QHI:KO:4:1999";"LIVE";"pf_all_xy";"LFRUT";"Lichen";"Nephromopsis cucullata";"CTL";100;5;5;NA;NA;NA;NA
"QHI";"KO";"4";1999;"QHI:KO:4";"QHI:KO:4:1999";"LIVE";"pf_all_xy";"GRAMINOIDU";"Graminoid";"XXXotherherb";"CTL";100;1;1;86;116;1.16279069767442;0.862068965517241
"QHI";"KO";"4";1999;"QHI:KO:4";"QHI:KO:4:1999";"LIVE";"pf_all_xy";"LFRUT";"Lichen";"Cetraria islandica";"CTL";100;3;3;NA;NA;NA;NA
"QHI";"KO";"4";1999;"QHI:KO:4";"QHI:KO:4:1999";"LIVE";"pf_all_xy";"LFRUT";"Lichen";"XXXpeltigera";"CTL";100;2;2;NA;NA;NA;NA
"QHI";"KO";"4";1999;"QHI:KO:4";"QHI:KO:4:1999";"LIVE";"pf_all_xy";"SDECI";"Shrub";"Salix arctica";"CTL";100;7;7;86;116;8.13953488372093;6.03448275862069
"QHI";"KO";"4";1999;"QHI:KO:4";"QHI:KO:4:1999";"LIVE";"pf_all_xy";"LCRUS";"Lichen";"XXXcrustous";"CTL";100;2;2;NA;NA;NA;NA
"QHI";"KO";"4";1999;"QHI:KO:4";"QHI:KO:4:1999";"LIVE";"pf_all_xy";"MOSSU";NA;"XXXothermoss";"CTL";100;9;9;NA;NA;NA;NA
"QHI";"KO";"4";1999;"QHI:KO:4";"QHI:KO:4:1999";"LIVE";"pf_all_xy";"LFRUT";"Lichen";"Thamnolia subuliformis";"CTL";100;2;2;NA;NA;NA;NA
"QHI";"KO";"4";1999;"QHI:KO:4";"QHI:KO:4:1999";"LIVE";"pf_all_xy";"FORB";"Forb";"Oxytropis maydelliana";"CTL";100;5;5;86;116;5.81395348837209;4.31034482758621
"QHI";"KO";"4";1999;"QHI:KO:4";"QHI:KO:4:1999";"LIVE";"pf_all_xy";"SOIL";NA;"XXXbareground";"CTL";100;9;9;NA;NA;NA;NA
"QHI";"KO";"4";1999;"QHI:KO:4";"QHI:KO:4:1999";"LIVE";"pf_all_xy";"GRASS";"Graminoid";"Arctagrostis latifolia";"CTL";100;1;1;86;116;1.16279069767442;0.862068965517241
"QHI";"KO";"4";1999;"QHI:KO:4";"QHI:KO:4:1999";"LIVE";"pf_all_xy";"GRASS";"Graminoid";"Poa arctica";"CTL";100;6;5;86;116;5.81395348837209;5.17241379310345
"QHI";"KO";"4";1999;"QHI:KO:4";"QHI:KO:4:1999";"LIVE";"pf_all_xy";"FORB";"Forb";"Pedicularis verticillata";"CTL";100;2;2;86;116;2.32558139534884;1.72413793103448
"QHI";"KO";"5";1999;"QHI:KO:5";"QHI:KO:5:1999";"LIVE";"pf_all_xy";"SOIL";NA;"XXXbareground";"CTL";100;12;12;NA;NA;NA;NA
"QHI";"KO";"5";1999;"QHI:KO:5";"QHI:KO:5:1999";"LIVE";"pf_all_xy";"SEVER";"Shrub";"Dryas integrifolia";"CTL";100;71;53;91;120;58.2417582417582;59.1666666666667
"QHI";"KO";"5";1999;"QHI:KO:5";"QHI:KO:5:1999";"LIVE";"pf_all_xy";"FORB";"Forb";"Oxytropis nigrescens";"CTL";100;2;2;91;120;2.1978021978022;1.66666666666667
"QHI";"KO";"5";1999;"QHI:KO:5";"QHI:KO:5:1999";"LITTER";"pf_all_xy";"LITTER";NA;"XXXLITTER";"CTL";100;55;55;NA;NA;NA;NA
"QHI";"KO";"5";1999;"QHI:KO:5";"QHI:KO:5:1999";"LIVE";"pf_all_xy";"MOSSU";NA;"XXXothermoss";"CTL";100;20;20;NA;NA;NA;NA
"QHI";"KO";"5";1999;"QHI:KO:5";"QHI:KO:5:1999";"LIVE";"pf_all_xy";"SDECI";"Shrub";"Salix arctica";"CTL";100;18;13;91;120;14.2857142857143;15
"QHI";"KO";"5";1999;"QHI:KO:5";"QHI:KO:5:1999";"LIVE";"pf_all_xy";"GRAMINOIDU";"Graminoid";"XXXkobresia";"CTL";100;6;5;91;120;5.49450549450549;5
"QHI";"KO";"5";1999;"QHI:KO:5";"QHI:KO:5:1999";"LIVE";"pf_all_xy";"GRAMINOIDU";"Graminoid";"XXXothergram";"CTL";100;6;6;91;120;6.59340659340659;5
"QHI";"KO";"5";1999;"QHI:KO:5";"QHI:KO:5:1999";"LIVE";"pf_all_xy";"FORB";"Forb";"Pedicularis verticillata";"CTL";100;1;1;91;120;1.0989010989011;0.833333333333333
"QHI";"KO";"5";1999;"QHI:KO:5";"QHI:KO:5:1999";"LIVE";"pf_all_xy";"FORB";"Forb";"Astragalus umbellatus";"CTL";100;9;7;91;120;7.69230769230769;7.5
"QHI";"KO";"5";1999;"QHI:KO:5";"QHI:KO:5:1999";"LIVE";"pf_all_xy";"FORB";"Forb";"Tephroseris integrifolia";"CTL";100;1;1;91;120;1.0989010989011;0.833333333333333
"QHI";"KO";"5";1999;"QHI:KO:5";"QHI:KO:5:1999";"LIVE";"pf_all_xy";"LFRUT";"Lichen";"XXXcladonia";"CTL";100;2;2;NA;NA;NA;NA
"QHI";"KO";"5";1999;"QHI:KO:5";"QHI:KO:5:1999";"LIVE";"pf_all_xy";"LFRUT";"Lichen";"Cetraria islandica";"CTL";100;1;1;NA;NA;NA;NA
"QHI";"KO";"5";1999;"QHI:KO:5";"QHI:KO:5:1999";"LIVE";"pf_all_xy";"LFRUT";"Lichen";"Thamnolia subuliformis";"CTL";100;3;3;NA;NA;NA;NA
"QHI";"KO";"5";1999;"QHI:KO:5";"QHI:KO:5:1999";"LIVE";"pf_all_xy";"LICHENU";"Lichen";"XXXotherlichen";"CTL";100;4;4;NA;NA;NA;NA
"QHI";"KO";"5";1999;"QHI:KO:5";"QHI:KO:5:1999";"LIVE";"pf_all_xy";"RUSH";"Graminoid";"XXXluzula";"CTL";100;3;1;91;120;1.0989010989011;2.5
"QHI";"KO";"5";1999;"QHI:KO:5";"QHI:KO:5:1999";"LIVE";"pf_all_xy";"LFRUT";"Lichen";"Nephromopsis cucullata";"CTL";100;4;4;NA;NA;NA;NA
"QHI";"KO";"5";1999;"QHI:KO:5";"QHI:KO:5:1999";"LIVE";"pf_all_xy";"FORB";"Forb";"Saussurea angustifolia";"CTL";100;1;1;91;120;1.0989010989011;0.833333333333333
"QHI";"KO";"5";1999;"QHI:KO:5";"QHI:KO:5:1999";"LIVE";"pf_all_xy";"LCRUS";"Lichen";"XXXcrustous";"CTL";100;1;1;NA;NA;NA;NA
"QHI";"KO";"5";1999;"QHI:KO:5";"QHI:KO:5:1999";"LIVE";"pf_all_xy";"GRASS";"Graminoid";"Festuca baffinensis";"CTL";100;2;1;91;120;1.0989010989011;1.66666666666667
"QHI";"KO";"6";1999;"QHI:KO:6";"QHI:KO:6:1999";"LIVE";"pf_all_xy";"SEVER";"Shrub";"Dryas integrifolia";"CTL";100;79;53;93;126;56.989247311828;62.6984126984127
"QHI";"KO";"6";1999;"QHI:KO:6";"QHI:KO:6:1999";"LIVE";"pf_all_xy";"FORB";"Forb";"Pedicularis lanata";"CTL";100;2;1;93;126;1.0752688172043;1.58730158730159
"QHI";"KO";"6";1999;"QHI:KO:6";"QHI:KO:6:1999";"LITTER";"pf_all_xy";"LITTER";NA;"XXXLITTER";"CTL";100;75;74;NA;NA;NA;NA
"QHI";"KO";"6";1999;"QHI:KO:6";"QHI:KO:6:1999";"LIVE";"pf_all_xy";"MOSSU";NA;"XXXothermoss";"CTL";100;9;9;NA;NA;NA;NA
"QHI";"KO";"6";1999;"QHI:KO:6";"QHI:KO:6:1999";"LIVE";"pf_all_xy";"LFRUT";"Lichen";"XXXcladonia";"CTL";100;1;1;NA;NA;NA;NA
"QHI";"KO";"6";1999;"QHI:KO:6";"QHI:KO:6:1999";"LIVE";"pf_all_xy";"GRASS";"Graminoid";"Festuca baffinensis";"CTL";100;9;9;93;126;9.67741935483871;7.14285714285714
"QHI";"KO";"6";1999;"QHI:KO:6";"QHI:KO:6:1999";"LIVE";"pf_all_xy";"LFRUT";"Lichen";"Thamnolia subuliformis";"CTL";100;3;3;NA;NA;NA;NA
"QHI";"KO";"6";1999;"QHI:KO:6";"QHI:KO:6:1999";"LIVE";"pf_all_xy";"LFRUT";"Lichen";"Cetraria islandica";"CTL";100;3;3;NA;NA;NA;NA
"QHI";"KO";"6";1999;"QHI:KO:6";"QHI:KO:6:1999";"LIVE";"pf_all_xy";"LCRUS";"Lichen";"XXXcrustous";"CTL";100;1;1;NA;NA;NA;NA
"QHI";"KO";"6";1999;"QHI:KO:6";"QHI:KO:6:1999";"LIVE";"pf_all_xy";"SOIL";NA;"XXXbareground";"CTL";100;3;3;NA;NA;NA;NA
"QHI";"KO";"6";1999;"QHI:KO:6";"QHI:KO:6:1999";"LIVE";"pf_all_xy";"GRAMINOIDU";"Graminoid";"XXXkobresia";"CTL";100;4;3;93;126;3.2258064516129;3.17460317460317
"QHI";"KO";"6";1999;"QHI:KO:6";"QHI:KO:6:1999";"LIVE";"pf_all_xy";"LFRUT";"Lichen";"Nephromopsis cucullata";"CTL";100;6;6;NA;NA;NA;NA
"QHI";"KO";"6";1999;"QHI:KO:6";"QHI:KO:6:1999";"LIVE";"pf_all_xy";"SDECI";"Shrub";"Salix arctica";"CTL";100;16;12;93;126;12.9032258064516;12.6984126984127
"QHI";"KO";"6";1999;"QHI:KO:6";"QHI:KO:6:1999";"LIVE";"pf_all_xy";"LICHENU";"Lichen";"XXXotherlichen";"CTL";100;3;3;NA;NA;NA;NA
"QHI";"KO";"6";1999;"QHI:KO:6";"QHI:KO:6:1999";"LIVE";"pf_all_xy";"FORB";"Forb";"Astragalus umbellatus";"CTL";100;6;5;93;126;5.37634408602151;4.76190476190476
"QHI";"KO";"6";1999;"QHI:KO:6";"QHI:KO:6:1999";"LIVE";"pf_all_xy";"FORB";"Forb";"Stellaria longipes";"CTL";100;4;4;93;126;4.3010752688172;3.17460317460317
"QHI";"KO";"6";1999;"QHI:KO:6";"QHI:KO:6:1999";"LIVE";"pf_all_xy";"RUSH";"Graminoid";"XXXluzula";"CTL";100;1;1;93;126;1.0752688172043;0.793650793650794
"QHI";"KO";"6";1999;"QHI:KO:6";"QHI:KO:6:1999";"LIVE";"pf_all_xy";"FORB";"Forb";"Pedicularis verticillata";"CTL";100;3;3;93;126;3.2258064516129;2.38095238095238
"QHI";"KO";"6";1999;"QHI:KO:6";"QHI:KO:6:1999";"LIVE";"pf_all_xy";"FORB";"Forb";"Oxytropis maydelliana";"CTL";100;2;2;93;126;2.1505376344086;1.58730158730159
"QHI";"KO";"1";2004;"QHI:KO:1";"QHI:KO:1:2004";"LIVE";"pf_all_xy";"SDECI";"Shrub";"Salix arctica";"CTL";100;35;27;122;169;22.1311475409836;20.7100591715976
"QHI";"KO";"1";2004;"QHI:KO:1";"QHI:KO:1:2004";"LITTER";"pf_all_xy";"LITTER";NA;"XXXLITTER";"CTL";100;53;53;NA;NA;NA;NA
"QHI";"KO";"1";2004;"QHI:KO:1";"QHI:KO:1:2004";"LIVE";"pf_all_xy";"SOIL";NA;"XXXbareground";"CTL";100;20;20;NA;NA;NA;NA
"QHI";"KO";"1";2004;"QHI:KO:1";"QHI:KO:1:2004";"LIVE";"pf_all_xy";"FORB";"Forb";"Oxytropis maydelliana";"CTL";100;7;4;122;169;3.27868852459016;4.14201183431953
"QHI";"KO";"1";2004;"QHI:KO:1";"QHI:KO:1:2004";"LIVE";"pf_all_xy";"RUSH";"Graminoid";"XXXluzula";"CTL";100;8;6;122;169;4.91803278688525;4.73372781065089
"QHI";"KO";"1";2004;"QHI:KO:1";"QHI:KO:1:2004";"LIVE";"pf_all_xy";"SEVER";"Shrub";"Dryas integrifolia";"CTL";100;73;46;122;169;37.7049180327869;43.1952662721894
"QHI";"KO";"1";2004;"QHI:KO:1";"QHI:KO:1:2004";"LIVE";"pf_all_xy";"FORB";"Forb";"Lupinus arcticus";"CTL";100;17;12;122;169;9.83606557377049;10.0591715976331
"QHI";"KO";"1";2004;"QHI:KO:1";"QHI:KO:1:2004";"LIVE";"pf_all_xy";"MOSSU";NA;"XXXothermoss";"CTL";100;17;17;NA;NA;NA;NA
"QHI";"KO";"1";2004;"QHI:KO:1";"QHI:KO:1:2004";"LIVE";"pf_all_xy";"GRASS";"Graminoid";"Poa arctica";"CTL";100;10;9;122;169;7.37704918032787;5.91715976331361
"QHI";"KO";"1";2004;"QHI:KO:1";"QHI:KO:1:2004";"LIVE";"pf_all_xy";"LICHENU";"Lichen";"XXXotherlichen";"CTL";100;2;2;NA;NA;NA;NA
"QHI";"KO";"1";2004;"QHI:KO:1";"QHI:KO:1:2004";"LIVE";"pf_all_xy";"GRASS";"Graminoid";"Festuca baffinensis";"CTL";100;5;5;122;169;4.0983606557377;2.9585798816568
"QHI";"KO";"1";2004;"QHI:KO:1";"QHI:KO:1:2004";"LIVE";"pf_all_xy";"LFRUT";"Lichen";"Nephromopsis cucullata";"CTL";100;1;1;NA;NA;NA;NA
"QHI";"KO";"1";2004;"QHI:KO:1";"QHI:KO:1:2004";"LIVE";"pf_all_xy";"LFRUT";"Lichen";"Thamnolia subuliformis";"CTL";100;1;1;NA;NA;NA;NA
"QHI";"KO";"1";2004;"QHI:KO:1";"QHI:KO:1:2004";"LIVE";"pf_all_xy";"FORB";"Forb";"Astragalus umbellatus";"CTL";100;1;1;122;169;0.819672131147541;0.591715976331361
"QHI";"KO";"1";2004;"QHI:KO:1";"QHI:KO:1:2004";"LIVE";"pf_all_xy";"FORB";"Forb";"Stellaria longipes";"CTL";100;2;2;122;169;1.63934426229508;1.18343195266272
"QHI";"KO";"1";2004;"QHI:KO:1";"QHI:KO:1:2004";"LIVE";"pf_all_xy";"FORB";"Forb";"Tephroseris integrifolia";"CTL";100;5;5;122;169;4.0983606557377;2.9585798816568
"QHI";"KO";"1";2004;"QHI:KO:1";"QHI:KO:1:2004";"LIVE";"pf_all_xy";"SDECI";"Shrub";"Salix reticulata";"CTL";100;4;3;122;169;2.45901639344262;2.36686390532544
"QHI";"KO";"1";2004;"QHI:KO:1";"QHI:KO:1:2004";"LIVE";"pf_all_xy";"FORB";"Forb";"Pedicularis verticillata";"CTL";100;2;2;122;169;1.63934426229508;1.18343195266272
"QHI";"KO";"2";2004;"QHI:KO:2";"QHI:KO:2:2004";"LIVE";"pf_all_xy";"SOIL";NA;"XXXbareground";"CTL";100;9;9;NA;NA;NA;NA
"QHI";"KO";"2";2004;"QHI:KO:2";"QHI:KO:2:2004";"LIVE";"pf_all_xy";"FORB";"Forb";"Astragalus umbellatus";"CTL";100;4;4;117;159;3.41880341880342;2.51572327044025
"QHI";"KO";"2";2004;"QHI:KO:2";"QHI:KO:2:2004";"LIVE";"pf_all_xy";"FORB";"Forb";"Oxytropis maydelliana";"CTL";100;4;3;117;159;2.56410256410256;2.51572327044025
"QHI";"KO";"2";2004;"QHI:KO:2";"QHI:KO:2:2004";"LIVE";"pf_all_xy";"SEVER";"Shrub";"Dryas integrifolia";"CTL";100;97;68;117;159;58.1196581196581;61.0062893081761
"QHI";"KO";"2";2004;"QHI:KO:2";"QHI:KO:2:2004";"LIVE";"pf_all_xy";"FORB";"Forb";"Saussurea angustifolia";"CTL";100;1;1;117;159;0.854700854700855;0.628930817610063
"QHI";"KO";"2";2004;"QHI:KO:2";"QHI:KO:2:2004";"LIVE";"pf_all_xy";"LFRUT";"Lichen";"Thamnolia subuliformis";"CTL";100;3;3;NA;NA;NA;NA
"QHI";"KO";"2";2004;"QHI:KO:2";"QHI:KO:2:2004";"LIVE";"pf_all_xy";"MOSSU";NA;"XXXothermoss";"CTL";100;10;10;NA;NA;NA;NA
"QHI";"KO";"2";2004;"QHI:KO:2";"QHI:KO:2:2004";"LIVE";"pf_all_xy";"SDECI";"Shrub";"Salix arctica";"CTL";100;29;23;117;159;19.6581196581197;18.2389937106918
"QHI";"KO";"2";2004;"QHI:KO:2";"QHI:KO:2:2004";"LIVE";"pf_all_xy";"GRASS";"Graminoid";"Poa arctica";"CTL";100;4;2;117;159;1.70940170940171;2.51572327044025
"QHI";"KO";"2";2004;"QHI:KO:2";"QHI:KO:2:2004";"LIVE";"pf_all_xy";"FORB";"Forb";"Tephroseris integrifolia";"CTL";100;7;6;117;159;5.12820512820513;4.40251572327044
"QHI";"KO";"2";2004;"QHI:KO:2";"QHI:KO:2:2004";"LITTER";"pf_all_xy";"LITTER";NA;"XXXLITTER";"CTL";100;41;41;NA;NA;NA;NA
"QHI";"KO";"2";2004;"QHI:KO:2";"QHI:KO:2:2004";"LIVE";"pf_all_xy";"LFRUT";"Lichen";"Nephromopsis cucullata";"CTL";100;3;3;NA;NA;NA;NA
"QHI";"KO";"2";2004;"QHI:KO:2";"QHI:KO:2:2004";"LIVE";"pf_all_xy";"LICHENU";"Lichen";"XXXotherlichen";"CTL";100;1;1;NA;NA;NA;NA
"QHI";"KO";"2";2004;"QHI:KO:2";"QHI:KO:2:2004";"LIVE";"pf_all_xy";"FORB";"Forb";"Pedicularis lanata";"CTL";100;2;2;117;159;1.70940170940171;1.25786163522013
"QHI";"KO";"2";2004;"QHI:KO:2";"QHI:KO:2:2004";"LIVE";"pf_all_xy";"GRAMINOIDU";"Graminoid";"XXXotherherb";"CTL";100;3;2;117;159;1.70940170940171;1.88679245283019
"QHI";"KO";"2";2004;"QHI:KO:2";"QHI:KO:2:2004";"LIVE";"pf_all_xy";"LFRUT";"Lichen";"XXXpeltigera";"CTL";100;1;1;NA;NA;NA;NA
"QHI";"KO";"2";2004;"QHI:KO:2";"QHI:KO:2:2004";"LIVE";"pf_all_xy";"SDECI";"Shrub";"Salix reticulata";"CTL";100;4;2;117;159;1.70940170940171;2.51572327044025
"QHI";"KO";"2";2004;"QHI:KO:2";"QHI:KO:2:2004";"LIVE";"pf_all_xy";"GRASS";"Graminoid";"Festuca baffinensis";"CTL";100;1;1;117;159;0.854700854700855;0.628930817610063
"QHI";"KO";"2";2004;"QHI:KO:2";"QHI:KO:2:2004";"LIVE";"pf_all_xy";"FORB";"Forb";"Oxytropis nigrescens";"CTL";100;3;3;117;159;2.56410256410256;1.88679245283019
"QHI";"KO";"3";2004;"QHI:KO:3";"QHI:KO:3:2004";"LIVE";"pf_all_xy";"SEVER";"Shrub";"Dryas integrifolia";"CTL";100;101;63;108;154;58.3333333333333;65.5844155844156
"QHI";"KO";"3";2004;"QHI:KO:3";"QHI:KO:3:2004";"LIVE";"pf_all_xy";"SDECI";"Shrub";"Salix arctica";"CTL";100;18;14;108;154;12.962962962963;11.6883116883117
"QHI";"KO";"3";2004;"QHI:KO:3";"QHI:KO:3:2004";"LITTER";"pf_all_xy";"LITTER";NA;"XXXLITTER";"CTL";100;35;35;NA;NA;NA;NA
"QHI";"KO";"3";2004;"QHI:KO:3";"QHI:KO:3:2004";"LIVE";"pf_all_xy";"MOSSU";NA;"XXXothermoss";"CTL";100;10;10;NA;NA;NA;NA
"QHI";"KO";"3";2004;"QHI:KO:3";"QHI:KO:3:2004";"LIVE";"pf_all_xy";"FORB";"Forb";"Tephroseris integrifolia";"CTL";100;1;1;108;154;0.925925925925926;0.649350649350649
"QHI";"KO";"3";2004;"QHI:KO:3";"QHI:KO:3:2004";"LIVE";"pf_all_xy";"GRASS";"Graminoid";"Arctagrostis latifolia";"CTL";100;7;7;108;154;6.48148148148148;4.54545454545455
"QHI";"KO";"3";2004;"QHI:KO:3";"QHI:KO:3:2004";"LIVE";"pf_all_xy";"LFRUT";"Lichen";"Cetraria islandica";"CTL";100;2;2;NA;NA;NA;NA
"QHI";"KO";"3";2004;"QHI:KO:3";"QHI:KO:3:2004";"LIVE";"pf_all_xy";"RUSH";"Graminoid";"XXXluzula";"CTL";100;2;1;108;154;0.925925925925926;1.2987012987013
"QHI";"KO";"3";2004;"QHI:KO:3";"QHI:KO:3:2004";"LIVE";"pf_all_xy";"FORB";"Forb";"Pedicularis lanata";"CTL";100;9;7;108;154;6.48148148148148;5.84415584415584
"QHI";"KO";"3";2004;"QHI:KO:3";"QHI:KO:3:2004";"LIVE";"pf_all_xy";"FORB";"Forb";"Astragalus umbellatus";"CTL";100;2;2;108;154;1.85185185185185;1.2987012987013
"QHI";"KO";"3";2004;"QHI:KO:3";"QHI:KO:3:2004";"LIVE";"pf_all_xy";"SOIL";NA;"XXXbareground";"CTL";100;22;22;NA;NA;NA;NA
"QHI";"KO";"3";2004;"QHI:KO:3";"QHI:KO:3:2004";"LIVE";"pf_all_xy";"GRASS";"Graminoid";"Poa arctica";"CTL";100;2;2;108;154;1.85185185185185;1.2987012987013
"QHI";"KO";"3";2004;"QHI:KO:3";"QHI:KO:3:2004";"LIVE";"pf_all_xy";"GRAMINOIDU";"Graminoid";"XXXotherherb";"CTL";100;1;1;108;154;0.925925925925926;0.649350649350649
"QHI";"KO";"3";2004;"QHI:KO:3";"QHI:KO:3:2004";"LIVE";"pf_all_xy";"FORB";"Forb";"Pedicularis verticillata";"CTL";100;1;1;108;154;0.925925925925926;0.649350649350649
"QHI";"KO";"3";2004;"QHI:KO:3";"QHI:KO:3:2004";"LIVE";"pf_all_xy";"GRAMINOIDU";"Graminoid";"XXXothergram";"CTL";100;3;3;108;154;2.77777777777778;1.94805194805195
"QHI";"KO";"3";2004;"QHI:KO:3";"QHI:KO:3:2004";"LIVE";"pf_all_xy";"GRASS";"Graminoid";"Festuca baffinensis";"CTL";100;1;1;108;154;0.925925925925926;0.649350649350649
"QHI";"KO";"3";2004;"QHI:KO:3";"QHI:KO:3:2004";"LIVE";"pf_all_xy";"FORB";"Forb";"Oxytropis nigrescens";"CTL";100;5;4;108;154;3.7037037037037;3.24675324675325
"QHI";"KO";"3";2004;"QHI:KO:3";"QHI:KO:3:2004";"LIVE";"pf_all_xy";"FORB";"Forb";"Stellaria longipes";"CTL";100;1;1;108;154;0.925925925925926;0.649350649350649
"QHI";"KO";"3";2004;"QHI:KO:3";"QHI:KO:3:2004";"LIVE";"pf_all_xy";"LFRUT";"Lichen";"Nephromopsis cucullata";"CTL";100;1;1;NA;NA;NA;NA
"QHI";"KO";"3";2004;"QHI:KO:3";"QHI:KO:3:2004";"LIVE";"pf_all_xy";"LICHENU";"Lichen";"XXXotherlichen";"CTL";100;2;2;NA;NA;NA;NA
"QHI";"KO";"4";2004;"QHI:KO:4";"QHI:KO:4:2004";"LIVE";"pf_all_xy";"SEVER";"Shrub";"Dryas integrifolia";"CTL";100;108;68;107;155;63.5514018691589;69.6774193548387
"QHI";"KO";"4";2004;"QHI:KO:4";"QHI:KO:4:2004";"LIVE";"pf_all_xy";"SDECI";"Shrub";"Salix arctica";"CTL";100;19;14;107;155;13.0841121495327;12.258064516129
"QHI";"KO";"4";2004;"QHI:KO:4";"QHI:KO:4:2004";"LITTER";"pf_all_xy";"LITTER";NA;"XXXLITTER";"CTL";100;30;30;NA;NA;NA;NA
"QHI";"KO";"4";2004;"QHI:KO:4";"QHI:KO:4:2004";"LIVE";"pf_all_xy";"FORB";"Forb";"Saussurea angustifolia";"CTL";100;1;1;107;155;0.934579439252336;0.645161290322581
"QHI";"KO";"4";2004;"QHI:KO:4";"QHI:KO:4:2004";"LIVE";"pf_all_xy";"LFRUT";"Lichen";"Thamnolia subuliformis";"CTL";100;1;1;NA;NA;NA;NA
"QHI";"KO";"4";2004;"QHI:KO:4";"QHI:KO:4:2004";"LIVE";"pf_all_xy";"FORB";"Forb";"Oxytropis nigrescens";"CTL";100;3;2;107;155;1.86915887850467;1.93548387096774
"QHI";"KO";"4";2004;"QHI:KO:4";"QHI:KO:4:2004";"LIVE";"pf_all_xy";"FORB";"Forb";"Pedicularis verticillata";"CTL";100;2;2;107;155;1.86915887850467;1.29032258064516
"QHI";"KO";"4";2004;"QHI:KO:4";"QHI:KO:4:2004";"LIVE";"pf_all_xy";"LFRUT";"Lichen";"Nephromopsis cucullata";"CTL";100;8;8;NA;NA;NA;NA
"QHI";"KO";"4";2004;"QHI:KO:4";"QHI:KO:4:2004";"LIVE";"pf_all_xy";"GRASS";"Graminoid";"Poa arctica";"CTL";100;4;4;107;155;3.73831775700935;2.58064516129032
"QHI";"KO";"4";2004;"QHI:KO:4";"QHI:KO:4:2004";"LIVE";"pf_all_xy";"FORB";"Forb";"Tephroseris integrifolia";"CTL";100;6;5;107;155;4.67289719626168;3.87096774193548
"QHI";"KO";"4";2004;"QHI:KO:4";"QHI:KO:4:2004";"LIVE";"pf_all_xy";"SOIL";NA;"XXXbareground";"CTL";100;8;8;NA;NA;NA;NA
"QHI";"KO";"4";2004;"QHI:KO:4";"QHI:KO:4:2004";"LIVE";"pf_all_xy";"MOSSU";NA;"XXXothermoss";"CTL";100;18;18;NA;NA;NA;NA
"QHI";"KO";"4";2004;"QHI:KO:4";"QHI:KO:4:2004";"LIVE";"pf_all_xy";"LICHENU";"Lichen";"XXXotherlichen";"CTL";100;3;3;NA;NA;NA;NA
"QHI";"KO";"4";2004;"QHI:KO:4";"QHI:KO:4:2004";"LIVE";"pf_all_xy";"GRASS";"Graminoid";"Festuca baffinensis";"CTL";100;4;4;107;155;3.73831775700935;2.58064516129032
"QHI";"KO";"4";2004;"QHI:KO:4";"QHI:KO:4:2004";"LIVE";"pf_all_xy";"LFRUT";"Lichen";"XXXpeltigera";"CTL";100;8;8;NA;NA;NA;NA
"QHI";"KO";"4";2004;"QHI:KO:4";"QHI:KO:4:2004";"LIVE";"pf_all_xy";"GRASS";"Graminoid";"Arctagrostis latifolia";"CTL";100;3;3;107;155;2.80373831775701;1.93548387096774
"QHI";"KO";"4";2004;"QHI:KO:4";"QHI:KO:4:2004";"LIVE";"pf_all_xy";"LFRUT";"Lichen";"XXXcladonia";"CTL";100;2;2;NA;NA;NA;NA
"QHI";"KO";"4";2004;"QHI:KO:4";"QHI:KO:4:2004";"LIVE";"pf_all_xy";"FORB";"Forb";"Astragalus umbellatus";"CTL";100;1;1;107;155;0.934579439252336;0.645161290322581
"QHI";"KO";"4";2004;"QHI:KO:4";"QHI:KO:4:2004";"LIVE";"pf_all_xy";"FORB";"Forb";"Pedicularis lanata";"CTL";100;2;2;107;155;1.86915887850467;1.29032258064516
"QHI";"KO";"4";2004;"QHI:KO:4";"QHI:KO:4:2004";"LIVE";"pf_all_xy";"FORB";"Forb";"Oxytropis maydelliana";"CTL";100;2;1;107;155;0.934579439252336;1.29032258064516
"QHI";"KO";"5";2004;"QHI:KO:5";"QHI:KO:5:2004";"LIVE";"pf_all_xy";"SEVER";"Shrub";"Dryas integrifolia";"CTL";100;83;56;108;155;51.8518518518519;53.5483870967742
"QHI";"KO";"5";2004;"QHI:KO:5";"QHI:KO:5:2004";"LIVE";"pf_all_xy";"GRAMINOIDU";"Graminoid";"XXXotherherb";"CTL";100;1;1;108;155;0.925925925925926;0.645161290322581
"QHI";"KO";"5";2004;"QHI:KO:5";"QHI:KO:5:2004";"LITTER";"pf_all_xy";"LITTER";NA;"XXXLITTER";"CTL";100;34;34;NA;NA;NA;NA
"QHI";"KO";"5";2004;"QHI:KO:5";"QHI:KO:5:2004";"LIVE";"pf_all_xy";"MOSSU";NA;"XXXothermoss";"CTL";100;24;24;NA;NA;NA;NA
"QHI";"KO";"5";2004;"QHI:KO:5";"QHI:KO:5:2004";"LIVE";"pf_all_xy";"LFRUT";"Lichen";"Nephromopsis cucullata";"CTL";100;5;5;NA;NA;NA;NA
"QHI";"KO";"5";2004;"QHI:KO:5";"QHI:KO:5:2004";"LIVE";"pf_all_xy";"FORB";"Forb";"Astragalus umbellatus";"CTL";100;10;9;108;155;8.33333333333333;6.45161290322581
"QHI";"KO";"5";2004;"QHI:KO:5";"QHI:KO:5:2004";"LIVE";"pf_all_xy";"GRAMINOIDU";"Graminoid";"XXXothergram";"CTL";100;5;3;108;155;2.77777777777778;3.2258064516129
"QHI";"KO";"5";2004;"QHI:KO:5";"QHI:KO:5:2004";"LIVE";"pf_all_xy";"SDECI";"Shrub";"Salix arctica";"CTL";100;20;13;108;155;12.037037037037;12.9032258064516
"QHI";"KO";"5";2004;"QHI:KO:5";"QHI:KO:5:2004";"LIVE";"pf_all_xy";"SOIL";NA;"XXXbareground";"CTL";100;14;14;NA;NA;NA;NA
"QHI";"KO";"5";2004;"QHI:KO:5";"QHI:KO:5:2004";"LIVE";"pf_all_xy";"GRASS";"Graminoid";"Festuca baffinensis";"CTL";100;9;9;108;155;8.33333333333333;5.80645161290323
"QHI";"KO";"5";2004;"QHI:KO:5";"QHI:KO:5:2004";"LIVE";"pf_all_xy";"FORB";"Forb";"Tephroseris integrifolia";"CTL";100;13;3;108;155;2.77777777777778;8.38709677419355
"QHI";"KO";"5";2004;"QHI:KO:5";"QHI:KO:5:2004";"LIVE";"pf_all_xy";"FORB";"Forb";"Saussurea angustifolia";"CTL";100;2;2;108;155;1.85185185185185;1.29032258064516
"QHI";"KO";"5";2004;"QHI:KO:5";"QHI:KO:5:2004";"LIVE";"pf_all_xy";"LFRUT";"Lichen";"Thamnolia subuliformis";"CTL";100;5;5;NA;NA;NA;NA
"QHI";"KO";"5";2004;"QHI:KO:5";"QHI:KO:5:2004";"LIVE";"pf_all_xy";"FORB";"Forb";"Pedicularis verticillata";"CTL";100;2;2;108;155;1.85185185185185;1.29032258064516
"QHI";"KO";"5";2004;"QHI:KO:5";"QHI:KO:5:2004";"LIVE";"pf_all_xy";"GRASS";"Graminoid";"Poa arctica";"CTL";100;3;3;108;155;2.77777777777778;1.93548387096774
"QHI";"KO";"5";2004;"QHI:KO:5";"QHI:KO:5:2004";"LIVE";"pf_all_xy";"RUSH";"Graminoid";"XXXluzula";"CTL";100;4;4;108;155;3.7037037037037;2.58064516129032
"QHI";"KO";"5";2004;"QHI:KO:5";"QHI:KO:5:2004";"LIVE";"pf_all_xy";"FORB";"Forb";"Pedicularis lanata";"CTL";100;2;2;108;155;1.85185185185185;1.29032258064516
"QHI";"KO";"5";2004;"QHI:KO:5";"QHI:KO:5:2004";"LIVE";"pf_all_xy";"LICHENU";"Lichen";"XXXotherlichen";"CTL";100;1;1;NA;NA;NA;NA
"QHI";"KO";"5";2004;"QHI:KO:5";"QHI:KO:5:2004";"LIVE";"pf_all_xy";"FORB";"Forb";"Oxytropis nigrescens";"CTL";100;1;1;108;155;0.925925925925926;0.645161290322581
"QHI";"KO";"6";2004;"QHI:KO:6";"QHI:KO:6:2004";"LIVE";"pf_all_xy";"GRASS";"Graminoid";"Arctagrostis latifolia";"CTL";100;1;1;126;178;0.793650793650794;0.561797752808989
"QHI";"KO";"6";2004;"QHI:KO:6";"QHI:KO:6:2004";"LIVE";"pf_all_xy";"SEVER";"Shrub";"Dryas integrifolia";"CTL";100;122;75;126;178;59.5238095238095;68.5393258426966
"QHI";"KO";"6";2004;"QHI:KO:6";"QHI:KO:6:2004";"LIVE";"pf_all_xy";"GRASS";"Graminoid";"Festuca baffinensis";"CTL";100;6;6;126;178;4.76190476190476;3.37078651685393
"QHI";"KO";"6";2004;"QHI:KO:6";"QHI:KO:6:2004";"LITTER";"pf_all_xy";"LITTER";NA;"XXXLITTER";"CTL";100;34;34;NA;NA;NA;NA
"QHI";"KO";"6";2004;"QHI:KO:6";"QHI:KO:6:2004";"LIVE";"pf_all_xy";"FORB";"Forb";"Tephroseris integrifolia";"CTL";100;1;1;126;178;0.793650793650794;0.561797752808989
"QHI";"KO";"6";2004;"QHI:KO:6";"QHI:KO:6:2004";"LIVE";"pf_all_xy";"GRAMINOIDU";"Graminoid";"XXXkobresia";"CTL";100;3;3;126;178;2.38095238095238;1.68539325842697
"QHI";"KO";"6";2004;"QHI:KO:6";"QHI:KO:6:2004";"LIVE";"pf_all_xy";"FORB";"Forb";"Oxytropis maydelliana";"CTL";100;4;4;126;178;3.17460317460317;2.24719101123596
"QHI";"KO";"6";2004;"QHI:KO:6";"QHI:KO:6:2004";"LIVE";"pf_all_xy";"FORB";"Forb";"Stellaria longipes";"CTL";100;1;1;126;178;0.793650793650794;0.561797752808989
"QHI";"KO";"6";2004;"QHI:KO:6";"QHI:KO:6:2004";"LIVE";"pf_all_xy";"GRAMINOIDU";"Graminoid";"XXXothergram";"CTL";100;8;8;126;178;6.34920634920635;4.49438202247191
"QHI";"KO";"6";2004;"QHI:KO:6";"QHI:KO:6:2004";"LIVE";"pf_all_xy";"FORB";"Forb";"Astragalus umbellatus";"CTL";100;2;2;126;178;1.58730158730159;1.12359550561798
"QHI";"KO";"6";2004;"QHI:KO:6";"QHI:KO:6:2004";"LIVE";"pf_all_xy";"RUSH";"Graminoid";"XXXluzula";"CTL";100;4;4;126;178;3.17460317460317;2.24719101123596
"QHI";"KO";"6";2004;"QHI:KO:6";"QHI:KO:6:2004";"LIVE";"pf_all_xy";"LICHENU";"Lichen";"XXXotherlichen";"CTL";100;3;3;NA;NA;NA;NA
"QHI";"KO";"6";2004;"QHI:KO:6";"QHI:KO:6:2004";"LIVE";"pf_all_xy";"SDECI";"Shrub";"Salix arctica";"CTL";100;19;15;126;178;11.9047619047619;10.6741573033708
"QHI";"KO";"6";2004;"QHI:KO:6";"QHI:KO:6:2004";"LIVE";"pf_all_xy";"FORB";"Forb";"Pedicularis verticillata";"CTL";100;1;1;126;178;0.793650793650794;0.561797752808989
"QHI";"KO";"6";2004;"QHI:KO:6";"QHI:KO:6:2004";"LIVE";"pf_all_xy";"FORB";"Forb";"Pedicularis lanata";"CTL";100;1;1;126;178;0.793650793650794;0.561797752808989
"QHI";"KO";"6";2004;"QHI:KO:6";"QHI:KO:6:2004";"LIVE";"pf_all_xy";"MOSSU";NA;"XXXothermoss";"CTL";100;20;20;NA;NA;NA;NA
"QHI";"KO";"6";2004;"QHI:KO:6";"QHI:KO:6:2004";"LIVE";"pf_all_xy";"LFRUT";"Lichen";"Nephromopsis cucullata";"CTL";100;7;6;NA;NA;NA;NA
"QHI";"KO";"6";2004;"QHI:KO:6";"QHI:KO:6:2004";"LIVE";"pf_all_xy";"LFRUT";"Lichen";"Cetraria islandica";"CTL";100;2;2;NA;NA;NA;NA
"QHI";"KO";"6";2004;"QHI:KO:6";"QHI:KO:6:2004";"LIVE";"pf_all_xy";"LFRUT";"Lichen";"Thamnolia subuliformis";"CTL";100;3;3;NA;NA;NA;NA
"QHI";"KO";"6";2004;"QHI:KO:6";"QHI:KO:6:2004";"LIVE";"pf_all_xy";"FORB";"Forb";"Bistorta vivipara";"CTL";100;3;3;126;178;2.38095238095238;1.68539325842697
"QHI";"KO";"6";2004;"QHI:KO:6";"QHI:KO:6:2004";"LIVE";"pf_all_xy";"SOIL";NA;"XXXbareground";"CTL";100;2;2;NA;NA;NA;NA
"QHI";"KO";"6";2004;"QHI:KO:6";"QHI:KO:6:2004";"LIVE";"pf_all_xy";"LCRUS";"Lichen";"XXXcrustous";"CTL";100;2;2;NA;NA;NA;NA
"QHI";"KO";"6";2004;"QHI:KO:6";"QHI:KO:6:2004";"LIVE";"pf_all_xy";"FORB";"Forb";"Oxytropis nigrescens";"CTL";100;2;1;126;178;0.793650793650794;1.12359550561798
"QHI";"KO";"6";2009;"QHI:KO:6";"QHI:KO:6:2009";"LIVE";"pf_all_xy";"FORB";"Forb";"Astragalus umbellatus";"CTL";100;6;6;145;217;4.13793103448276;2.76497695852535
"QHI";"KO";"6";2009;"QHI:KO:6";"QHI:KO:6:2009";"LIVE";"pf_all_xy";"SEVER";"Shrub";"Dryas integrifolia";"CTL";100;116;69;145;217;47.5862068965517;53.4562211981567
"QHI";"KO";"6";2009;"QHI:KO:6";"QHI:KO:6:2009";"LITTER";"pf_all_xy";"LITTER";NA;"XXXLITTER";"CTL";100;58;42;NA;NA;NA;NA
"QHI";"KO";"6";2009;"QHI:KO:6";"QHI:KO:6:2009";"LIVE";"pf_all_xy";"GRASS";"Graminoid";"Poa arctica";"CTL";100;38;27;145;217;18.6206896551724;17.5115207373272
"QHI";"KO";"6";2009;"QHI:KO:6";"QHI:KO:6:2009";"LIVE";"pf_all_xy";"GRAMINOIDU";"Graminoid";"XXXotherherb";"CTL";100;11;9;145;217;6.20689655172414;5.06912442396313
"QHI";"KO";"6";2009;"QHI:KO:6";"QHI:KO:6:2009";"LIVE";"pf_all_xy";"SDECI";"Shrub";"Salix arctica";"CTL";100;25;18;145;217;12.4137931034483;11.5207373271889
"QHI";"KO";"6";2009;"QHI:KO:6";"QHI:KO:6:2009";"LIVE";"pf_all_xy";"MOSSU";NA;"XXXothermoss";"CTL";100;29;19;NA;NA;NA;NA
"QHI";"KO";"6";2009;"QHI:KO:6";"QHI:KO:6:2009";"LIVE";"pf_all_xy";"DUNG";NA;"XXXDUNG";"CTL";100;8;5;NA;NA;NA;NA
"QHI";"KO";"6";2009;"QHI:KO:6";"QHI:KO:6:2009";"LIVE";"pf_all_xy";"GRAMINOIDU";"Graminoid";"XXXothergram";"CTL";100;5;3;145;217;2.06896551724138;2.30414746543779
"QHI";"KO";"6";2009;"QHI:KO:6";"QHI:KO:6:2009";"LIVE";"pf_all_xy";"SEDGE";"Graminoid";"XXXcarex";"CTL";100;10;8;145;217;5.51724137931035;4.60829493087558
"QHI";"KO";"6";2009;"QHI:KO:6";"QHI:KO:6:2009";"LIVE";"pf_all_xy";"LFRUT";"Lichen";"XXXcetraria";"CTL";100;5;3;NA;NA;NA;NA
"QHI";"KO";"6";2009;"QHI:KO:6";"QHI:KO:6:2009";"LIVE";"pf_all_xy";"FORB";"Forb";"Stellaria longipes";"CTL";100;1;1;145;217;0.689655172413793;0.460829493087558
"QHI";"KO";"6";2009;"QHI:KO:6";"QHI:KO:6:2009";"LIVE";"pf_all_xy";"LFRUT";"Lichen";"XXXcladonia";"CTL";100;2;2;NA;NA;NA;NA
"QHI";"KO";"6";2009;"QHI:KO:6";"QHI:KO:6:2009";"LIVE";"pf_all_xy";"LFRUT";"Lichen";"Dactylina arctica";"CTL";100;1;1;NA;NA;NA;NA
"QHI";"KO";"6";2009;"QHI:KO:6";"QHI:KO:6:2009";"LIVE";"pf_all_xy";"LFRUT";"Lichen";"Thamnolia subuliformis";"CTL";100;6;6;NA;NA;NA;NA
"QHI";"KO";"6";2009;"QHI:KO:6";"QHI:KO:6:2009";"LIVE";"pf_all_xy";"LFRUT";"Lichen";"XXXpeltigera";"CTL";100;3;2;NA;NA;NA;NA
"QHI";"KO";"6";2009;"QHI:KO:6";"QHI:KO:6:2009";"LIVE";"pf_all_xy";"LFRUT";"Lichen";"Cetraria islandica";"CTL";100;3;3;NA;NA;NA;NA
"QHI";"KO";"6";2009;"QHI:KO:6";"QHI:KO:6:2009";"LIVE";"pf_all_xy";"RUSH";"Graminoid";"XXXluzula";"CTL";100;1;1;145;217;0.689655172413793;0.460829493087558
"QHI";"KO";"6";2009;"QHI:KO:6";"QHI:KO:6:2009";"LIVE";"pf_all_xy";"SOIL";NA;"XXXbareground";"CTL";100;9;9;NA;NA;NA;NA
"QHI";"KO";"6";2009;"QHI:KO:6";"QHI:KO:6:2009";"LIVE";"pf_all_xy";"FORB";"Forb";"Tephroseris integrifolia";"CTL";100;2;1;145;217;0.689655172413793;0.921658986175115
"QHI";"KO";"6";2009;"QHI:KO:6";"QHI:KO:6:2009";"LIVE";"pf_all_xy";"LCRUS";"Lichen";"XXXcrustous";"CTL";100;4;3;NA;NA;NA;NA
"QHI";"KO";"6";2009;"QHI:KO:6";"QHI:KO:6:2009";"LIVE";"pf_all_xy";"FORB";"Forb";"Pedicularis sudetica";"CTL";100;1;1;145;217;0.689655172413793;0.460829493087558
"QHI";"KO";"6";2009;"QHI:KO:6";"QHI:KO:6:2009";"LIVE";"pf_all_xy";"LFRUT";"Lichen";"Nephromopsis cucullata";"CTL";100;2;2;NA;NA;NA;NA
"QHI";"KO";"6";2009;"QHI:KO:6";"QHI:KO:6:2009";"LIVE";"pf_all_xy";"FORB";"Forb";"Bistorta vivipara";"CTL";100;1;1;145;217;0.689655172413793;0.460829493087558
"QHI";"KO";"5";2009;"QHI:KO:5";"QHI:KO:5:2009";"LIVE";"pf_all_xy";"SEVER";"Shrub";"Dryas integrifolia";"CTL";100;115;63;130;195;48.4615384615385;58.974358974359
"QHI";"KO";"5";2009;"QHI:KO:5";"QHI:KO:5:2009";"LIVE";"pf_all_xy";"GRASS";"Graminoid";"Poa arctica";"CTL";100;29;23;130;195;17.6923076923077;14.8717948717949
"QHI";"KO";"5";2009;"QHI:KO:5";"QHI:KO:5:2009";"LITTER";"pf_all_xy";"LITTER";NA;"XXXLITTER";"CTL";100;69;69;NA;NA;NA;NA
"QHI";"KO";"5";2009;"QHI:KO:5";"QHI:KO:5:2009";"LIVE";"pf_all_xy";"SDECI";"Shrub";"Salix arctica";"CTL";100;29;26;130;195;20;14.8717948717949
"QHI";"KO";"5";2009;"QHI:KO:5";"QHI:KO:5:2009";"LIVE";"pf_all_xy";"MOSSU";NA;"XXXothermoss";"CTL";100;18;17;NA;NA;NA;NA
"QHI";"KO";"5";2009;"QHI:KO:5";"QHI:KO:5:2009";"LIVE";"pf_all_xy";"SEDGE";"Graminoid";"XXXcarex";"CTL";100;8;8;130;195;6.15384615384615;4.1025641025641
"QHI";"KO";"5";2009;"QHI:KO:5";"QHI:KO:5:2009";"LIVE";"pf_all_xy";"LFRUT";"Lichen";"Nephromopsis cucullata";"CTL";100;2;2;NA;NA;NA;NA
"QHI";"KO";"5";2009;"QHI:KO:5";"QHI:KO:5:2009";"LIVE";"pf_all_xy";"LICHENU";"Lichen";"XXXotherlichen";"CTL";100;2;2;NA;NA;NA;NA
"QHI";"KO";"5";2009;"QHI:KO:5";"QHI:KO:5:2009";"LIVE";"pf_all_xy";"LCRUS";"Lichen";"XXXcrustous";"CTL";100;1;1;NA;NA;NA;NA
"QHI";"KO";"5";2009;"QHI:KO:5";"QHI:KO:5:2009";"LIVE";"pf_all_xy";"SOIL";NA;"XXXbareground";"CTL";100;19;19;NA;NA;NA;NA
"QHI";"KO";"5";2009;"QHI:KO:5";"QHI:KO:5:2009";"LIVE";"pf_all_xy";"FORB";"Forb";"Tephroseris integrifolia";"CTL";100;2;2;130;195;1.53846153846154;1.02564102564103
"QHI";"KO";"5";2009;"QHI:KO:5";"QHI:KO:5:2009";"LIVE";"pf_all_xy";"LFRUT";"Lichen";"XXXcetraria";"CTL";100;1;1;NA;NA;NA;NA
"QHI";"KO";"5";2009;"QHI:KO:5";"QHI:KO:5:2009";"LIVE";"pf_all_xy";"LFRUT";"Lichen";"Thamnolia subuliformis";"CTL";100;5;5;NA;NA;NA;NA
"QHI";"KO";"5";2009;"QHI:KO:5";"QHI:KO:5:2009";"LIVE";"pf_all_xy";"GRAMINOIDU";"Graminoid";"XXXotherherb";"CTL";100;8;5;130;195;3.84615384615385;4.1025641025641
"QHI";"KO";"5";2009;"QHI:KO:5";"QHI:KO:5:2009";"LIVE";"pf_all_xy";"RUSH";"Graminoid";"XXXluzula";"CTL";100;1;1;130;195;0.769230769230769;0.512820512820513
"QHI";"KO";"5";2009;"QHI:KO:5";"QHI:KO:5:2009";"LIVE";"pf_all_xy";"FORB";"Forb";"Astragalus umbellatus";"CTL";100;3;2;130;195;1.53846153846154;1.53846153846154
"QHI";"KO";"4";2009;"QHI:KO:4";"QHI:KO:4:2009";"LIVE";"pf_all_xy";"SEVER";"Shrub";"Dryas integrifolia";"CTL";100;146;82;124;192;66.1290322580645;76.0416666666667
"QHI";"KO";"4";2009;"QHI:KO:4";"QHI:KO:4:2009";"LIVE";"pf_all_xy";"SEDGE";"Graminoid";"XXXcarex";"CTL";100;9;8;124;192;6.45161290322581;4.6875
"QHI";"KO";"4";2009;"QHI:KO:4";"QHI:KO:4:2009";"LIVE";"pf_all_xy";"GRAMINOIDU";"Graminoid";"XXXotherherb";"CTL";100;13;11;124;192;8.87096774193548;6.77083333333333
"QHI";"KO";"4";2009;"QHI:KO:4";"QHI:KO:4:2009";"LITTER";"pf_all_xy";"LITTER";NA;"XXXLITTER";"CTL";100;82;82;NA;NA;NA;NA
"QHI";"KO";"4";2009;"QHI:KO:4";"QHI:KO:4:2009";"LIVE";"pf_all_xy";"MOSSU";NA;"XXXothermoss";"CTL";100;26;24;NA;NA;NA;NA
"QHI";"KO";"4";2009;"QHI:KO:4";"QHI:KO:4:2009";"LIVE";"pf_all_xy";"LFRUT";"Lichen";"Nephromopsis cucullata";"CTL";100;9;7;NA;NA;NA;NA
"QHI";"KO";"4";2009;"QHI:KO:4";"QHI:KO:4:2009";"LIVE";"pf_all_xy";"FORB";"Forb";"Tephroseris integrifolia";"CTL";100;7;7;124;192;5.64516129032258;3.64583333333333
"QHI";"KO";"4";2009;"QHI:KO:4";"QHI:KO:4:2009";"LIVE";"pf_all_xy";"LFRUT";"Lichen";"Thamnolia subuliformis";"CTL";100;3;2;NA;NA;NA;NA
"QHI";"KO";"4";2009;"QHI:KO:4";"QHI:KO:4:2009";"LIVE";"pf_all_xy";"SOIL";NA;"XXXbareground";"CTL";100;9;9;NA;NA;NA;NA
"QHI";"KO";"4";2009;"QHI:KO:4";"QHI:KO:4:2009";"LIVE";"pf_all_xy";"FORB";"Forb";"Pedicularis sudetica";"CTL";100;2;1;124;192;0.806451612903226;1.04166666666667
"QHI";"KO";"4";2009;"QHI:KO:4";"QHI:KO:4:2009";"LIVE";"pf_all_xy";"GRASS";"Graminoid";"Arctagrostis latifolia";"CTL";100;8;8;124;192;6.45161290322581;4.16666666666667
"QHI";"KO";"4";2009;"QHI:KO:4";"QHI:KO:4:2009";"LIVE";"pf_all_xy";"SDECI";"Shrub";"Salix arctica";"CTL";100;4;4;124;192;3.2258064516129;2.08333333333333
"QHI";"KO";"4";2009;"QHI:KO:4";"QHI:KO:4:2009";"LIVE";"pf_all_xy";"FORB";"Forb";"Astragalus umbellatus";"CTL";100;2;2;124;192;1.61290322580645;1.04166666666667
"QHI";"KO";"4";2009;"QHI:KO:4";"QHI:KO:4:2009";"LIVE";"pf_all_xy";"FORB";"Forb";"Pedicularis capitata";"CTL";100;1;1;124;192;0.806451612903226;0.520833333333333
"QHI";"KO";"4";2009;"QHI:KO:4";"QHI:KO:4:2009";"LIVE";"pf_all_xy";"LCRUS";"Lichen";"XXXcrustous";"CTL";100;1;1;NA;NA;NA;NA
"QHI";"KO";"3";2009;"QHI:KO:3";"QHI:KO:3:2009";"LIVE";"pf_all_xy";"SEVER";"Shrub";"Dryas integrifolia";"CTL";100;109;62;115;175;53.9130434782609;62.2857142857143
"QHI";"KO";"3";2009;"QHI:KO:3";"QHI:KO:3:2009";"LITTER";"pf_all_xy";"LITTER";NA;"XXXLITTER";"CTL";100;80;80;NA;NA;NA;NA
"QHI";"KO";"3";2009;"QHI:KO:3";"QHI:KO:3:2009";"LIVE";"pf_all_xy";"LFRUT";"Lichen";"Nephromopsis cucullata";"CTL";100;3;2;NA;NA;NA;NA
"QHI";"KO";"3";2009;"QHI:KO:3";"QHI:KO:3:2009";"LIVE";"pf_all_xy";"SDECI";"Shrub";"Salix arctica";"CTL";100;23;17;115;175;14.7826086956522;13.1428571428571
"QHI";"KO";"3";2009;"QHI:KO:3";"QHI:KO:3:2009";"LIVE";"pf_all_xy";"MOSSU";NA;"XXXothermoss";"CTL";100;10;10;NA;NA;NA;NA
"QHI";"KO";"3";2009;"QHI:KO:3";"QHI:KO:3:2009";"LIVE";"pf_all_xy";"FORB";"Forb";"Tephroseris integrifolia";"CTL";100;1;1;115;175;0.869565217391304;0.571428571428571
"QHI";"KO";"3";2009;"QHI:KO:3";"QHI:KO:3:2009";"LIVE";"pf_all_xy";"GRASS";"Graminoid";"Arctagrostis latifolia";"CTL";100;18;15;115;175;13.0434782608696;10.2857142857143
"QHI";"KO";"3";2009;"QHI:KO:3";"QHI:KO:3:2009";"LIVE";"pf_all_xy";"SEDGE";"Graminoid";"XXXcarex";"CTL";100;5;4;115;175;3.47826086956522;2.85714285714286
"QHI";"KO";"3";2009;"QHI:KO:3";"QHI:KO:3:2009";"LIVE";"pf_all_xy";"FORB";"Forb";"XXXotheraster";"CTL";100;2;2;115;175;1.73913043478261;1.14285714285714
"QHI";"KO";"3";2009;"QHI:KO:3";"QHI:KO:3:2009";"LIVE";"pf_all_xy";"GRASS";"Graminoid";"Poa arctica";"CTL";100;3;3;115;175;2.60869565217391;1.71428571428571
"QHI";"KO";"3";2009;"QHI:KO:3";"QHI:KO:3:2009";"LIVE";"pf_all_xy";"SOIL";NA;"XXXbareground";"CTL";100;18;18;NA;NA;NA;NA
"QHI";"KO";"3";2009;"QHI:KO:3";"QHI:KO:3:2009";"LIVE";"pf_all_xy";"FORB";"Forb";"Astragalus umbellatus";"CTL";100;5;4;115;175;3.47826086956522;2.85714285714286
"QHI";"KO";"3";2009;"QHI:KO:3";"QHI:KO:3:2009";"LIVE";"pf_all_xy";"GRAMINOIDU";"Graminoid";"XXXothergram";"CTL";100;1;1;115;175;0.869565217391304;0.571428571428571
"QHI";"KO";"3";2009;"QHI:KO:3";"QHI:KO:3:2009";"LIVE";"pf_all_xy";"LFRUT";"Lichen";"Thamnolia subuliformis";"CTL";100;1;1;NA;NA;NA;NA
"QHI";"KO";"3";2009;"QHI:KO:3";"QHI:KO:3:2009";"LIVE";"pf_all_xy";"GRAMINOIDU";"Graminoid";"XXXotherherb";"CTL";100;7;5;115;175;4.34782608695652;4
"QHI";"KO";"3";2009;"QHI:KO:3";"QHI:KO:3:2009";"LIVE";"pf_all_xy";"FORB";"Forb";"Pedicularis sudetica";"CTL";100;1;1;115;175;0.869565217391304;0.571428571428571
"QHI";"KO";"2";2009;"QHI:KO:2";"QHI:KO:2:2009";"LIVE";"pf_all_xy";"SOIL";NA;"XXXbareground";"CTL";100;7;7;NA;NA;NA;NA
"QHI";"KO";"2";2009;"QHI:KO:2";"QHI:KO:2:2009";"LIVE";"pf_all_xy";"SEVER";"Shrub";"Dryas integrifolia";"CTL";100;127;73;113;180;64.6017699115044;70.5555555555556
"QHI";"KO";"2";2009;"QHI:KO:2";"QHI:KO:2:2009";"LITTER";"pf_all_xy";"LITTER";NA;"XXXLITTER";"CTL";100;88;88;NA;NA;NA;NA
"QHI";"KO";"2";2009;"QHI:KO:2";"QHI:KO:2:2009";"LIVE";"pf_all_xy";"FORB";"Forb";"XXXoxytropis";"CTL";100;1;1;113;180;0.884955752212389;0.555555555555556
"QHI";"KO";"2";2009;"QHI:KO:2";"QHI:KO:2:2009";"LIVE";"pf_all_xy";"SDECI";"Shrub";"Salix arctica";"CTL";100;29;19;113;180;16.8141592920354;16.1111111111111
"QHI";"KO";"2";2009;"QHI:KO:2";"QHI:KO:2:2009";"LIVE";"pf_all_xy";"GRAMINOIDU";"Graminoid";"XXXotherherb";"CTL";100;8;7;113;180;6.19469026548673;4.44444444444444
"QHI";"KO";"2";2009;"QHI:KO:2";"QHI:KO:2:2009";"LIVE";"pf_all_xy";"FORB";"Forb";"Tephroseris integrifolia";"CTL";100;10;9;113;180;7.9646017699115;5.55555555555556
"QHI";"KO";"2";2009;"QHI:KO:2";"QHI:KO:2:2009";"LIVE";"pf_all_xy";"SEDGE";"Graminoid";"XXXcarex";"CTL";100;3;2;113;180;1.76991150442478;1.66666666666667
"QHI";"KO";"2";2009;"QHI:KO:2";"QHI:KO:2:2009";"LIVE";"pf_all_xy";"MOSSU";NA;"XXXothermoss";"CTL";100;13;12;NA;NA;NA;NA
"QHI";"KO";"2";2009;"QHI:KO:2";"QHI:KO:2:2009";"LIVE";"pf_all_xy";"LFRUT";"Lichen";"XXXcetraria";"CTL";100;3;3;NA;NA;NA;NA
"QHI";"KO";"2";2009;"QHI:KO:2";"QHI:KO:2:2009";"LIVE";"pf_all_xy";"LFRUT";"Lichen";"Nephromopsis cucullata";"CTL";100;1;1;NA;NA;NA;NA
"QHI";"KO";"2";2009;"QHI:KO:2";"QHI:KO:2:2009";"LIVE";"pf_all_xy";"LFRUT";"Lichen";"Thamnolia subuliformis";"CTL";100;5;4;NA;NA;NA;NA
"QHI";"KO";"2";2009;"QHI:KO:2";"QHI:KO:2:2009";"LIVE";"pf_all_xy";"FORB";"Forb";"Astragalus umbellatus";"CTL";100;1;1;113;180;0.884955752212389;0.555555555555556
"QHI";"KO";"2";2009;"QHI:KO:2";"QHI:KO:2:2009";"LIVE";"pf_all_xy";"LFRUT";"Lichen";"XXXcladonia";"CTL";100;1;1;NA;NA;NA;NA
"QHI";"KO";"2";2009;"QHI:KO:2";"QHI:KO:2:2009";"LIVE";"pf_all_xy";"LCRUS";"Lichen";"XXXcrustous";"CTL";100;1;1;NA;NA;NA;NA
"QHI";"KO";"2";2009;"QHI:KO:2";"QHI:KO:2:2009";"LIVE";"pf_all_xy";"LFRUT";"Lichen";"XXXpeltigera";"CTL";100;1;1;NA;NA;NA;NA
"QHI";"KO";"2";2009;"QHI:KO:2";"QHI:KO:2:2009";"LIVE";"pf_all_xy";"LFRUT";"Lichen";"Cetraria islandica";"CTL";100;1;1;NA;NA;NA;NA
"QHI";"KO";"2";2009;"QHI:KO:2";"QHI:KO:2:2009";"LIVE";"pf_all_xy";"FORB";"Forb";"Parrya nudicaulis";"CTL";100;1;1;113;180;0.884955752212389;0.555555555555556
"QHI";"KO";"1";2009;"QHI:KO:1";"QHI:KO:1:2009";"LIVE";"pf_all_xy";"LFRUT";"Lichen";"Nephromopsis cucullata";"CTL";100;4;3;NA;NA;NA;NA
"QHI";"KO";"1";2009;"QHI:KO:1";"QHI:KO:1:2009";"LIVE";"pf_all_xy";"MOSSU";NA;"XXXothermoss";"CTL";100;12;12;NA;NA;NA;NA
"QHI";"KO";"1";2009;"QHI:KO:1";"QHI:KO:1:2009";"LITTER";"pf_all_xy";"LITTER";NA;"XXXLITTER";"CTL";100;77;77;NA;NA;NA;NA
"QHI";"KO";"1";2009;"QHI:KO:1";"QHI:KO:1:2009";"LIVE";"pf_all_xy";"SDECI";"Shrub";"Salix arctica";"CTL";100;32;21;112;194;18.75;16.4948453608247
"QHI";"KO";"1";2009;"QHI:KO:1";"QHI:KO:1:2009";"LIVE";"pf_all_xy";"FORB";"Forb";"Lupinus arcticus";"CTL";100;24;14;112;194;12.5;12.3711340206186
"QHI";"KO";"1";2009;"QHI:KO:1";"QHI:KO:1:2009";"LIVE";"pf_all_xy";"GRAMINOIDU";"Graminoid";"XXXothergram";"CTL";100;2;2;112;194;1.78571428571429;1.03092783505155
"QHI";"KO";"1";2009;"QHI:KO:1";"QHI:KO:1:2009";"LIVE";"pf_all_xy";"GRAMINOIDU";"Graminoid";"XXXotherherb";"CTL";100;5;4;112;194;3.57142857142857;2.57731958762887
"QHI";"KO";"1";2009;"QHI:KO:1";"QHI:KO:1:2009";"LIVE";"pf_all_xy";"SEVER";"Shrub";"Dryas integrifolia";"CTL";100;113;56;112;194;50;58.2474226804124
"QHI";"KO";"1";2009;"QHI:KO:1";"QHI:KO:1:2009";"LIVE";"pf_all_xy";"SEDGE";"Graminoid";"XXXcarex";"CTL";100;11;9;112;194;8.03571428571429;5.67010309278351
"QHI";"KO";"1";2009;"QHI:KO:1";"QHI:KO:1:2009";"LIVE";"pf_all_xy";"LFRUT";"Lichen";"Thamnolia subuliformis";"CTL";100;4;3;NA;NA;NA;NA
"QHI";"KO";"1";2009;"QHI:KO:1";"QHI:KO:1:2009";"LIVE";"pf_all_xy";"FORB";"Forb";"Astragalus umbellatus";"CTL";100;1;1;112;194;0.892857142857143;0.515463917525773
"QHI";"KO";"1";2009;"QHI:KO:1";"QHI:KO:1:2009";"LIVE";"pf_all_xy";"LICHENU";"Lichen";"XXXotherlichen";"CTL";100;3;1;NA;NA;NA;NA
"QHI";"KO";"1";2009;"QHI:KO:1";"QHI:KO:1:2009";"LIVE";"pf_all_xy";"LFRUT";"Lichen";"XXXpeltigera";"CTL";100;4;4;NA;NA;NA;NA
"QHI";"KO";"1";2009;"QHI:KO:1";"QHI:KO:1:2009";"LIVE";"pf_all_xy";"GRASS";"Graminoid";"Poa arctica";"CTL";100;2;1;112;194;0.892857142857143;1.03092783505155
"QHI";"KO";"1";2009;"QHI:KO:1";"QHI:KO:1:2009";"LIVE";"pf_all_xy";"SOIL";NA;"XXXbareground";"CTL";100;19;19;NA;NA;NA;NA
"QHI";"KO";"1";2009;"QHI:KO:1";"QHI:KO:1:2009";"LIVE";"pf_all_xy";"FORB";"Forb";"Tephroseris integrifolia";"CTL";100;3;3;112;194;2.67857142857143;1.54639175257732
"QHI";"KO";"1";2009;"QHI:KO:1";"QHI:KO:1:2009";"LIVE";"pf_all_xy";"SDECI";"Shrub";"Salix reticulata";"CTL";100;1;1;112;194;0.892857142857143;0.515463917525773
"QHI";"KO";"6";2013;"QHI:KO:6";"QHI:KO:6:2013";"LIVE";"pf_all_xy";"LCRUS";"Lichen";"XXXcrustous";"CTL";100;4;4;NA;NA;NA;NA
"QHI";"KO";"6";2013;"QHI:KO:6";"QHI:KO:6:2013";"LIVE";"pf_all_xy";"SOIL";NA;"XXXbareground";"CTL";100;12;12;NA;NA;NA;NA
"QHI";"KO";"6";2013;"QHI:KO:6";"QHI:KO:6:2013";"LIVE";"pf_all_xy";"ROCK";NA;"XXXrock";"CTL";100;1;1;NA;NA;NA;NA
"QHI";"KO";"6";2013;"QHI:KO:6";"QHI:KO:6:2013";"LITTER";"pf_all_xy";"LITTER";NA;"XXXLITTER";"CTL";100;79;79;NA;NA;NA;NA
"QHI";"KO";"6";2013;"QHI:KO:6";"QHI:KO:6:2013";"LIVE";"pf_all_xy";"LFRUT";"Lichen";"Thamnolia subuliformis";"CTL";100;4;4;NA;NA;NA;NA
"QHI";"KO";"6";2013;"QHI:KO:6";"QHI:KO:6:2013";"LIVE";"pf_all_xy";"MOSSU";NA;"XXXothermoss";"CTL";100;10;10;NA;NA;NA;NA
"QHI";"KO";"6";2013;"QHI:KO:6";"QHI:KO:6:2013";"LIVE";"pf_all_xy";"GRASS";"Graminoid";"Festuca baffinensis";"CTL";100;5;5;149;234;3.35570469798658;2.13675213675214
"QHI";"KO";"6";2013;"QHI:KO:6";"QHI:KO:6:2013";"LIVE";"pf_all_xy";"LFRUT";"Lichen";"Cetraria islandica";"CTL";100;3;3;NA;NA;NA;NA
"QHI";"KO";"6";2013;"QHI:KO:6";"QHI:KO:6:2013";"LIVE";"pf_all_xy";"SEVER";"Shrub";"Dryas integrifolia";"CTL";100;107;64;149;234;42.9530201342282;45.7264957264957
"QHI";"KO";"6";2013;"QHI:KO:6";"QHI:KO:6:2013";"LIVE";"pf_all_xy";"SDECI";"Shrub";"Salix arctica";"CTL";100;22;19;149;234;12.751677852349;9.4017094017094
"QHI";"KO";"6";2013;"QHI:KO:6";"QHI:KO:6:2013";"LIVE";"pf_all_xy";"GRASS";"Graminoid";"Alopecurus magellanicus";"CTL";100;32;18;149;234;12.0805369127517;13.6752136752137
"QHI";"KO";"6";2013;"QHI:KO:6";"QHI:KO:6:2013";"LIVE";"pf_all_xy";"GRASS";"Graminoid";"Arctagrostis latifolia";"CTL";100;55;30;149;234;20.1342281879195;23.5042735042735
"QHI";"KO";"6";2013;"QHI:KO:6";"QHI:KO:6:2013";"LIVE";"pf_all_xy";"GRASS";"Graminoid";"Poa arctica";"CTL";100;1;1;149;234;0.671140939597315;0.427350427350427
"QHI";"KO";"6";2013;"QHI:KO:6";"QHI:KO:6:2013";"LIVE";"pf_all_xy";"LICHENU";"Lichen";"XXXotherlichen";"CTL";100;8;8;NA;NA;NA;NA
"QHI";"KO";"6";2013;"QHI:KO:6";"QHI:KO:6:2013";"LIVE";"pf_all_xy";"GRAMINOIDU";"Graminoid";"XXXothergram";"CTL";100;5;5;149;234;3.35570469798658;2.13675213675214
"QHI";"KO";"6";2013;"QHI:KO:6";"QHI:KO:6:2013";"LIVE";"pf_all_xy";"LFRUT";"Lichen";"Nephromopsis cucullata";"CTL";100;2;2;NA;NA;NA;NA
"QHI";"KO";"6";2013;"QHI:KO:6";"QHI:KO:6:2013";"LIVE";"pf_all_xy";"FORB";"Forb";"Astragalus umbellatus";"CTL";100;4;4;149;234;2.68456375838926;1.70940170940171
"QHI";"KO";"6";2013;"QHI:KO:6";"QHI:KO:6:2013";"LIVE";"pf_all_xy";"DUNG";NA;"XXXDUNG";"CTL";100;2;2;NA;NA;NA;NA
"QHI";"KO";"6";2013;"QHI:KO:6";"QHI:KO:6:2013";"LIVE";"pf_all_xy";"FORB";"Forb";"Bistorta vivipara";"CTL";100;1;1;149;234;0.671140939597315;0.427350427350427
"QHI";"KO";"6";2013;"QHI:KO:6";"QHI:KO:6:2013";"LIVE";"pf_all_xy";"GRAMINOIDU";"Graminoid";"XXXkobresia";"CTL";100;1;1;149;234;0.671140939597315;0.427350427350427
"QHI";"KO";"6";2013;"QHI:KO:6";"QHI:KO:6:2013";"LIVE";"pf_all_xy";"LFRUT";"Lichen";"Nephromopsis nivalis";"CTL";100;2;2;NA;NA;NA;NA
"QHI";"KO";"6";2013;"QHI:KO:6";"QHI:KO:6:2013";"LIVE";"pf_all_xy";"FORB";"Forb";"Oxytropis maydelliana";"CTL";100;1;1;149;234;0.671140939597315;0.427350427350427
"QHI";"KO";"5";2013;"QHI:KO:5";"QHI:KO:5:2013";"LIVE";"pf_all_xy";"GRASS";"Graminoid";"Arctagrostis latifolia";"CTL";100;120;62;163;253;38.0368098159509;47.4308300395257
"QHI";"KO";"5";2013;"QHI:KO:5";"QHI:KO:5:2013";"LIVE";"pf_all_xy";"FORB";"Forb";"Polygonum bistorta";"CTL";100;1;1;163;253;0.613496932515337;0.395256916996047
"QHI";"KO";"5";2013;"QHI:KO:5";"QHI:KO:5:2013";"LIVE";"pf_all_xy";"MOSSU";NA;"XXXothermoss";"CTL";100;11;11;NA;NA;NA;NA
"QHI";"KO";"5";2013;"QHI:KO:5";"QHI:KO:5:2013";"LIVE";"pf_all_xy";"SOIL";NA;"XXXbareground";"CTL";100;13;13;NA;NA;NA;NA
"QHI";"KO";"5";2013;"QHI:KO:5";"QHI:KO:5:2013";"LITTER";"pf_all_xy";"LITTER";NA;"XXXLITTER";"CTL";100;86;86;NA;NA;NA;NA
"QHI";"KO";"5";2013;"QHI:KO:5";"QHI:KO:5:2013";"LIVE";"pf_all_xy";"SEVER";"Shrub";"Dryas integrifolia";"CTL";100;74;49;163;253;30.0613496932515;29.2490118577075
"QHI";"KO";"5";2013;"QHI:KO:5";"QHI:KO:5:2013";"LIVE";"pf_all_xy";"FORB";"Forb";"Oxytropis maydelliana";"CTL";100;1;1;163;253;0.613496932515337;0.395256916996047
"QHI";"KO";"5";2013;"QHI:KO:5";"QHI:KO:5:2013";"LIVE";"pf_all_xy";"SDECI";"Shrub";"Salix arctica";"CTL";100;25;21;163;253;12.8834355828221;9.88142292490119
"QHI";"KO";"5";2013;"QHI:KO:5";"QHI:KO:5:2013";"LIVE";"pf_all_xy";"GRASS";"Graminoid";"Alopecurus magellanicus";"CTL";100;14;13;163;253;7.97546012269939;5.53359683794466
"QHI";"KO";"5";2013;"QHI:KO:5";"QHI:KO:5:2013";"LIVE";"pf_all_xy";"ROCK";NA;"XXXrock";"CTL";100;1;1;NA;NA;NA;NA
"QHI";"KO";"5";2013;"QHI:KO:5";"QHI:KO:5:2013";"LIVE";"pf_all_xy";"GRASS";"Graminoid";"Festuca baffinensis";"CTL";100;12;10;163;253;6.13496932515337;4.74308300395257
"QHI";"KO";"5";2013;"QHI:KO:5";"QHI:KO:5:2013";"LIVE";"pf_all_xy";"LFRUT";"Lichen";"Thamnolia subuliformis";"CTL";100;3;3;NA;NA;NA;NA
"QHI";"KO";"5";2013;"QHI:KO:5";"QHI:KO:5:2013";"LIVE";"pf_all_xy";"FORB";"Forb";"Tephroseris integrifolia";"CTL";100;1;1;163;253;0.613496932515337;0.395256916996047
"QHI";"KO";"5";2013;"QHI:KO:5";"QHI:KO:5:2013";"LIVE";"pf_all_xy";"LFRUT";"Lichen";"Cladonia mitis";"CTL";100;3;3;NA;NA;NA;NA
"QHI";"KO";"5";2013;"QHI:KO:5";"QHI:KO:5:2013";"LIVE";"pf_all_xy";"FORB";"Forb";"Astragalus umbellatus";"CTL";100;1;1;163;253;0.613496932515337;0.395256916996047
"QHI";"KO";"5";2013;"QHI:KO:5";"QHI:KO:5:2013";"LIVE";"pf_all_xy";"GRASS";"Graminoid";"Poa arctica";"CTL";100;2;2;163;253;1.22699386503067;0.790513833992095
"QHI";"KO";"5";2013;"QHI:KO:5";"QHI:KO:5:2013";"LIVE";"pf_all_xy";"FORB";"Forb";"Pedicularis verticillata";"CTL";100;1;1;163;253;0.613496932515337;0.395256916996047
"QHI";"KO";"5";2013;"QHI:KO:5";"QHI:KO:5:2013";"LIVE";"pf_all_xy";"LFRUT";"Lichen";"Cetraria islandica";"CTL";100;1;1;NA;NA;NA;NA
"QHI";"KO";"5";2013;"QHI:KO:5";"QHI:KO:5:2013";"LIVE";"pf_all_xy";"FORB";"Forb";"Cardamine bellidifolia";"CTL";100;1;1;163;253;0.613496932515337;0.395256916996047
"QHI";"KO";"4";2013;"QHI:KO:4";"QHI:KO:4:2013";"LIVE";"pf_all_xy";"SEVER";"Shrub";"Dryas integrifolia";"CTL";100;108;68;105;165;64.7619047619048;65.4545454545455
"QHI";"KO";"4";2013;"QHI:KO:4";"QHI:KO:4:2013";"LITTER";"pf_all_xy";"LITTER";NA;"XXXLITTER";"CTL";100;85;85;NA;NA;NA;NA
"QHI";"KO";"4";2013;"QHI:KO:4";"QHI:KO:4:2013";"LIVE";"pf_all_xy";"GRASS";"Graminoid";"Arctagrostis latifolia";"CTL";100;23;13;105;165;12.3809523809524;13.9393939393939
"QHI";"KO";"4";2013;"QHI:KO:4";"QHI:KO:4:2013";"LIVE";"pf_all_xy";"LFRUT";"Lichen";"XXXpeltigera";"CTL";100;5;4;NA;NA;NA;NA
"QHI";"KO";"4";2013;"QHI:KO:4";"QHI:KO:4:2013";"LIVE";"pf_all_xy";"MOSSU";NA;"XXXothermoss";"CTL";100;29;29;NA;NA;NA;NA
"QHI";"KO";"4";2013;"QHI:KO:4";"QHI:KO:4:2013";"LIVE";"pf_all_xy";"SOIL";NA;"XXXbareground";"CTL";100;7;7;NA;NA;NA;NA
"QHI";"KO";"4";2013;"QHI:KO:4";"QHI:KO:4:2013";"LIVE";"pf_all_xy";"FORB";"Forb";"Astragalus umbellatus";"CTL";100;3;1;105;165;0.952380952380952;1.81818181818182
"QHI";"KO";"4";2013;"QHI:KO:4";"QHI:KO:4:2013";"LIVE";"pf_all_xy";"FORB";"Forb";"Tephroseris integrifolia";"CTL";100;4;2;105;165;1.9047619047619;2.42424242424242
"QHI";"KO";"4";2013;"QHI:KO:4";"QHI:KO:4:2013";"LIVE";"pf_all_xy";"FORB";"Forb";"Saussurea angustifolia";"CTL";100;1;1;105;165;0.952380952380952;0.606060606060606
"QHI";"KO";"4";2013;"QHI:KO:4";"QHI:KO:4:2013";"LIVE";"pf_all_xy";"FORB";"Forb";"Oxytropis maydelliana";"CTL";100;6;3;105;165;2.85714285714286;3.63636363636364
"QHI";"KO";"4";2013;"QHI:KO:4";"QHI:KO:4:2013";"LIVE";"pf_all_xy";"FORB";"Forb";"Cardamine bellidifolia";"CTL";100;2;2;105;165;1.9047619047619;1.21212121212121
"QHI";"KO";"4";2013;"QHI:KO:4";"QHI:KO:4:2013";"LIVE";"pf_all_xy";"SDECI";"Shrub";"Salix arctica";"CTL";100;14;11;105;165;10.4761904761905;8.48484848484849
"QHI";"KO";"4";2013;"QHI:KO:4";"QHI:KO:4:2013";"LIVE";"pf_all_xy";"GRAMINOIDU";"Graminoid";"XXXothergram";"CTL";100;2;2;105;165;1.9047619047619;1.21212121212121
"QHI";"KO";"4";2013;"QHI:KO:4";"QHI:KO:4:2013";"LIVE";"pf_all_xy";"LFRUT";"Lichen";"Cetraria islandica";"CTL";100;2;2;NA;NA;NA;NA
"QHI";"KO";"4";2013;"QHI:KO:4";"QHI:KO:4:2013";"LIVE";"pf_all_xy";"GRASS";"Graminoid";"Festuca baffinensis";"CTL";100;2;2;105;165;1.9047619047619;1.21212121212121
"QHI";"KO";"4";2013;"QHI:KO:4";"QHI:KO:4:2013";"LIVE";"pf_all_xy";"LFRUT";"Lichen";"Cladonia mitis";"CTL";100;3;3;NA;NA;NA;NA
"QHI";"KO";"4";2013;"QHI:KO:4";"QHI:KO:4:2013";"LIVE";"pf_all_xy";"LFRUT";"Lichen";"XXXcladonia";"CTL";100;1;1;NA;NA;NA;NA
"QHI";"KO";"4";2013;"QHI:KO:4";"QHI:KO:4:2013";"LIVE";"pf_all_xy";"LFRUT";"Lichen";"Thamnolia subuliformis";"CTL";100;1;1;NA;NA;NA;NA
"QHI";"KO";"3";2013;"QHI:KO:3";"QHI:KO:3:2013";"LIVE";"pf_all_xy";"GRASS";"Graminoid";"Arctagrostis latifolia";"CTL";100;32;22;117;195;18.8034188034188;16.4102564102564
"QHI";"KO";"3";2013;"QHI:KO:3";"QHI:KO:3:2013";"LIVE";"pf_all_xy";"SEVER";"Shrub";"Dryas integrifolia";"CTL";100;122;61;117;195;52.1367521367521;62.5641025641026
"QHI";"KO";"3";2013;"QHI:KO:3";"QHI:KO:3:2013";"LIVE";"pf_all_xy";"FORB";"Forb";"Oxytropis maydelliana";"CTL";100;10;8;117;195;6.83760683760684;5.12820512820513
"QHI";"KO";"3";2013;"QHI:KO:3";"QHI:KO:3:2013";"LITTER";"pf_all_xy";"LITTER";NA;"XXXLITTER";"CTL";100;74;73;NA;NA;NA;NA
"QHI";"KO";"3";2013;"QHI:KO:3";"QHI:KO:3:2013";"LIVE";"pf_all_xy";"SDECI";"Shrub";"Salix arctica";"CTL";100;18;13;117;195;11.1111111111111;9.23076923076923
"QHI";"KO";"3";2013;"QHI:KO:3";"QHI:KO:3:2013";"LIVE";"pf_all_xy";"FORB";"Forb";"Astragalus umbellatus";"CTL";100;4;4;117;195;3.41880341880342;2.05128205128205
"QHI";"KO";"3";2013;"QHI:KO:3";"QHI:KO:3:2013";"LIVE";"pf_all_xy";"MOSSU";NA;"XXXothermoss";"CTL";100;8;8;NA;NA;NA;NA
"QHI";"KO";"3";2013;"QHI:KO:3";"QHI:KO:3:2013";"LIVE";"pf_all_xy";"LFRUT";"Lichen";"Cladonia mitis";"CTL";100;3;3;NA;NA;NA;NA
"QHI";"KO";"3";2013;"QHI:KO:3";"QHI:KO:3:2013";"LIVE";"pf_all_xy";"GRAMINOIDU";"Graminoid";"XXXothergram";"CTL";100;3;3;117;195;2.56410256410256;1.53846153846154
"QHI";"KO";"3";2013;"QHI:KO:3";"QHI:KO:3:2013";"LIVE";"pf_all_xy";"SOIL";NA;"XXXbareground";"CTL";100;22;22;NA;NA;NA;NA
"QHI";"KO";"3";2013;"QHI:KO:3";"QHI:KO:3:2013";"LIVE";"pf_all_xy";"FORB";"Forb";"XXXotherforb";"CTL";100;1;1;117;195;0.854700854700855;0.512820512820513
"QHI";"KO";"3";2013;"QHI:KO:3";"QHI:KO:3:2013";"LIVE";"pf_all_xy";"LFRUT";"Lichen";"XXXpeltigera";"CTL";100;1;1;NA;NA;NA;NA
"QHI";"KO";"3";2013;"QHI:KO:3";"QHI:KO:3:2013";"LIVE";"pf_all_xy";"GRASS";"Graminoid";"Festuca baffinensis";"CTL";100;4;4;117;195;3.41880341880342;2.05128205128205
"QHI";"KO";"3";2013;"QHI:KO:3";"QHI:KO:3:2013";"LIVE";"pf_all_xy";"LICHENU";"Lichen";"XXXotherlichen";"CTL";100;1;1;NA;NA;NA;NA
"QHI";"KO";"3";2013;"QHI:KO:3";"QHI:KO:3:2013";"LIVE";"pf_all_xy";"RUSH";"Graminoid";"Luzula nivalis";"CTL";100;1;1;117;195;0.854700854700855;0.512820512820513
"QHI";"KO";"3";2013;"QHI:KO:3";"QHI:KO:3:2013";"LIVE";"pf_all_xy";"LFRUT";"Lichen";"Cetraria islandica";"CTL";100;1;1;NA;NA;NA;NA
"QHI";"KO";"2";2013;"QHI:KO:2";"QHI:KO:2:2013";"LIVE";"pf_all_xy";"GRASS";"Graminoid";"Arctagrostis latifolia";"CTL";100;2;1;104;171;0.961538461538462;1.16959064327485
"QHI";"KO";"2";2013;"QHI:KO:2";"QHI:KO:2:2013";"LIVE";"pf_all_xy";"SOIL";NA;"XXXbareground";"CTL";100;13;13;NA;NA;NA;NA
"QHI";"KO";"2";2013;"QHI:KO:2";"QHI:KO:2:2013";"LIVE";"pf_all_xy";"SDECI";"Shrub";"Salix arctica";"CTL";100;51;27;104;171;25.9615384615385;29.8245614035088
"QHI";"KO";"2";2013;"QHI:KO:2";"QHI:KO:2:2013";"LIVE";"pf_all_xy";"MOSSU";NA;"XXXothermoss";"CTL";100;20;20;NA;NA;NA;NA
"QHI";"KO";"2";2013;"QHI:KO:2";"QHI:KO:2:2013";"LITTER";"pf_all_xy";"LITTER";NA;"XXXLITTER";"CTL";100;83;83;NA;NA;NA;NA
"QHI";"KO";"2";2013;"QHI:KO:2";"QHI:KO:2:2013";"LIVE";"pf_all_xy";"SEVER";"Shrub";"Dryas integrifolia";"CTL";100;92;56;104;171;53.8461538461539;53.8011695906433
"QHI";"KO";"2";2013;"QHI:KO:2";"QHI:KO:2:2013";"LIVE";"pf_all_xy";"LFRUT";"Lichen";"Cladonia mitis";"CTL";100;8;8;NA;NA;NA;NA
"QHI";"KO";"2";2013;"QHI:KO:2";"QHI:KO:2:2013";"LIVE";"pf_all_xy";"LFRUT";"Lichen";"Thamnolia subuliformis";"CTL";100;2;2;NA;NA;NA;NA
"QHI";"KO";"2";2013;"QHI:KO:2";"QHI:KO:2:2013";"LIVE";"pf_all_xy";"GRAMINOIDU";"Graminoid";"XXXothergram";"CTL";100;6;5;104;171;4.80769230769231;3.50877192982456
"QHI";"KO";"2";2013;"QHI:KO:2";"QHI:KO:2:2013";"LIVE";"pf_all_xy";"FORB";"Forb";"Cardamine bellidifolia";"CTL";100;4;3;104;171;2.88461538461538;2.33918128654971
"QHI";"KO";"2";2013;"QHI:KO:2";"QHI:KO:2:2013";"LIVE";"pf_all_xy";"FORB";"Forb";"Oxytropis maydelliana";"CTL";100;12;9;104;171;8.65384615384615;7.01754385964912
"QHI";"KO";"2";2013;"QHI:KO:2";"QHI:KO:2:2013";"LIVE";"pf_all_xy";"FORB";"Forb";"Pedicularis capitata";"CTL";100;1;1;104;171;0.961538461538462;0.584795321637427
"QHI";"KO";"2";2013;"QHI:KO:2";"QHI:KO:2:2013";"LIVE";"pf_all_xy";"LFRUT";"Lichen";"XXXpeltigera";"CTL";100;3;3;NA;NA;NA;NA
"QHI";"KO";"2";2013;"QHI:KO:2";"QHI:KO:2:2013";"LIVE";"pf_all_xy";"FORB";"Forb";"Cardamine digitata";"CTL";100;2;1;104;171;0.961538461538462;1.16959064327485
"QHI";"KO";"2";2013;"QHI:KO:2";"QHI:KO:2:2013";"LIVE";"pf_all_xy";"FORB";"Forb";"Parrya nudicaulis";"CTL";100;1;1;104;171;0.961538461538462;0.584795321637427
"QHI";"KO";"1";2013;"QHI:KO:1";"QHI:KO:1:2013";"LITTER";"pf_all_xy";"LITTER";NA;"XXXLITTER";"CTL";100;74;72;NA;NA;NA;NA
"QHI";"KO";"1";2013;"QHI:KO:1";"QHI:KO:1:2013";"LIVE";"pf_all_xy";"SDECI";"Shrub";"Salix arctica";"CTL";100;27;18;108;177;16.6666666666667;15.2542372881356
"QHI";"KO";"1";2013;"QHI:KO:1";"QHI:KO:1:2013";"LIVE";"pf_all_xy";"SEVER";"Shrub";"Dryas integrifolia";"CTL";100;72;42;108;177;38.8888888888889;40.6779661016949
"QHI";"KO";"1";2013;"QHI:KO:1";"QHI:KO:1:2013";"LIVE";"pf_all_xy";"LFRUT";"Lichen";"Cetraria islandica";"CTL";100;1;1;NA;NA;NA;NA
"QHI";"KO";"1";2013;"QHI:KO:1";"QHI:KO:1:2013";"LIVE";"pf_all_xy";"MOSSU";NA;"XXXothermoss";"CTL";100;11;11;NA;NA;NA;NA
"QHI";"KO";"1";2013;"QHI:KO:1";"QHI:KO:1:2013";"LIVE";"pf_all_xy";"FORB";"Forb";"Lupinus arcticus";"CTL";100;41;22;108;177;20.3703703703704;23.1638418079096
"QHI";"KO";"1";2013;"QHI:KO:1";"QHI:KO:1:2013";"LIVE";"pf_all_xy";"GRASS";"Graminoid";"Poa arctica";"CTL";100;3;2;108;177;1.85185185185185;1.69491525423729
"QHI";"KO";"1";2013;"QHI:KO:1";"QHI:KO:1:2013";"LIVE";"pf_all_xy";"FORB";"Forb";"Tephroseris integrifolia";"CTL";100;7;5;108;177;4.62962962962963;3.95480225988701
"QHI";"KO";"1";2013;"QHI:KO:1";"QHI:KO:1:2013";"LIVE";"pf_all_xy";"FORB";"Forb";"Oxytropis campestris";"CTL";100;3;2;108;177;1.85185185185185;1.69491525423729
"QHI";"KO";"1";2013;"QHI:KO:1";"QHI:KO:1:2013";"LIVE";"pf_all_xy";"LICHENU";"Lichen";"XXXotherlichen";"CTL";100;1;1;NA;NA;NA;NA
"QHI";"KO";"1";2013;"QHI:KO:1";"QHI:KO:1:2013";"LIVE";"pf_all_xy";"GRASS";"Graminoid";"Festuca baffinensis";"CTL";100;17;11;108;177;10.1851851851852;9.6045197740113
"QHI";"KO";"1";2013;"QHI:KO:1";"QHI:KO:1:2013";"LIVE";"pf_all_xy";"SOIL";NA;"XXXbareground";"CTL";100;28;28;NA;NA;NA;NA
"QHI";"KO";"1";2013;"QHI:KO:1";"QHI:KO:1:2013";"LIVE";"pf_all_xy";"FORB";"Forb";"Pedicularis verticillata";"CTL";100;1;1;108;177;0.925925925925926;0.564971751412429
"QHI";"KO";"1";2013;"QHI:KO:1";"QHI:KO:1:2013";"LIVE";"pf_all_xy";"FORB";"Forb";"Pedicularis sudetica";"CTL";100;1;1;108;177;0.925925925925926;0.564971751412429
"QHI";"KO";"1";2013;"QHI:KO:1";"QHI:KO:1:2013";"LIVE";"pf_all_xy";"FORB";"Forb";"Astragalus umbellatus";"CTL";100;5;4;108;177;3.7037037037037;2.82485875706215
"QHI";"KO";"6";2014;"QHI:KO:6";"QHI:KO:6:2014";"LIVE";"pf_all_xy";"GRASS";"Graminoid";"Alopecurus magellanicus";"CTL";100;90;51;147;249;34.6938775510204;36.144578313253
"QHI";"KO";"6";2014;"QHI:KO:6";"QHI:KO:6:2014";"LIVE";"pf_all_xy";"SEVER";"Shrub";"Dryas integrifolia";"CTL";100;124;68;147;249;46.2585034013605;49.7991967871486
"QHI";"KO";"6";2014;"QHI:KO:6";"QHI:KO:6:2014";"LITTER";"pf_all_xy";"LITTER";NA;"XXXLITTER";"CTL";100;81;81;NA;NA;NA;NA
"QHI";"KO";"6";2014;"QHI:KO:6";"QHI:KO:6:2014";"LIVE";"pf_all_xy";"SDECI";"Shrub";"Salix arctica";"CTL";100;14;11;147;249;7.48299319727891;5.62248995983936
"QHI";"KO";"6";2014;"QHI:KO:6";"QHI:KO:6:2014";"LIVE";"pf_all_xy";"FORB";"Forb";"Oxytropis maydelliana";"CTL";100;5;3;147;249;2.04081632653061;2.00803212851406
"QHI";"KO";"6";2014;"QHI:KO:6";"QHI:KO:6:2014";"LIVE";"pf_all_xy";"LFRUT";"Lichen";"XXXpeltigera";"CTL";100;7;5;NA;NA;NA;NA
"QHI";"KO";"6";2014;"QHI:KO:6";"QHI:KO:6:2014";"LIVE";"pf_all_xy";"FUNGI";NA;"XXXotherfungus";"CTL";100;1;1;NA;NA;NA;NA
"QHI";"KO";"6";2014;"QHI:KO:6";"QHI:KO:6:2014";"LIVE";"pf_all_xy";"MOSSU";NA;"XXXothermoss";"CTL";100;15;15;NA;NA;NA;NA
"QHI";"KO";"6";2014;"QHI:KO:6";"QHI:KO:6:2014";"LIVE";"pf_all_xy";"FORB";"Forb";"Astragalus umbellatus";"CTL";100;3;3;147;249;2.04081632653061;1.20481927710843
"QHI";"KO";"6";2014;"QHI:KO:6";"QHI:KO:6:2014";"LIVE";"pf_all_xy";"GRASS";"Graminoid";"Festuca baffinensis";"CTL";100;11;9;147;249;6.12244897959184;4.41767068273092
"QHI";"KO";"6";2014;"QHI:KO:6";"QHI:KO:6:2014";"LIVE";"pf_all_xy";"FORB";"Forb";"Bistorta vivipara";"CTL";100;1;1;147;249;0.680272108843537;0.401606425702811
"QHI";"KO";"6";2014;"QHI:KO:6";"QHI:KO:6:2014";"LIVE";"pf_all_xy";"LFRUT";"Lichen";"Thamnolia subuliformis";"CTL";100;4;3;NA;NA;NA;NA
"QHI";"KO";"6";2014;"QHI:KO:6";"QHI:KO:6:2014";"LIVE";"pf_all_xy";"LFRUT";"Lichen";"XXXcladonia";"CTL";100;1;1;NA;NA;NA;NA
"QHI";"KO";"6";2014;"QHI:KO:6";"QHI:KO:6:2014";"LIVE";"pf_all_xy";"LFRUT";"Lichen";"Nephromopsis cucullata";"CTL";100;5;5;NA;NA;NA;NA
"QHI";"KO";"6";2014;"QHI:KO:6";"QHI:KO:6:2014";"LIVE";"pf_all_xy";"LCRUS";"Lichen";"XXXcrustous";"CTL";100;13;13;NA;NA;NA;NA
"QHI";"KO";"6";2014;"QHI:KO:6";"QHI:KO:6:2014";"LIVE";"pf_all_xy";"SOIL";NA;"XXXbareground";"CTL";100;13;13;NA;NA;NA;NA
"QHI";"KO";"6";2014;"QHI:KO:6";"QHI:KO:6:2014";"LIVE";"pf_all_xy";"FORB";"Forb";"Polygonum bistorta";"CTL";100;1;1;147;249;0.680272108843537;0.401606425702811
"QHI";"KO";"6";2014;"QHI:KO:6";"QHI:KO:6:2014";"LIVE";"pf_all_xy";"DUNG";NA;"XXXDUNG";"CTL";100;1;1;NA;NA;NA;NA
"QHI";"KO";"6";2014;"QHI:KO:6";"QHI:KO:6:2014";"LIVE";"pf_all_xy";"LFRUT";"Lichen";"Cetraria islandica";"CTL";100;1;1;NA;NA;NA;NA
"QHI";"KO";"5";2014;"QHI:KO:5";"QHI:KO:5:2014";"LIVE";"pf_all_xy";"SEVER";"Shrub";"Dryas integrifolia";"CTL";100;78;56;166;284;33.7349397590361;27.4647887323944
"QHI";"KO";"5";2014;"QHI:KO:5";"QHI:KO:5:2014";"LITTER";"pf_all_xy";"LITTER";NA;"XXXLITTER";"CTL";100;88;88;NA;NA;NA;NA
"QHI";"KO";"5";2014;"QHI:KO:5";"QHI:KO:5:2014";"LIVE";"pf_all_xy";"GRASS";"Graminoid";"Alopecurus magellanicus";"CTL";100;160;73;166;284;43.9759036144578;56.3380281690141
"QHI";"KO";"5";2014;"QHI:KO:5";"QHI:KO:5:2014";"LIVE";"pf_all_xy";"LFRUT";"Lichen";"Nephromopsis cucullata";"CTL";100;2;2;NA;NA;NA;NA
"QHI";"KO";"5";2014;"QHI:KO:5";"QHI:KO:5:2014";"LIVE";"pf_all_xy";"GRASS";"Graminoid";"Festuca baffinensis";"CTL";100;3;2;166;284;1.20481927710843;1.05633802816901
"QHI";"KO";"5";2014;"QHI:KO:5";"QHI:KO:5:2014";"LIVE";"pf_all_xy";"MOSSU";NA;"XXXothermoss";"CTL";100;11;11;NA;NA;NA;NA
"QHI";"KO";"5";2014;"QHI:KO:5";"QHI:KO:5:2014";"LIVE";"pf_all_xy";"SDECI";"Shrub";"Salix arctica";"CTL";100;19;17;166;284;10.2409638554217;6.69014084507042
"QHI";"KO";"5";2014;"QHI:KO:5";"QHI:KO:5:2014";"LIVE";"pf_all_xy";"FORB";"Forb";"Astragalus umbellatus";"CTL";100;11;7;166;284;4.21686746987952;3.87323943661972
"QHI";"KO";"5";2014;"QHI:KO:5";"QHI:KO:5:2014";"LIVE";"pf_all_xy";"FORB";"Forb";"Oxytropis maydelliana";"CTL";100;1;1;166;284;0.602409638554217;0.352112676056338
"QHI";"KO";"5";2014;"QHI:KO:5";"QHI:KO:5:2014";"LIVE";"pf_all_xy";"FORB";"Forb";"Bistorta vivipara";"CTL";100;2;2;166;284;1.20481927710843;0.704225352112676
"QHI";"KO";"5";2014;"QHI:KO:5";"QHI:KO:5:2014";"LIVE";"pf_all_xy";"SOIL";NA;"XXXbareground";"CTL";100;15;15;NA;NA;NA;NA
"QHI";"KO";"5";2014;"QHI:KO:5";"QHI:KO:5:2014";"LIVE";"pf_all_xy";"FORB";"Forb";"Saussurea angustifolia";"CTL";100;1;1;166;284;0.602409638554217;0.352112676056338
"QHI";"KO";"5";2014;"QHI:KO:5";"QHI:KO:5:2014";"LIVE";"pf_all_xy";"LCRUS";"Lichen";"XXXcrustous";"CTL";100;1;1;NA;NA;NA;NA
"QHI";"KO";"5";2014;"QHI:KO:5";"QHI:KO:5:2014";"LIVE";"pf_all_xy";"LFRUT";"Lichen";"Thamnolia subuliformis";"CTL";100;2;2;NA;NA;NA;NA
"QHI";"KO";"5";2014;"QHI:KO:5";"QHI:KO:5:2014";"LIVE";"pf_all_xy";"FORB";"Forb";"XXXotherforb";"CTL";100;2;2;166;284;1.20481927710843;0.704225352112676
"QHI";"KO";"5";2014;"QHI:KO:5";"QHI:KO:5:2014";"LIVE";"pf_all_xy";"FORB";"Forb";"Cardamine digitata";"CTL";100;1;1;166;284;0.602409638554217;0.352112676056338
"QHI";"KO";"5";2014;"QHI:KO:5";"QHI:KO:5:2014";"LIVE";"pf_all_xy";"FORB";"Forb";"Pedicularis verticillata";"CTL";100;3;3;166;284;1.80722891566265;1.05633802816901
"QHI";"KO";"5";2014;"QHI:KO:5";"QHI:KO:5:2014";"LIVE";"pf_all_xy";"ROCK";NA;"XXXrock";"CTL";100;4;4;NA;NA;NA;NA
"QHI";"KO";"5";2014;"QHI:KO:5";"QHI:KO:5:2014";"LIVE";"pf_all_xy";"FORB";"Forb";"Oxytropis nigrescens";"CTL";100;3;1;166;284;0.602409638554217;1.05633802816901
"QHI";"KO";"4";2014;"QHI:KO:4";"QHI:KO:4:2014";"LIVE";"pf_all_xy";"GRASS";"Graminoid";"Festuca baffinensis";"CTL";100;10;8;115;210;6.95652173913043;4.76190476190476
"QHI";"KO";"4";2014;"QHI:KO:4";"QHI:KO:4:2014";"LITTER";"pf_all_xy";"LITTER";NA;"XXXLITTER";"CTL";100;86;86;NA;NA;NA;NA
"QHI";"KO";"4";2014;"QHI:KO:4";"QHI:KO:4:2014";"LIVE";"pf_all_xy";"SOIL";NA;"XXXbareground";"CTL";100;10;10;NA;NA;NA;NA
"QHI";"KO";"4";2014;"QHI:KO:4";"QHI:KO:4:2014";"LIVE";"pf_all_xy";"SEVER";"Shrub";"Dryas integrifolia";"CTL";100;148;71;115;210;61.7391304347826;70.4761904761905
"QHI";"KO";"4";2014;"QHI:KO:4";"QHI:KO:4:2014";"LIVE";"pf_all_xy";"FORB";"Forb";"Oxytropis maydelliana";"CTL";100;3;3;115;210;2.60869565217391;1.42857142857143
"QHI";"KO";"4";2014;"QHI:KO:4";"QHI:KO:4:2014";"LIVE";"pf_all_xy";"SDECI";"Shrub";"Salix arctica";"CTL";100;8;7;115;210;6.08695652173913;3.80952380952381
"QHI";"KO";"4";2014;"QHI:KO:4";"QHI:KO:4:2014";"LIVE";"pf_all_xy";"GRASS";"Graminoid";"Arctagrostis latifolia";"CTL";100;25;13;115;210;11.304347826087;11.9047619047619
"QHI";"KO";"4";2014;"QHI:KO:4";"QHI:KO:4:2014";"LIVE";"pf_all_xy";"LFRUT";"Lichen";"Nephromopsis cucullata";"CTL";100;8;8;NA;NA;NA;NA
"QHI";"KO";"4";2014;"QHI:KO:4";"QHI:KO:4:2014";"LIVE";"pf_all_xy";"LFRUT";"Lichen";"Thamnolia subuliformis";"CTL";100;2;2;NA;NA;NA;NA
"QHI";"KO";"4";2014;"QHI:KO:4";"QHI:KO:4:2014";"LIVE";"pf_all_xy";"MOSSU";NA;"XXXothermoss";"CTL";100;15;15;NA;NA;NA;NA
"QHI";"KO";"4";2014;"QHI:KO:4";"QHI:KO:4:2014";"LIVE";"pf_all_xy";"FORB";"Forb";"Papaver radicatum";"CTL";100;1;1;115;210;0.869565217391304;0.476190476190476
"QHI";"KO";"4";2014;"QHI:KO:4";"QHI:KO:4:2014";"LIVE";"pf_all_xy";"FORB";"Forb";"Pedicularis verticillata";"CTL";100;6;4;115;210;3.47826086956522;2.85714285714286
"QHI";"KO";"4";2014;"QHI:KO:4";"QHI:KO:4:2014";"LIVE";"pf_all_xy";"FORB";"Forb";"Tephroseris integrifolia";"CTL";100;2;2;115;210;1.73913043478261;0.952380952380952
"QHI";"KO";"4";2014;"QHI:KO:4";"QHI:KO:4:2014";"LIVE";"pf_all_xy";"FORB";"Forb";"Astragalus umbellatus";"CTL";100;2;2;115;210;1.73913043478261;0.952380952380952
"QHI";"KO";"4";2014;"QHI:KO:4";"QHI:KO:4:2014";"LIVE";"pf_all_xy";"LFRUT";"Lichen";"XXXpeltigera";"CTL";100;16;16;NA;NA;NA;NA
"QHI";"KO";"4";2014;"QHI:KO:4";"QHI:KO:4:2014";"LIVE";"pf_all_xy";"FORB";"Forb";"XXXotherforb";"CTL";100;1;1;115;210;0.869565217391304;0.476190476190476
"QHI";"KO";"4";2014;"QHI:KO:4";"QHI:KO:4:2014";"LIVE";"pf_all_xy";"FORB";"Forb";"Oxytropis nigrescens";"CTL";100;3;2;115;210;1.73913043478261;1.42857142857143
"QHI";"KO";"4";2014;"QHI:KO:4";"QHI:KO:4:2014";"LIVE";"pf_all_xy";"LFRUT";"Lichen";"Alectoria ochroleuca";"CTL";100;2;2;NA;NA;NA;NA
"QHI";"KO";"4";2014;"QHI:KO:4";"QHI:KO:4:2014";"LIVE";"pf_all_xy";"FORB";"Forb";"XXXasteraceae";"CTL";100;1;1;115;210;0.869565217391304;0.476190476190476
"QHI";"KO";"4";2014;"QHI:KO:4";"QHI:KO:4:2014";"LIVE";"pf_all_xy";"LCRUS";"Lichen";"XXXcrustous";"CTL";100;1;1;NA;NA;NA;NA
"QHI";"KO";"3";2014;"QHI:KO:3";"QHI:KO:3:2014";"LIVE";"pf_all_xy";"SEVER";"Shrub";"Dryas integrifolia";"CTL";100;147;73;125;222;58.4;66.2162162162162
"QHI";"KO";"3";2014;"QHI:KO:3";"QHI:KO:3:2014";"LIVE";"pf_all_xy";"SDECI";"Shrub";"Salix arctica";"CTL";100;28;18;125;222;14.4;12.6126126126126
"QHI";"KO";"3";2014;"QHI:KO:3";"QHI:KO:3:2014";"LITTER";"pf_all_xy";"LITTER";NA;"XXXLITTER";"CTL";100;76;76;NA;NA;NA;NA
"QHI";"KO";"3";2014;"QHI:KO:3";"QHI:KO:3:2014";"LIVE";"pf_all_xy";"LFRUT";"Lichen";"Thamnolia subuliformis";"CTL";100;3;3;NA;NA;NA;NA
"QHI";"KO";"3";2014;"QHI:KO:3";"QHI:KO:3:2014";"LIVE";"pf_all_xy";"FORB";"Forb";"XXXotherforb";"CTL";100;2;2;125;222;1.6;0.900900900900901
"QHI";"KO";"3";2014;"QHI:KO:3";"QHI:KO:3:2014";"LIVE";"pf_all_xy";"MOSSU";NA;"XXXothermoss";"CTL";100;18;18;NA;NA;NA;NA
"QHI";"KO";"3";2014;"QHI:KO:3";"QHI:KO:3:2014";"LIVE";"pf_all_xy";"GRASS";"Graminoid";"Arctagrostis latifolia";"CTL";100;28;18;125;222;14.4;12.6126126126126
"QHI";"KO";"3";2014;"QHI:KO:3";"QHI:KO:3:2014";"LIVE";"pf_all_xy";"LIVERU";"Lichen";"XXXliverwort";"CTL";100;1;1;NA;NA;NA;NA
"QHI";"KO";"3";2014;"QHI:KO:3";"QHI:KO:3:2014";"LIVE";"pf_all_xy";"GRASS";"Graminoid";"Poa arctica";"CTL";100;1;1;125;222;0.8;0.45045045045045
"QHI";"KO";"3";2014;"QHI:KO:3";"QHI:KO:3:2014";"LIVE";"pf_all_xy";"SOIL";NA;"XXXbareground";"CTL";100;16;16;NA;NA;NA;NA
"QHI";"KO";"3";2014;"QHI:KO:3";"QHI:KO:3:2014";"LIVE";"pf_all_xy";"LFRUT";"Lichen";"Nephromopsis cucullata";"CTL";100;3;3;NA;NA;NA;NA
"QHI";"KO";"3";2014;"QHI:KO:3";"QHI:KO:3:2014";"LIVE";"pf_all_xy";"FORB";"Forb";"Lupinus arcticus";"CTL";100;1;1;125;222;0.8;0.45045045045045
"QHI";"KO";"3";2014;"QHI:KO:3";"QHI:KO:3:2014";"LIVE";"pf_all_xy";"FORB";"Forb";"Saussurea angustifolia";"CTL";100;1;1;125;222;0.8;0.45045045045045
"QHI";"KO";"3";2014;"QHI:KO:3";"QHI:KO:3:2014";"LIVE";"pf_all_xy";"FORB";"Forb";"Oxytropis maydelliana";"CTL";100;1;1;125;222;0.8;0.45045045045045
"QHI";"KO";"3";2014;"QHI:KO:3";"QHI:KO:3:2014";"LIVE";"pf_all_xy";"FORB";"Forb";"Polygonum bistorta";"CTL";100;1;1;125;222;0.8;0.45045045045045
"QHI";"KO";"3";2014;"QHI:KO:3";"QHI:KO:3:2014";"LIVE";"pf_all_xy";"FORB";"Forb";"Astragalus umbellatus";"CTL";100;3;3;125;222;2.4;1.35135135135135
"QHI";"KO";"3";2014;"QHI:KO:3";"QHI:KO:3:2014";"LIVE";"pf_all_xy";"FORB";"Forb";"Pedicularis verticillata";"CTL";100;4;3;125;222;2.4;1.8018018018018
"QHI";"KO";"3";2014;"QHI:KO:3";"QHI:KO:3:2014";"LIVE";"pf_all_xy";"LFRUT";"Lichen";"XXXpeltigera";"CTL";100;3;3;NA;NA;NA;NA
"QHI";"KO";"3";2014;"QHI:KO:3";"QHI:KO:3:2014";"LIVE";"pf_all_xy";"FORB";"Forb";"XXXpedicularis";"CTL";100;2;1;125;222;0.8;0.900900900900901
"QHI";"KO";"3";2014;"QHI:KO:3";"QHI:KO:3:2014";"LIVE";"pf_all_xy";"LFRUT";"Lichen";"Cladonia mitis";"CTL";100;2;2;NA;NA;NA;NA
"QHI";"KO";"3";2014;"QHI:KO:3";"QHI:KO:3:2014";"LIVE";"pf_all_xy";"LFRUT";"Lichen";"XXXcladonia";"CTL";100;1;1;NA;NA;NA;NA
"QHI";"KO";"3";2014;"QHI:KO:3";"QHI:KO:3:2014";"LIVE";"pf_all_xy";"GRASS";"Graminoid";"Festuca baffinensis";"CTL";100;1;1;125;222;0.8;0.45045045045045
"QHI";"KO";"3";2014;"QHI:KO:3";"QHI:KO:3:2014";"LIVE";"pf_all_xy";"FORB";"Forb";"Tephroseris integrifolia";"CTL";100;2;1;125;222;0.8;0.900900900900901
"QHI";"KO";"2";2014;"QHI:KO:2";"QHI:KO:2:2014";"LIVE";"pf_all_xy";"SOIL";NA;"XXXbareground";"CTL";100;23;23;NA;NA;NA;NA
"QHI";"KO";"2";2014;"QHI:KO:2";"QHI:KO:2:2014";"LIVE";"pf_all_xy";"FORB";"Forb";"Oxytropis maydelliana";"CTL";100;7;3;125;234;2.4;2.99145299145299
"QHI";"KO";"2";2014;"QHI:KO:2";"QHI:KO:2:2014";"LIVE";"pf_all_xy";"FORB";"Forb";"Tephroseris integrifolia";"CTL";100;14;11;125;234;8.8;5.98290598290598
"QHI";"KO";"2";2014;"QHI:KO:2";"QHI:KO:2:2014";"LIVE";"pf_all_xy";"MOSSU";NA;"XXXothermoss";"CTL";100;19;19;NA;NA;NA;NA
"QHI";"KO";"2";2014;"QHI:KO:2";"QHI:KO:2:2014";"LIVE";"pf_all_xy";"SDECI";"Shrub";"Salix arctica";"CTL";100;40;24;125;234;19.2;17.0940170940171
"QHI";"KO";"2";2014;"QHI:KO:2";"QHI:KO:2:2014";"LIVE";"pf_all_xy";"SEVER";"Shrub";"Dryas integrifolia";"CTL";100;153;70;125;234;56;65.3846153846154
"QHI";"KO";"2";2014;"QHI:KO:2";"QHI:KO:2:2014";"LITTER";"pf_all_xy";"LITTER";NA;"XXXLITTER";"CTL";100;67;67;NA;NA;NA;NA
"QHI";"KO";"2";2014;"QHI:KO:2";"QHI:KO:2:2014";"LIVE";"pf_all_xy";"LFRUT";"Lichen";"Thamnolia subuliformis";"CTL";100;4;3;NA;NA;NA;NA
"QHI";"KO";"2";2014;"QHI:KO:2";"QHI:KO:2:2014";"LIVE";"pf_all_xy";"LFRUT";"Lichen";"Nephromopsis cucullata";"CTL";100;6;6;NA;NA;NA;NA
"QHI";"KO";"2";2014;"QHI:KO:2";"QHI:KO:2:2014";"LIVE";"pf_all_xy";"FORB";"Forb";"Oxytropis nigrescens";"CTL";100;3;1;125;234;0.8;1.28205128205128
"QHI";"KO";"2";2014;"QHI:KO:2";"QHI:KO:2:2014";"LIVE";"pf_all_xy";"FORB";"Forb";"XXXotherforb";"CTL";100;2;2;125;234;1.6;0.854700854700855
"QHI";"KO";"2";2014;"QHI:KO:2";"QHI:KO:2:2014";"LIVE";"pf_all_xy";"GRASS";"Graminoid";"Festuca baffinensis";"CTL";100;6;6;125;234;4.8;2.56410256410256
"QHI";"KO";"2";2014;"QHI:KO:2";"QHI:KO:2:2014";"LIVE";"pf_all_xy";"FORB";"Forb";"Astragalus umbellatus";"CTL";100;1;1;125;234;0.8;0.427350427350427
"QHI";"KO";"2";2014;"QHI:KO:2";"QHI:KO:2:2014";"LIVE";"pf_all_xy";"FORB";"Forb";"Polygonum bistorta";"CTL";100;1;1;125;234;0.8;0.427350427350427
"QHI";"KO";"2";2014;"QHI:KO:2";"QHI:KO:2:2014";"LIVE";"pf_all_xy";"LFRUT";"Lichen";"XXXpeltigera";"CTL";100;3;3;NA;NA;NA;NA
"QHI";"KO";"2";2014;"QHI:KO:2";"QHI:KO:2:2014";"LIVE";"pf_all_xy";"LFRUT";"Lichen";"Cladonia mitis";"CTL";100;2;2;NA;NA;NA;NA
"QHI";"KO";"2";2014;"QHI:KO:2";"QHI:KO:2:2014";"LIVE";"pf_all_xy";"GRASS";"Graminoid";"Poa arctica";"CTL";100;2;2;125;234;1.6;0.854700854700855
"QHI";"KO";"2";2014;"QHI:KO:2";"QHI:KO:2:2014";"LIVE";"pf_all_xy";"GRASS";"Graminoid";"Alopecurus magellanicus";"CTL";100;4;3;125;234;2.4;1.70940170940171
"QHI";"KO";"2";2014;"QHI:KO:2";"QHI:KO:2:2014";"LIVE";"pf_all_xy";"SDECI";"Shrub";"Salix reticulata";"CTL";100;1;1;125;234;0.8;0.427350427350427
"QHI";"KO";"2";2014;"QHI:KO:2";"QHI:KO:2:2014";"LIVE";"pf_all_xy";"LFRUT";"Lichen";"Cetraria islandica";"CTL";100;1;1;NA;NA;NA;NA
"QHI";"KO";"1";2014;"QHI:KO:1";"QHI:KO:1:2014";"LIVE";"pf_all_xy";"SDECI";"Shrub";"Salix arctica";"CTL";100;42;33;155;264;21.2903225806452;15.9090909090909
"QHI";"KO";"1";2014;"QHI:KO:1";"QHI:KO:1:2014";"LITTER";"pf_all_xy";"LITTER";NA;"XXXLITTER";"CTL";100;74;74;NA;NA;NA;NA
"QHI";"KO";"1";2014;"QHI:KO:1";"QHI:KO:1:2014";"LIVE";"pf_all_xy";"GRASS";"Graminoid";"Festuca baffinensis";"CTL";100;12;9;155;264;5.80645161290323;4.54545454545455
"QHI";"KO";"1";2014;"QHI:KO:1";"QHI:KO:1:2014";"LIVE";"pf_all_xy";"MOSSU";NA;"XXXothermoss";"CTL";100;17;17;NA;NA;NA;NA
"QHI";"KO";"1";2014;"QHI:KO:1";"QHI:KO:1:2014";"LIVE";"pf_all_xy";"FORB";"Forb";"Lupinus arcticus";"CTL";100;59;29;155;264;18.7096774193548;22.3484848484848
"QHI";"KO";"1";2014;"QHI:KO:1";"QHI:KO:1:2014";"LIVE";"pf_all_xy";"GRASS";"Graminoid";"Poa arctica";"CTL";100;5;2;155;264;1.29032258064516;1.89393939393939
"QHI";"KO";"1";2014;"QHI:KO:1";"QHI:KO:1:2014";"LIVE";"pf_all_xy";"FORB";"Forb";"Astragalus umbellatus";"CTL";100;5;3;155;264;1.93548387096774;1.89393939393939
"QHI";"KO";"1";2014;"QHI:KO:1";"QHI:KO:1:2014";"LIVE";"pf_all_xy";"GRASS";"Graminoid";"Anthoxanthum monticola";"CTL";100;6;6;155;264;3.87096774193548;2.27272727272727
"QHI";"KO";"1";2014;"QHI:KO:1";"QHI:KO:1:2014";"LIVE";"pf_all_xy";"SEVER";"Shrub";"Dryas integrifolia";"CTL";100;108;52;155;264;33.5483870967742;40.9090909090909
"QHI";"KO";"1";2014;"QHI:KO:1";"QHI:KO:1:2014";"LIVE";"pf_all_xy";"FORB";"Forb";"Oxytropis maydelliana";"CTL";100;9;4;155;264;2.58064516129032;3.40909090909091
"QHI";"KO";"1";2014;"QHI:KO:1";"QHI:KO:1:2014";"LIVE";"pf_all_xy";"LFRUT";"Lichen";"Nephromopsis cucullata";"CTL";100;4;3;NA;NA;NA;NA
"QHI";"KO";"1";2014;"QHI:KO:1";"QHI:KO:1:2014";"LIVE";"pf_all_xy";"FORB";"Forb";"Tephroseris integrifolia";"CTL";100;8;7;155;264;4.51612903225806;3.03030303030303
"QHI";"KO";"1";2014;"QHI:KO:1";"QHI:KO:1:2014";"LIVE";"pf_all_xy";"RUSH";"Graminoid";"XXXluzula";"CTL";100;1;1;155;264;0.645161290322581;0.378787878787879
"QHI";"KO";"1";2014;"QHI:KO:1";"QHI:KO:1:2014";"LIVE";"pf_all_xy";"LFRUT";"Lichen";"Thamnolia subuliformis";"CTL";100;4;4;NA;NA;NA;NA
"QHI";"KO";"1";2014;"QHI:KO:1";"QHI:KO:1:2014";"LIVE";"pf_all_xy";"SEDGE";"Graminoid";"XXXcarex";"CTL";100;2;2;155;264;1.29032258064516;0.757575757575758
"QHI";"KO";"1";2014;"QHI:KO:1";"QHI:KO:1:2014";"LIVE";"pf_all_xy";"FORB";"Forb";"Pedicularis verticillata";"CTL";100;1;1;155;264;0.645161290322581;0.378787878787879
"QHI";"KO";"1";2014;"QHI:KO:1";"QHI:KO:1:2014";"LIVE";"pf_all_xy";"LFRUT";"Lichen";"Cetraria islandica";"CTL";100;1;1;NA;NA;NA;NA
"QHI";"KO";"1";2014;"QHI:KO:1";"QHI:KO:1:2014";"LIVE";"pf_all_xy";"SOIL";NA;"XXXbareground";"CTL";100;17;17;NA;NA;NA;NA
"QHI";"KO";"1";2014;"QHI:KO:1";"QHI:KO:1:2014";"LIVE";"pf_all_xy";"FORB";"Forb";"Oxytropis nigrescens";"CTL";100;1;1;155;264;0.645161290322581;0.378787878787879
"QHI";"KO";"1";2014;"QHI:KO:1";"QHI:KO:1:2014";"LIVE";"pf_all_xy";"SDECI";"Shrub";"Salix reticulata";"CTL";100;2;2;155;264;1.29032258064516;0.757575757575758
"QHI";"KO";"1";2014;"QHI:KO:1";"QHI:KO:1:2014";"LIVE";"pf_all_xy";"FORB";"Forb";"Stellaria longipes";"CTL";100;1;1;155;264;0.645161290322581;0.378787878787879
"QHI";"KO";"1";2014;"QHI:KO:1";"QHI:KO:1:2014";"LIVE";"pf_all_xy";"FORB";"Forb";"XXXotherforb";"CTL";100;1;1;155;264;0.645161290322581;0.378787878787879
"QHI";"KO";"1";2014;"QHI:KO:1";"QHI:KO:1:2014";"LIVE";"pf_all_xy";"FORB";"Forb";"Cardamine digitata";"CTL";100;1;1;155;264;0.645161290322581;0.378787878787879
"QHI";"KO";"6";2015;"QHI:KO:6";"QHI:KO:6:2015";"LIVE";"pf_all_xy";"FORB";"Forb";"Astragalus umbellatus";"CTL";100;9;7;167;291;4.19161676646707;3.09278350515464
"QHI";"KO";"6";2015;"QHI:KO:6";"QHI:KO:6:2015";"LIVE";"pf_all_xy";"SEVER";"Shrub";"Dryas integrifolia";"CTL";100;143;71;167;291;42.5149700598802;49.1408934707904
"QHI";"KO";"6";2015;"QHI:KO:6";"QHI:KO:6:2015";"LIVE";"pf_all_xy";"SDECI";"Shrub";"Salix arctica";"CTL";100;30;20;167;291;11.9760479041916;10.3092783505155
"QHI";"KO";"6";2015;"QHI:KO:6";"QHI:KO:6:2015";"LITTER";"pf_all_xy";"LITTER";NA;"XXXLITTER";"CTL";100;86;86;NA;NA;NA;NA
"QHI";"KO";"6";2015;"QHI:KO:6";"QHI:KO:6:2015";"LIVE";"pf_all_xy";"GRASS";"Graminoid";"Alopecurus magellanicus";"CTL";100;93;55;167;291;32.934131736527;31.9587628865979
"QHI";"KO";"6";2015;"QHI:KO:6";"QHI:KO:6:2015";"LIVE";"pf_all_xy";"FORB";"Forb";"Oxytropis maydelliana";"CTL";100;5;5;167;291;2.9940119760479;1.71821305841924
"QHI";"KO";"6";2015;"QHI:KO:6";"QHI:KO:6:2015";"LIVE";"pf_all_xy";"MOSSU";NA;"XXXothermoss";"CTL";100;18;18;NA;NA;NA;NA
"QHI";"KO";"6";2015;"QHI:KO:6";"QHI:KO:6:2015";"LIVE";"pf_all_xy";"LFRUT";"Lichen";"Nephromopsis cucullata";"CTL";100;6;5;NA;NA;NA;NA
"QHI";"KO";"6";2015;"QHI:KO:6";"QHI:KO:6:2015";"LIVE";"pf_all_xy";"FORB";"Forb";"Pedicularis capitata";"CTL";100;3;3;167;291;1.79640718562874;1.03092783505155
"QHI";"KO";"6";2015;"QHI:KO:6";"QHI:KO:6:2015";"LIVE";"pf_all_xy";"GRASS";"Graminoid";"Festuca baffinensis";"CTL";100;5;3;167;291;1.79640718562874;1.71821305841924
"QHI";"KO";"6";2015;"QHI:KO:6";"QHI:KO:6:2015";"LIVE";"pf_all_xy";"FORB";"Forb";"Pedicularis verticillata";"CTL";100;1;1;167;291;0.598802395209581;0.343642611683849
"QHI";"KO";"6";2015;"QHI:KO:6";"QHI:KO:6:2015";"LIVE";"pf_all_xy";"LFRUT";"Lichen";"XXXpeltigera";"CTL";100;4;4;NA;NA;NA;NA
"QHI";"KO";"6";2015;"QHI:KO:6";"QHI:KO:6:2015";"LIVE";"pf_all_xy";"LFRUT";"Lichen";"Thamnolia subuliformis";"CTL";100;4;3;NA;NA;NA;NA
"QHI";"KO";"6";2015;"QHI:KO:6";"QHI:KO:6:2015";"LIVE";"pf_all_xy";"LFRUT";"Lichen";"Cetraria islandica";"CTL";100;2;2;NA;NA;NA;NA
"QHI";"KO";"6";2015;"QHI:KO:6";"QHI:KO:6:2015";"LIVE";"pf_all_xy";"SOIL";NA;"XXXbareground";"CTL";100;13;13;NA;NA;NA;NA
"QHI";"KO";"6";2015;"QHI:KO:6";"QHI:KO:6:2015";"LIVE";"pf_all_xy";"LICHENU";"Lichen";"XXXotherlichen";"CTL";100;2;2;NA;NA;NA;NA
"QHI";"KO";"6";2015;"QHI:KO:6";"QHI:KO:6:2015";"LIVE";"pf_all_xy";"FORB";"Forb";"Bistorta vivipara";"CTL";100;1;1;167;291;0.598802395209581;0.343642611683849
"QHI";"KO";"6";2015;"QHI:KO:6";"QHI:KO:6:2015";"LIVE";"pf_all_xy";"FORB";"Forb";"Tephroseris integrifolia";"CTL";100;1;1;167;291;0.598802395209581;0.343642611683849
"QHI";"KO";"5";2015;"QHI:KO:5";"QHI:KO:5:2015";"LIVE";"pf_all_xy";"GRASS";"Graminoid";"Alopecurus magellanicus";"CTL";100;154;73;175;376;41.7142857142857;40.9574468085106
"QHI";"KO";"5";2015;"QHI:KO:5";"QHI:KO:5:2015";"LIVE";"pf_all_xy";"SEVER";"Shrub";"Dryas integrifolia";"CTL";100;161;66;175;376;37.7142857142857;42.8191489361702
"QHI";"KO";"5";2015;"QHI:KO:5";"QHI:KO:5:2015";"LIVE";"pf_all_xy";"FORB";"Forb";"Oxytropis maydelliana";"CTL";100;1;1;175;376;0.571428571428571;0.265957446808511
"QHI";"KO";"5";2015;"QHI:KO:5";"QHI:KO:5:2015";"LITTER";"pf_all_xy";"LITTER";NA;"XXXLITTER";"CTL";100;98;98;NA;NA;NA;NA
"QHI";"KO";"5";2015;"QHI:KO:5";"QHI:KO:5:2015";"LIVE";"pf_all_xy";"SDECI";"Shrub";"Salix arctica";"CTL";100;28;17;175;376;9.71428571428571;7.4468085106383
"QHI";"KO";"5";2015;"QHI:KO:5";"QHI:KO:5:2015";"LIVE";"pf_all_xy";"MOSSU";NA;"XXXothermoss";"CTL";100;18;18;NA;NA;NA;NA
"QHI";"KO";"5";2015;"QHI:KO:5";"QHI:KO:5:2015";"LIVE";"pf_all_xy";"FORB";"Forb";"Astragalus umbellatus";"CTL";100;6;6;175;376;3.42857142857143;1.59574468085106
"QHI";"KO";"5";2015;"QHI:KO:5";"QHI:KO:5:2015";"LIVE";"pf_all_xy";"FORB";"Forb";"Cardamine digitata";"CTL";100;4;3;175;376;1.71428571428571;1.06382978723404
"QHI";"KO";"5";2015;"QHI:KO:5";"QHI:KO:5:2015";"LIVE";"pf_all_xy";"LICHENU";"Lichen";"XXXotherlichen";"CTL";100;3;3;NA;NA;NA;NA
"QHI";"KO";"5";2015;"QHI:KO:5";"QHI:KO:5:2015";"LIVE";"pf_all_xy";"FORB";"Forb";"Saussurea angustifolia";"CTL";100;1;1;175;376;0.571428571428571;0.265957446808511
"QHI";"KO";"5";2015;"QHI:KO:5";"QHI:KO:5:2015";"LIVE";"pf_all_xy";"LFRUT";"Lichen";"Nephromopsis cucullata";"CTL";100;2;2;NA;NA;NA;NA
"QHI";"KO";"5";2015;"QHI:KO:5";"QHI:KO:5:2015";"LIVE";"pf_all_xy";"FORB";"Forb";"Pedicularis verticillata";"CTL";100;2;2;175;376;1.14285714285714;0.531914893617021
"QHI";"KO";"5";2015;"QHI:KO:5";"QHI:KO:5:2015";"LIVE";"pf_all_xy";"GRASS";"Graminoid";"Festuca baffinensis";"CTL";100;5;2;175;376;1.14285714285714;1.32978723404255
"QHI";"KO";"5";2015;"QHI:KO:5";"QHI:KO:5:2015";"LIVE";"pf_all_xy";"SOIL";NA;"XXXbareground";"CTL";100;10;10;NA;NA;NA;NA
"QHI";"KO";"5";2015;"QHI:KO:5";"QHI:KO:5:2015";"LIVE";"pf_all_xy";"LFRUT";"Lichen";"Alectoria ochroleuca";"CTL";100;1;1;NA;NA;NA;NA
"QHI";"KO";"5";2015;"QHI:KO:5";"QHI:KO:5:2015";"LIVE";"pf_all_xy";"LFRUT";"Lichen";"Cetraria islandica";"CTL";100;1;1;NA;NA;NA;NA
"QHI";"KO";"5";2015;"QHI:KO:5";"QHI:KO:5:2015";"LIVE";"pf_all_xy";"ROCK";NA;"XXXrock";"CTL";100;1;1;NA;NA;NA;NA
"QHI";"KO";"5";2015;"QHI:KO:5";"QHI:KO:5:2015";"LIVE";"pf_all_xy";"FORB";"Forb";"Oxytropis nigrescens";"CTL";100;13;3;175;376;1.71428571428571;3.45744680851064
"QHI";"KO";"5";2015;"QHI:KO:5";"QHI:KO:5:2015";"LIVE";"pf_all_xy";"FORB";"Forb";"Bistorta vivipara";"CTL";100;1;1;175;376;0.571428571428571;0.265957446808511
"QHI";"KO";"4";2015;"QHI:KO:4";"QHI:KO:4:2015";"LIVE";"pf_all_xy";"SEVER";"Shrub";"Dryas integrifolia";"CTL";100;125;71;115;183;61.7391304347826;68.3060109289617
"QHI";"KO";"4";2015;"QHI:KO:4";"QHI:KO:4:2015";"LIVE";"pf_all_xy";"FORB";"Forb";"Oxytropis maydelliana";"CTL";100;6;4;115;183;3.47826086956522;3.27868852459016
"QHI";"KO";"4";2015;"QHI:KO:4";"QHI:KO:4:2015";"LITTER";"pf_all_xy";"LITTER";NA;"XXXLITTER";"CTL";100;94;94;NA;NA;NA;NA
"QHI";"KO";"4";2015;"QHI:KO:4";"QHI:KO:4:2015";"LIVE";"pf_all_xy";"SDECI";"Shrub";"Salix arctica";"CTL";100;14;13;115;183;11.304347826087;7.65027322404372
"QHI";"KO";"4";2015;"QHI:KO:4";"QHI:KO:4:2015";"LIVE";"pf_all_xy";"MOSSU";NA;"XXXothermoss";"CTL";100;46;45;NA;NA;NA;NA
"QHI";"KO";"4";2015;"QHI:KO:4";"QHI:KO:4:2015";"LIVE";"pf_all_xy";"LFRUT";"Lichen";"Alectoria ochroleuca";"CTL";100;7;7;NA;NA;NA;NA
"QHI";"KO";"4";2015;"QHI:KO:4";"QHI:KO:4:2015";"LIVE";"pf_all_xy";"FORB";"Forb";"Tephroseris integrifolia";"CTL";100;4;2;115;183;1.73913043478261;2.18579234972678
"QHI";"KO";"4";2015;"QHI:KO:4";"QHI:KO:4:2015";"LIVE";"pf_all_xy";"GRASS";"Graminoid";"Festuca baffinensis";"CTL";100;8;7;115;183;6.08695652173913;4.37158469945355
"QHI";"KO";"4";2015;"QHI:KO:4";"QHI:KO:4:2015";"LIVE";"pf_all_xy";"GRASS";"Graminoid";"Arctagrostis latifolia";"CTL";100;17;13;115;183;11.304347826087;9.2896174863388
"QHI";"KO";"4";2015;"QHI:KO:4";"QHI:KO:4:2015";"LIVE";"pf_all_xy";"FORB";"Forb";"Saussurea angustifolia";"CTL";100;2;2;115;183;1.73913043478261;1.09289617486339
"QHI";"KO";"4";2015;"QHI:KO:4";"QHI:KO:4:2015";"LIVE";"pf_all_xy";"LFRUT";"Lichen";"XXXpeltigera";"CTL";100;10;10;NA;NA;NA;NA
"QHI";"KO";"4";2015;"QHI:KO:4";"QHI:KO:4:2015";"LIVE";"pf_all_xy";"LFRUT";"Lichen";"Dactylina arctica";"CTL";100;1;1;NA;NA;NA;NA
"QHI";"KO";"4";2015;"QHI:KO:4";"QHI:KO:4:2015";"LIVE";"pf_all_xy";"SOIL";NA;"XXXbareground";"CTL";100;6;6;NA;NA;NA;NA
"QHI";"KO";"4";2015;"QHI:KO:4";"QHI:KO:4:2015";"LIVE";"pf_all_xy";"FORB";"Forb";"Astragalus umbellatus";"CTL";100;2;1;115;183;0.869565217391304;1.09289617486339
"QHI";"KO";"4";2015;"QHI:KO:4";"QHI:KO:4:2015";"LIVE";"pf_all_xy";"LFRUT";"Lichen";"Nephromopsis cucullata";"CTL";100;1;1;NA;NA;NA;NA
"QHI";"KO";"4";2015;"QHI:KO:4";"QHI:KO:4:2015";"LIVE";"pf_all_xy";"FORB";"Forb";"Pedicularis verticillata";"CTL";100;5;2;115;183;1.73913043478261;2.73224043715847
"QHI";"KO";"3";2015;"QHI:KO:3";"QHI:KO:3:2015";"LIVE";"pf_all_xy";"SEVER";"Shrub";"Dryas integrifolia";"CTL";100;157;64;124;261;51.6129032258064;60.1532567049808
"QHI";"KO";"3";2015;"QHI:KO:3";"QHI:KO:3:2015";"LITTER";"pf_all_xy";"LITTER";NA;"XXXLITTER";"CTL";100;85;85;NA;NA;NA;NA
"QHI";"KO";"3";2015;"QHI:KO:3";"QHI:KO:3:2015";"LIVE";"pf_all_xy";"SDECI";"Shrub";"Salix arctica";"CTL";100;28;19;124;261;15.3225806451613;10.727969348659
"QHI";"KO";"3";2015;"QHI:KO:3";"QHI:KO:3:2015";"LIVE";"pf_all_xy";"OTHER";NA;"XXXspider";"CTL";100;1;1;NA;NA;NA;NA
"QHI";"KO";"3";2015;"QHI:KO:3";"QHI:KO:3:2015";"LIVE";"pf_all_xy";"FORB";"Forb";"Tephroseris integrifolia";"CTL";100;1;1;124;261;0.806451612903226;0.383141762452107
"QHI";"KO";"3";2015;"QHI:KO:3";"QHI:KO:3:2015";"LIVE";"pf_all_xy";"MOSSU";NA;"XXXothermoss";"CTL";100;11;11;NA;NA;NA;NA
"QHI";"KO";"3";2015;"QHI:KO:3";"QHI:KO:3:2015";"LIVE";"pf_all_xy";"LFRUT";"Lichen";"XXXpeltigera";"CTL";100;2;2;NA;NA;NA;NA
"QHI";"KO";"3";2015;"QHI:KO:3";"QHI:KO:3:2015";"LIVE";"pf_all_xy";"GRASS";"Graminoid";"Arctagrostis latifolia";"CTL";100;52;27;124;261;21.7741935483871;19.9233716475096
"QHI";"KO";"3";2015;"QHI:KO:3";"QHI:KO:3:2015";"LIVE";"pf_all_xy";"GRASS";"Graminoid";"Festuca baffinensis";"CTL";100;1;1;124;261;0.806451612903226;0.383141762452107
"QHI";"KO";"3";2015;"QHI:KO:3";"QHI:KO:3:2015";"LIVE";"pf_all_xy";"FORB";"Forb";"Oxytropis maydelliana";"CTL";100;5;3;124;261;2.41935483870968;1.91570881226054
"QHI";"KO";"3";2015;"QHI:KO:3";"QHI:KO:3:2015";"LIVE";"pf_all_xy";"FORB";"Forb";"Bistorta vivipara";"CTL";100;1;1;124;261;0.806451612903226;0.383141762452107
"QHI";"KO";"3";2015;"QHI:KO:3";"QHI:KO:3:2015";"LIVE";"pf_all_xy";"SOIL";NA;"XXXbareground";"CTL";100;21;21;NA;NA;NA;NA
"QHI";"KO";"3";2015;"QHI:KO:3";"QHI:KO:3:2015";"LIVE";"pf_all_xy";"FORB";"Forb";"Pedicularis verticillata";"CTL";100;11;3;124;261;2.41935483870968;4.21455938697318
"QHI";"KO";"3";2015;"QHI:KO:3";"QHI:KO:3:2015";"LIVE";"pf_all_xy";"LFRUT";"Lichen";"Thamnolia subuliformis";"CTL";100;2;2;NA;NA;NA;NA
"QHI";"KO";"3";2015;"QHI:KO:3";"QHI:KO:3:2015";"LIVE";"pf_all_xy";"FORB";"Forb";"Astragalus umbellatus";"CTL";100;4;4;124;261;3.2258064516129;1.53256704980843
"QHI";"KO";"3";2015;"QHI:KO:3";"QHI:KO:3:2015";"LIVE";"pf_all_xy";"FUNGI";NA;"XXXfungus";"CTL";100;1;1;NA;NA;NA;NA
"QHI";"KO";"3";2015;"QHI:KO:3";"QHI:KO:3:2015";"LIVE";"pf_all_xy";"LCRUS";"Lichen";"XXXcrustous";"CTL";100;1;1;NA;NA;NA;NA
"QHI";"KO";"3";2015;"QHI:KO:3";"QHI:KO:3:2015";"LIVE";"pf_all_xy";"GRASS";"Graminoid";"Poa arctica";"CTL";100;1;1;124;261;0.806451612903226;0.383141762452107
"QHI";"KO";"2";2015;"QHI:KO:2";"QHI:KO:2:2015";"LIVE";"pf_all_xy";"SOIL";NA;"XXXbareground";"CTL";100;13;13;NA;NA;NA;NA
"QHI";"KO";"2";2015;"QHI:KO:2";"QHI:KO:2:2015";"LIVE";"pf_all_xy";"FORB";"Forb";"Oxytropis maydelliana";"CTL";100;3;3;123;215;2.4390243902439;1.3953488372093
"QHI";"KO";"2";2015;"QHI:KO:2";"QHI:KO:2:2015";"LITTER";"pf_all_xy";"LITTER";NA;"XXXLITTER";"CTL";100;85;85;NA;NA;NA;NA
"QHI";"KO";"2";2015;"QHI:KO:2";"QHI:KO:2:2015";"LIVE";"pf_all_xy";"SEVER";"Shrub";"Dryas integrifolia";"CTL";100;123;62;123;215;50.4065040650407;57.2093023255814
"QHI";"KO";"2";2015;"QHI:KO:2";"QHI:KO:2:2015";"LIVE";"pf_all_xy";"SDECI";"Shrub";"Salix arctica";"CTL";100;48;29;123;215;23.5772357723577;22.3255813953488
"QHI";"KO";"2";2015;"QHI:KO:2";"QHI:KO:2:2015";"LIVE";"pf_all_xy";"FORB";"Forb";"Tephroseris integrifolia";"CTL";100;13;10;123;215;8.13008130081301;6.04651162790698
"QHI";"KO";"2";2015;"QHI:KO:2";"QHI:KO:2:2015";"LIVE";"pf_all_xy";"FORB";"Forb";"Cardamine digitata";"CTL";100;1;1;123;215;0.813008130081301;0.465116279069767
"QHI";"KO";"2";2015;"QHI:KO:2";"QHI:KO:2:2015";"LIVE";"pf_all_xy";"GRASS";"Graminoid";"Festuca baffinensis";"CTL";100;2;2;123;215;1.6260162601626;0.930232558139535
"QHI";"KO";"2";2015;"QHI:KO:2";"QHI:KO:2:2015";"LIVE";"pf_all_xy";"GRASS";"Graminoid";"Poa arctica";"CTL";100;1;1;123;215;0.813008130081301;0.465116279069767
"QHI";"KO";"2";2015;"QHI:KO:2";"QHI:KO:2:2015";"LIVE";"pf_all_xy";"SDECI";"Shrub";"Salix reticulata";"CTL";100;5;3;123;215;2.4390243902439;2.32558139534884
"QHI";"KO";"2";2015;"QHI:KO:2";"QHI:KO:2:2015";"LIVE";"pf_all_xy";"MOSSU";NA;"XXXothermoss";"CTL";100;11;11;NA;NA;NA;NA
"QHI";"KO";"2";2015;"QHI:KO:2";"QHI:KO:2:2015";"LIVE";"pf_all_xy";"LFRUT";"Lichen";"Nephromopsis cucullata";"CTL";100;2;2;NA;NA;NA;NA
"QHI";"KO";"2";2015;"QHI:KO:2";"QHI:KO:2:2015";"LIVE";"pf_all_xy";"LFRUT";"Lichen";"XXXpeltigera";"CTL";100;1;1;NA;NA;NA;NA
"QHI";"KO";"2";2015;"QHI:KO:2";"QHI:KO:2:2015";"LIVE";"pf_all_xy";"FORB";"Forb";"Bistorta vivipara";"CTL";100;1;1;123;215;0.813008130081301;0.465116279069767
"QHI";"KO";"2";2015;"QHI:KO:2";"QHI:KO:2:2015";"LIVE";"pf_all_xy";"GRASS";"Graminoid";"Alopecurus magellanicus";"CTL";100;15;8;123;215;6.50406504065041;6.97674418604651
"QHI";"KO";"2";2015;"QHI:KO:2";"QHI:KO:2:2015";"LIVE";"pf_all_xy";"LFRUT";"Lichen";"Thamnolia subuliformis";"CTL";100;1;1;NA;NA;NA;NA
"QHI";"KO";"2";2015;"QHI:KO:2";"QHI:KO:2:2015";"LIVE";"pf_all_xy";"FORB";"Forb";"Parrya nudicaulis";"CTL";100;1;1;123;215;0.813008130081301;0.465116279069767
"QHI";"KO";"2";2015;"QHI:KO:2";"QHI:KO:2:2015";"LIVE";"pf_all_xy";"FORB";"Forb";"Oxytropis nigrescens";"CTL";100;2;2;123;215;1.6260162601626;0.930232558139535
"QHI";"KO";"1";2015;"QHI:KO:1";"QHI:KO:1:2015";"LIVE";"pf_all_xy";"GRASS";"Graminoid";"Poa arctica";"CTL";100;19;13;151;260;8.60927152317881;7.30769230769231
"QHI";"KO";"1";2015;"QHI:KO:1";"QHI:KO:1:2015";"LITTER";"pf_all_xy";"LITTER";NA;"XXXLITTER";"CTL";100;82;82;NA;NA;NA;NA
"QHI";"KO";"1";2015;"QHI:KO:1";"QHI:KO:1:2015";"LIVE";"pf_all_xy";"FORB";"Forb";"Lupinus arcticus";"CTL";100;45;25;151;260;16.5562913907285;17.3076923076923
"QHI";"KO";"1";2015;"QHI:KO:1";"QHI:KO:1:2015";"LIVE";"pf_all_xy";"SDECI";"Shrub";"Salix arctica";"CTL";100;46;29;151;260;19.205298013245;17.6923076923077
"QHI";"KO";"1";2015;"QHI:KO:1";"QHI:KO:1:2015";"LIVE";"pf_all_xy";"SEVER";"Shrub";"Dryas integrifolia";"CTL";100;111;53;151;260;35.0993377483444;42.6923076923077
"QHI";"KO";"1";2015;"QHI:KO:1";"QHI:KO:1:2015";"LIVE";"pf_all_xy";"FORB";"Forb";"Oxytropis maydelliana";"CTL";100;8;6;151;260;3.97350993377483;3.07692307692308
"QHI";"KO";"1";2015;"QHI:KO:1";"QHI:KO:1:2015";"LIVE";"pf_all_xy";"MOSSU";NA;"XXXothermoss";"CTL";100;14;14;NA;NA;NA;NA
"QHI";"KO";"1";2015;"QHI:KO:1";"QHI:KO:1:2015";"LIVE";"pf_all_xy";"FORB";"Forb";"Tephroseris integrifolia";"CTL";100;12;9;151;260;5.96026490066225;4.61538461538462
"QHI";"KO";"1";2015;"QHI:KO:1";"QHI:KO:1:2015";"LIVE";"pf_all_xy";"FORB";"Forb";"Astragalus umbellatus";"CTL";100;3;3;151;260;1.98675496688742;1.15384615384615
"QHI";"KO";"1";2015;"QHI:KO:1";"QHI:KO:1:2015";"LIVE";"pf_all_xy";"RUSH";"Graminoid";"Luzula nivalis";"CTL";100;5;3;151;260;1.98675496688742;1.92307692307692
"QHI";"KO";"1";2015;"QHI:KO:1";"QHI:KO:1:2015";"LIVE";"pf_all_xy";"LFRUT";"Lichen";"XXXpeltigera";"CTL";100;1;1;NA;NA;NA;NA
"QHI";"KO";"1";2015;"QHI:KO:1";"QHI:KO:1:2015";"LIVE";"pf_all_xy";"GRASS";"Graminoid";"Festuca baffinensis";"CTL";100;7;6;151;260;3.97350993377483;2.69230769230769
"QHI";"KO";"1";2015;"QHI:KO:1";"QHI:KO:1:2015";"LIVE";"pf_all_xy";"LFRUT";"Lichen";"Cladonia mitis";"CTL";100;1;1;NA;NA;NA;NA
"QHI";"KO";"1";2015;"QHI:KO:1";"QHI:KO:1:2015";"LIVE";"pf_all_xy";"FUNGI";NA;"XXXfungus";"CTL";100;1;1;NA;NA;NA;NA
"QHI";"KO";"1";2015;"QHI:KO:1";"QHI:KO:1:2015";"LIVE";"pf_all_xy";"SOIL";NA;"XXXbareground";"CTL";100;18;18;NA;NA;NA;NA
"QHI";"KO";"1";2015;"QHI:KO:1";"QHI:KO:1:2015";"LIVE";"pf_all_xy";"FORB";"Forb";"Oxytropis campestris";"CTL";100;1;1;151;260;0.662251655629139;0.384615384615385
"QHI";"KO";"1";2015;"QHI:KO:1";"QHI:KO:1:2015";"LIVE";"pf_all_xy";"FORB";"Forb";"Polygonum bistorta";"CTL";100;1;1;151;260;0.662251655629139;0.384615384615385
"QHI";"KO";"1";2015;"QHI:KO:1";"QHI:KO:1:2015";"LIVE";"pf_all_xy";"FORB";"Forb";"Cardamine digitata";"CTL";100;1;1;151;260;0.662251655629139;0.384615384615385
"QHI";"KO";"1";2015;"QHI:KO:1";"QHI:KO:1:2015";"LIVE";"pf_all_xy";"GRASS";"Graminoid";"Arctagrostis latifolia";"CTL";100;1;1;151;260;0.662251655629139;0.384615384615385
"QHI";"KO";"6";2016;"QHI:KO:6";"QHI:KO:6:2016";"LIVE";"pf_all_xy";"SOIL";NA;"XXXbareground";"CTL";100;8;8;NA;NA;NA;NA
"QHI";"KO";"6";2016;"QHI:KO:6";"QHI:KO:6:2016";"LIVE";"pf_all_xy";"MOSSU";NA;"XXXothermoss";"CTL";100;14;14;NA;NA;NA;NA
"QHI";"KO";"6";2016;"QHI:KO:6";"QHI:KO:6:2016";"LITTER";"pf_all_xy";"LITTER";NA;"XXXLITTER";"CTL";100;80;80;NA;NA;NA;NA
"QHI";"KO";"6";2016;"QHI:KO:6";"QHI:KO:6:2016";"LIVE";"pf_all_xy";"GRASS";"Graminoid";"Alopecurus magellanicus";"CTL";100;88;55;164;308;33.5365853658537;28.5714285714286
"QHI";"KO";"6";2016;"QHI:KO:6";"QHI:KO:6:2016";"LIVE";"pf_all_xy";"SEVER";"Shrub";"Dryas integrifolia";"CTL";100;149;66;164;308;40.2439024390244;48.3766233766234
"QHI";"KO";"6";2016;"QHI:KO:6";"QHI:KO:6:2016";"LIVE";"pf_all_xy";"LFRUT";"Lichen";"Alectoria ochroleuca";"CTL";100;1;1;NA;NA;NA;NA
"QHI";"KO";"6";2016;"QHI:KO:6";"QHI:KO:6:2016";"LIVE";"pf_all_xy";"GRASS";"Graminoid";"Festuca baffinensis";"CTL";100;10;4;164;308;2.4390243902439;3.24675324675325
"QHI";"KO";"6";2016;"QHI:KO:6";"QHI:KO:6:2016";"LIVE";"pf_all_xy";"SDECI";"Shrub";"Salix arctica";"CTL";100;32;22;164;308;13.4146341463415;10.3896103896104
"QHI";"KO";"6";2016;"QHI:KO:6";"QHI:KO:6:2016";"LIVE";"pf_all_xy";"FORB";"Forb";"Oxytropis nigrescens";"CTL";100;2;1;164;308;0.609756097560976;0.649350649350649
"QHI";"KO";"6";2016;"QHI:KO:6";"QHI:KO:6:2016";"LIVE";"pf_all_xy";"LFRUT";"Lichen";"Cetraria islandica";"CTL";100;1;1;NA;NA;NA;NA
"QHI";"KO";"6";2016;"QHI:KO:6";"QHI:KO:6:2016";"LIVE";"pf_all_xy";"FORB";"Forb";"Bistorta vivipara";"CTL";100;1;1;164;308;0.609756097560976;0.324675324675325
"QHI";"KO";"6";2016;"QHI:KO:6";"QHI:KO:6:2016";"LIVE";"pf_all_xy";"GRASS";"Graminoid";"Poa arctica";"CTL";100;6;3;164;308;1.82926829268293;1.94805194805195
"QHI";"KO";"6";2016;"QHI:KO:6";"QHI:KO:6:2016";"LIVE";"pf_all_xy";"LFRUT";"Lichen";"Nephromopsis cucullata";"CTL";100;3;1;NA;NA;NA;NA
"QHI";"KO";"6";2016;"QHI:KO:6";"QHI:KO:6:2016";"LIVE";"pf_all_xy";"LFRUT";"Lichen";"XXXpeltigera";"CTL";100;1;1;NA;NA;NA;NA
"QHI";"KO";"6";2016;"QHI:KO:6";"QHI:KO:6:2016";"LIVE";"pf_all_xy";"FORB";"Forb";"Stellaria longipes";"CTL";100;1;1;164;308;0.609756097560976;0.324675324675325
"QHI";"KO";"6";2016;"QHI:KO:6";"QHI:KO:6:2016";"LIVE";"pf_all_xy";"FORB";"Forb";"XXXotherforb";"CTL";100;1;1;164;308;0.609756097560976;0.324675324675325
"QHI";"KO";"6";2016;"QHI:KO:6";"QHI:KO:6:2016";"LIVE";"pf_all_xy";"FORB";"Forb";"Astragalus umbellatus";"CTL";100;9;6;164;308;3.65853658536585;2.92207792207792
"QHI";"KO";"6";2016;"QHI:KO:6";"QHI:KO:6:2016";"LIVE";"pf_all_xy";"FORB";"Forb";"Pedicularis verticillata";"CTL";100;2;1;164;308;0.609756097560976;0.649350649350649
"QHI";"KO";"6";2016;"QHI:KO:6";"QHI:KO:6:2016";"LIVE";"pf_all_xy";"FORB";"Forb";"Oxytropis campestris";"CTL";100;7;3;164;308;1.82926829268293;2.27272727272727
"QHI";"KO";"5";2016;"QHI:KO:5";"QHI:KO:5:2016";"LIVE";"pf_all_xy";"GRASS";"Graminoid";"Alopecurus magellanicus";"CTL";100;128;68;160;299;42.5;42.809364548495
"QHI";"KO";"5";2016;"QHI:KO:5";"QHI:KO:5:2016";"LIVE";"pf_all_xy";"SDECI";"Shrub";"Salix arctica";"CTL";100;26;17;160;299;10.625;8.69565217391304
"QHI";"KO";"5";2016;"QHI:KO:5";"QHI:KO:5:2016";"LIVE";"pf_all_xy";"MOSSU";NA;"XXXothermoss";"CTL";100;7;7;NA;NA;NA;NA
"QHI";"KO";"5";2016;"QHI:KO:5";"QHI:KO:5:2016";"LITTER";"pf_all_xy";"LITTER";NA;"XXXLITTER";"CTL";100;92;92;NA;NA;NA;NA
"QHI";"KO";"5";2016;"QHI:KO:5";"QHI:KO:5:2016";"LIVE";"pf_all_xy";"SEVER";"Shrub";"Dryas integrifolia";"CTL";100;113;54;160;299;33.75;37.7926421404682
"QHI";"KO";"5";2016;"QHI:KO:5";"QHI:KO:5:2016";"LIVE";"pf_all_xy";"SOIL";NA;"XXXbareground";"CTL";100;9;9;NA;NA;NA;NA
"QHI";"KO";"5";2016;"QHI:KO:5";"QHI:KO:5:2016";"LIVE";"pf_all_xy";"FORB";"Forb";"Astragalus umbellatus";"CTL";100;10;6;160;299;3.75;3.34448160535117
"QHI";"KO";"5";2016;"QHI:KO:5";"QHI:KO:5:2016";"LIVE";"pf_all_xy";"FORB";"Forb";"Bistorta vivipara";"CTL";100;2;2;160;299;1.25;0.668896321070234
"QHI";"KO";"5";2016;"QHI:KO:5";"QHI:KO:5:2016";"LIVE";"pf_all_xy";"ROCK";NA;"XXXrock";"CTL";100;2;2;NA;NA;NA;NA
"QHI";"KO";"5";2016;"QHI:KO:5";"QHI:KO:5:2016";"LIVE";"pf_all_xy";"FORB";"Forb";"Oxytropis nigrescens";"CTL";100;6;3;160;299;1.875;2.0066889632107
"QHI";"KO";"5";2016;"QHI:KO:5";"QHI:KO:5:2016";"LIVE";"pf_all_xy";"RUSH";"Graminoid";"Luzula nivalis";"CTL";100;1;1;160;299;0.625;0.334448160535117
"QHI";"KO";"5";2016;"QHI:KO:5";"QHI:KO:5:2016";"LIVE";"pf_all_xy";"GRASS";"Graminoid";"Poa arctica";"CTL";100;5;4;160;299;2.5;1.67224080267559
"QHI";"KO";"5";2016;"QHI:KO:5";"QHI:KO:5:2016";"LIVE";"pf_all_xy";"FORB";"Forb";"Saussurea angustifolia";"CTL";100;1;1;160;299;0.625;0.334448160535117
"QHI";"KO";"5";2016;"QHI:KO:5";"QHI:KO:5:2016";"LIVE";"pf_all_xy";"LFRUT";"Lichen";"Nephromopsis cucullata";"CTL";100;1;1;NA;NA;NA;NA
"QHI";"KO";"5";2016;"QHI:KO:5";"QHI:KO:5:2016";"LIVE";"pf_all_xy";"GRASS";"Graminoid";"Festuca baffinensis";"CTL";100;1;1;160;299;0.625;0.334448160535117
"QHI";"KO";"5";2016;"QHI:KO:5";"QHI:KO:5:2016";"LIVE";"pf_all_xy";"FORB";"Forb";"Stellaria longipes";"CTL";100;1;1;160;299;0.625;0.334448160535117
"QHI";"KO";"5";2016;"QHI:KO:5";"QHI:KO:5:2016";"LIVE";"pf_all_xy";"FORB";"Forb";"Oxytropis campestris";"CTL";100;3;1;160;299;0.625;1.00334448160535
"QHI";"KO";"5";2016;"QHI:KO:5";"QHI:KO:5:2016";"LIVE";"pf_all_xy";"FORB";"Forb";"Cardamine digitata";"CTL";100;2;1;160;299;0.625;0.668896321070234
"QHI";"KO";"4";2016;"QHI:KO:4";"QHI:KO:4:2016";"LITTER";"pf_all_xy";"LITTER";NA;"XXXLITTER";"CTL";100;65;65;NA;NA;NA;NA
"QHI";"KO";"4";2016;"QHI:KO:4";"QHI:KO:4:2016";"LIVE";"pf_all_xy";"SOIL";NA;"XXXbareground";"CTL";100;9;9;NA;NA;NA;NA
"QHI";"KO";"4";2016;"QHI:KO:4";"QHI:KO:4:2016";"LIVE";"pf_all_xy";"SEVER";"Shrub";"Dryas integrifolia";"CTL";100;165;69;113;232;61.0619469026549;71.1206896551724
"QHI";"KO";"4";2016;"QHI:KO:4";"QHI:KO:4:2016";"LIVE";"pf_all_xy";"MOSSU";NA;"XXXothermoss";"CTL";100;26;26;NA;NA;NA;NA
"QHI";"KO";"4";2016;"QHI:KO:4";"QHI:KO:4:2016";"LIVE";"pf_all_xy";"LFRUT";"Lichen";"XXXpeltigera";"CTL";100;11;11;NA;NA;NA;NA
"QHI";"KO";"4";2016;"QHI:KO:4";"QHI:KO:4:2016";"LIVE";"pf_all_xy";"FORB";"Forb";"Bistorta vivipara";"CTL";100;4;3;113;232;2.65486725663717;1.72413793103448
"QHI";"KO";"4";2016;"QHI:KO:4";"QHI:KO:4:2016";"LIVE";"pf_all_xy";"SDECI";"Shrub";"Salix arctica";"CTL";100;24;16;113;232;14.1592920353982;10.3448275862069
"QHI";"KO";"4";2016;"QHI:KO:4";"QHI:KO:4:2016";"LIVE";"pf_all_xy";"GRASS";"Graminoid";"Arctagrostis latifolia";"CTL";100;28;17;113;232;15.0442477876106;12.0689655172414
"QHI";"KO";"4";2016;"QHI:KO:4";"QHI:KO:4:2016";"LIVE";"pf_all_xy";"FORB";"Forb";"Cardamine digitata";"CTL";100;3;2;113;232;1.76991150442478;1.29310344827586
"QHI";"KO";"4";2016;"QHI:KO:4";"QHI:KO:4:2016";"LIVE";"pf_all_xy";"LFRUT";"Lichen";"Nephromopsis cucullata";"CTL";100;3;3;NA;NA;NA;NA
"QHI";"KO";"4";2016;"QHI:KO:4";"QHI:KO:4:2016";"LIVE";"pf_all_xy";"FORB";"Forb";"Astragalus umbellatus";"CTL";100;2;1;113;232;0.884955752212389;0.862068965517241
"QHI";"KO";"4";2016;"QHI:KO:4";"QHI:KO:4:2016";"LIVE";"pf_all_xy";"FORB";"Forb";"Oxytropis campestris";"CTL";100;2;1;113;232;0.884955752212389;0.862068965517241
"QHI";"KO";"4";2016;"QHI:KO:4";"QHI:KO:4:2016";"LIVE";"pf_all_xy";"GRASS";"Graminoid";"Poa arctica";"CTL";100;3;3;113;232;2.65486725663717;1.29310344827586
"QHI";"KO";"4";2016;"QHI:KO:4";"QHI:KO:4:2016";"LIVE";"pf_all_xy";"LFRUT";"Lichen";"Cetraria islandica";"CTL";100;1;1;NA;NA;NA;NA
"QHI";"KO";"4";2016;"QHI:KO:4";"QHI:KO:4:2016";"LIVE";"pf_all_xy";"FORB";"Forb";"Pedicularis verticillata";"CTL";100;1;1;113;232;0.884955752212389;0.431034482758621
"QHI";"KO";"3";2016;"QHI:KO:3";"QHI:KO:3:2016";"LIVE";"pf_all_xy";"SEVER";"Shrub";"Dryas integrifolia";"CTL";100;115;52;110;203;47.2727272727273;56.6502463054187
"QHI";"KO";"3";2016;"QHI:KO:3";"QHI:KO:3:2016";"LIVE";"pf_all_xy";"SDECI";"Shrub";"Salix arctica";"CTL";100;32;19;110;203;17.2727272727273;15.7635467980296
"QHI";"KO";"3";2016;"QHI:KO:3";"QHI:KO:3:2016";"LITTER";"pf_all_xy";"LITTER";NA;"XXXLITTER";"CTL";100;81;81;NA;NA;NA;NA
"QHI";"KO";"3";2016;"QHI:KO:3";"QHI:KO:3:2016";"LIVE";"pf_all_xy";"GRASS";"Graminoid";"Arctagrostis latifolia";"CTL";100;38;24;110;203;21.8181818181818;18.7192118226601
"QHI";"KO";"3";2016;"QHI:KO:3";"QHI:KO:3:2016";"LIVE";"pf_all_xy";"LFRUT";"Lichen";"Cetraria islandica";"CTL";100;1;1;NA;NA;NA;NA
"QHI";"KO";"3";2016;"QHI:KO:3";"QHI:KO:3:2016";"LIVE";"pf_all_xy";"GRASS";"Graminoid";"Poa arctica";"CTL";100;6;5;110;203;4.54545454545455;2.95566502463054
"QHI";"KO";"3";2016;"QHI:KO:3";"QHI:KO:3:2016";"LIVE";"pf_all_xy";"FORB";"Forb";"Oxytropis nigrescens";"CTL";100;1;1;110;203;0.909090909090909;0.492610837438424
"QHI";"KO";"3";2016;"QHI:KO:3";"QHI:KO:3:2016";"LIVE";"pf_all_xy";"GRASS";"Graminoid";"Festuca baffinensis";"CTL";100;2;2;110;203;1.81818181818182;0.985221674876847
"QHI";"KO";"3";2016;"QHI:KO:3";"QHI:KO:3:2016";"LIVE";"pf_all_xy";"SOIL";NA;"XXXbareground";"CTL";100;9;9;NA;NA;NA;NA
"QHI";"KO";"3";2016;"QHI:KO:3";"QHI:KO:3:2016";"LIVE";"pf_all_xy";"MOSSU";NA;"XXXothermoss";"CTL";100;11;11;NA;NA;NA;NA
"QHI";"KO";"3";2016;"QHI:KO:3";"QHI:KO:3:2016";"LIVE";"pf_all_xy";"FORB";"Forb";"Pedicularis verticillata";"CTL";100;2;1;110;203;0.909090909090909;0.985221674876847
"QHI";"KO";"3";2016;"QHI:KO:3";"QHI:KO:3:2016";"LIVE";"pf_all_xy";"FORB";"Forb";"Lupinus arcticus";"CTL";100;3;2;110;203;1.81818181818182;1.47783251231527
"QHI";"KO";"3";2016;"QHI:KO:3";"QHI:KO:3:2016";"LIVE";"pf_all_xy";"FORB";"Forb";"Oxytropis campestris";"CTL";100;1;1;110;203;0.909090909090909;0.492610837438424
"QHI";"KO";"3";2016;"QHI:KO:3";"QHI:KO:3:2016";"LIVE";"pf_all_xy";"FORB";"Forb";"Bistorta vivipara";"CTL";100;2;2;110;203;1.81818181818182;0.985221674876847
"QHI";"KO";"3";2016;"QHI:KO:3";"QHI:KO:3:2016";"LIVE";"pf_all_xy";"RUSH";"Graminoid";"Luzula nivalis";"CTL";100;1;1;110;203;0.909090909090909;0.492610837438424
"QHI";"KO";"3";2016;"QHI:KO:3";"QHI:KO:3:2016";"LIVE";"pf_all_xy";"LFRUT";"Lichen";"XXXpeltigera";"CTL";100;1;1;NA;NA;NA;NA
"QHI";"KO";"2";2016;"QHI:KO:2";"QHI:KO:2:2016";"LIVE";"pf_all_xy";"GRASS";"Graminoid";"Alopecurus magellanicus";"CTL";100;12;6;136;260;4.41176470588235;4.61538461538462
"QHI";"KO";"2";2016;"QHI:KO:2";"QHI:KO:2:2016";"LIVE";"pf_all_xy";"SDECI";"Shrub";"Salix arctica";"CTL";100;62;41;136;260;30.1470588235294;23.8461538461538
"QHI";"KO";"2";2016;"QHI:KO:2";"QHI:KO:2:2016";"LITTER";"pf_all_xy";"LITTER";NA;"XXXLITTER";"CTL";100;84;84;NA;NA;NA;NA
"QHI";"KO";"2";2016;"QHI:KO:2";"QHI:KO:2:2016";"LIVE";"pf_all_xy";"MOSSU";NA;"XXXothermoss";"CTL";100;27;27;NA;NA;NA;NA
"QHI";"KO";"2";2016;"QHI:KO:2";"QHI:KO:2:2016";"LIVE";"pf_all_xy";"LFRUT";"Lichen";"Alectoria ochroleuca";"CTL";100;1;1;NA;NA;NA;NA
"QHI";"KO";"2";2016;"QHI:KO:2";"QHI:KO:2:2016";"LIVE";"pf_all_xy";"SEVER";"Shrub";"Dryas integrifolia";"CTL";100;149;65;136;260;47.7941176470588;57.3076923076923
"QHI";"KO";"2";2016;"QHI:KO:2";"QHI:KO:2:2016";"LIVE";"pf_all_xy";"SOIL";NA;"XXXbareground";"CTL";100;9;9;NA;NA;NA;NA
"QHI";"KO";"2";2016;"QHI:KO:2";"QHI:KO:2:2016";"LIVE";"pf_all_xy";"FORB";"Forb";"Oxytropis nigrescens";"CTL";100;5;3;136;260;2.20588235294118;1.92307692307692
"QHI";"KO";"2";2016;"QHI:KO:2";"QHI:KO:2:2016";"LIVE";"pf_all_xy";"LFRUT";"Lichen";"Lagotis glauca";"CTL";100;4;3;NA;NA;NA;NA
"QHI";"KO";"2";2016;"QHI:KO:2";"QHI:KO:2:2016";"LIVE";"pf_all_xy";"GRASS";"Graminoid";"Arctagrostis latifolia";"CTL";100;3;2;136;260;1.47058823529412;1.15384615384615
"QHI";"KO";"2";2016;"QHI:KO:2";"QHI:KO:2:2016";"LIVE";"pf_all_xy";"LFRUT";"Lichen";"Nephromopsis cucullata";"CTL";100;6;5;NA;NA;NA;NA
"QHI";"KO";"2";2016;"QHI:KO:2";"QHI:KO:2:2016";"LIVE";"pf_all_xy";"FORB";"Forb";"Tephroseris integrifolia";"CTL";100;10;8;136;260;5.88235294117647;3.84615384615385
"QHI";"KO";"2";2016;"QHI:KO:2";"QHI:KO:2:2016";"LIVE";"pf_all_xy";"SDECI";"Shrub";"Salix reticulata";"CTL";100;1;1;136;260;0.735294117647059;0.384615384615385
"QHI";"KO";"2";2016;"QHI:KO:2";"QHI:KO:2:2016";"LIVE";"pf_all_xy";"GRASS";"Graminoid";"Poa arctica";"CTL";100;2;1;136;260;0.735294117647059;0.769230769230769
"QHI";"KO";"2";2016;"QHI:KO:2";"QHI:KO:2:2016";"LIVE";"pf_all_xy";"RUSH";"Graminoid";"Luzula nivalis";"CTL";100;1;1;136;260;0.735294117647059;0.384615384615385
"QHI";"KO";"2";2016;"QHI:KO:2";"QHI:KO:2:2016";"LIVE";"pf_all_xy";"LFRUT";"Lichen";"XXXpeltigera";"CTL";100;1;1;NA;NA;NA;NA
"QHI";"KO";"2";2016;"QHI:KO:2";"QHI:KO:2:2016";"LIVE";"pf_all_xy";"FORB";"Forb";"Cardamine digitata";"CTL";100;4;2;136;260;1.47058823529412;1.53846153846154
"QHI";"KO";"2";2016;"QHI:KO:2";"QHI:KO:2:2016";"LIVE";"pf_all_xy";"FORB";"Forb";"Oxytropis maydelliana";"CTL";100;10;5;136;260;3.67647058823529;3.84615384615385
"QHI";"KO";"2";2016;"QHI:KO:2";"QHI:KO:2:2016";"LIVE";"pf_all_xy";"FORB";"Forb";"Astragalus umbellatus";"CTL";100;1;1;136;260;0.735294117647059;0.384615384615385
"QHI";"KO";"1";2016;"QHI:KO:1";"QHI:KO:1:2016";"LIVE";"pf_all_xy";"SEVER";"Shrub";"Dryas integrifolia";"CTL";100;145;65;173;303;37.5722543352601;47.8547854785479
"QHI";"KO";"1";2016;"QHI:KO:1";"QHI:KO:1:2016";"LIVE";"pf_all_xy";"SDECI";"Shrub";"Salix arctica";"CTL";100;44;33;173;303;19.0751445086705;14.5214521452145
"QHI";"KO";"1";2016;"QHI:KO:1";"QHI:KO:1:2016";"LITTER";"pf_all_xy";"LITTER";NA;"XXXLITTER";"CTL";100;71;71;NA;NA;NA;NA
"QHI";"KO";"1";2016;"QHI:KO:1";"QHI:KO:1:2016";"LIVE";"pf_all_xy";"FORB";"Forb";"Tephroseris integrifolia";"CTL";100;14;10;173;303;5.78034682080925;4.62046204620462
"QHI";"KO";"1";2016;"QHI:KO:1";"QHI:KO:1:2016";"LIVE";"pf_all_xy";"FORB";"Forb";"Lupinus arcticus";"CTL";100;56;30;173;303;17.3410404624277;18.4818481848185
"QHI";"KO";"1";2016;"QHI:KO:1";"QHI:KO:1:2016";"LIVE";"pf_all_xy";"SOIL";NA;"XXXbareground";"CTL";100;19;19;NA;NA;NA;NA
"QHI";"KO";"1";2016;"QHI:KO:1";"QHI:KO:1:2016";"LIVE";"pf_all_xy";"RUSH";"Graminoid";"Luzula nivalis";"CTL";100;1;1;173;303;0.578034682080925;0.33003300330033
"QHI";"KO";"1";2016;"QHI:KO:1";"QHI:KO:1:2016";"LIVE";"pf_all_xy";"FORB";"Forb";"Pedicularis verticillata";"CTL";100;6;6;173;303;3.46820809248555;1.98019801980198
"QHI";"KO";"1";2016;"QHI:KO:1";"QHI:KO:1:2016";"LIVE";"pf_all_xy";"GRASS";"Graminoid";"Poa arctica";"CTL";100;20;16;173;303;9.2485549132948;6.6006600660066
"QHI";"KO";"1";2016;"QHI:KO:1";"QHI:KO:1:2016";"LIVE";"pf_all_xy";"MOSSU";NA;"XXXothermoss";"CTL";100;14;14;NA;NA;NA;NA
"QHI";"KO";"1";2016;"QHI:KO:1";"QHI:KO:1:2016";"LIVE";"pf_all_xy";"FORB";"Forb";"Cardamine digitata";"CTL";100;5;4;173;303;2.3121387283237;1.65016501650165
"QHI";"KO";"1";2016;"QHI:KO:1";"QHI:KO:1:2016";"LIVE";"pf_all_xy";"FORB";"Forb";"Oxytropis nigrescens";"CTL";100;9;5;173;303;2.89017341040462;2.97029702970297
"QHI";"KO";"1";2016;"QHI:KO:1";"QHI:KO:1:2016";"LIVE";"pf_all_xy";"LFRUT";"Lichen";"XXXpeltigera";"CTL";100;1;1;NA;NA;NA;NA
"QHI";"KO";"1";2016;"QHI:KO:1";"QHI:KO:1:2016";"LIVE";"pf_all_xy";"FORB";"Forb";"Bistorta vivipara";"CTL";100;1;1;173;303;0.578034682080925;0.33003300330033
"QHI";"KO";"1";2016;"QHI:KO:1";"QHI:KO:1:2016";"LIVE";"pf_all_xy";"LFRUT";"Lichen";"Nephromopsis cucullata";"CTL";100;1;1;NA;NA;NA;NA
"QHI";"KO";"1";2016;"QHI:KO:1";"QHI:KO:1:2016";"LIVE";"pf_all_xy";"GRASS";"Graminoid";"Festuca baffinensis";"CTL";100;1;1;173;303;0.578034682080925;0.33003300330033
"QHI";"KO";"1";2016;"QHI:KO:1";"QHI:KO:1:2016";"LIVE";"pf_all_xy";"FORB";"Forb";"Astragalus umbellatus";"CTL";100;1;1;173;303;0.578034682080925;0.33003300330033
"QHI";"KO";"6";2017;"QHI:KO:6";"QHI:KO:6:2017";"LIVE";"pf_all_xy";"SEVER";"Shrub";"Dryas integrifolia";"CTL";100;94;60;142;212;42.2535211267606;44.3396226415094
"QHI";"KO";"6";2017;"QHI:KO:6";"QHI:KO:6:2017";"LITTER";"pf_all_xy";"LITTER";NA;"XXXLITTER";"CTL";100;NA;79;NA;NA;NA;NA
"QHI";"KO";"6";2017;"QHI:KO:6";"QHI:KO:6:2017";"LIVE";"pf_all_xy";"GRASS";"Graminoid";"Alopecurus magellanicus";"CTL";100;62;42;142;212;29.5774647887324;29.2452830188679
"QHI";"KO";"6";2017;"QHI:KO:6";"QHI:KO:6:2017";"LIVE";"pf_all_xy";"SDECI";"Shrub";"Salix arctica";"CTL";100;35;26;142;212;18.3098591549296;16.5094339622642
"QHI";"KO";"6";2017;"QHI:KO:6";"QHI:KO:6:2017";"LIVE";"pf_all_xy";"LFRUT";"Lichen";"Nephromopsis cucullata";"CTL";100;8;7;NA;NA;NA;NA
"QHI";"KO";"6";2017;"QHI:KO:6";"QHI:KO:6:2017";"LIVE";"pf_all_xy";"FORB";"Forb";"Astragalus umbellatus";"CTL";100;7;4;142;212;2.8169014084507;3.30188679245283
"QHI";"KO";"6";2017;"QHI:KO:6";"QHI:KO:6:2017";"LIVE";"pf_all_xy";"MOSSU";NA;"XXXothermoss";"CTL";100;22;22;NA;NA;NA;NA
"QHI";"KO";"6";2017;"QHI:KO:6";"QHI:KO:6:2017";"LIVE";"pf_all_xy";"FORB";"Forb";"Oxytropis maydelliana";"CTL";100;8;4;142;212;2.8169014084507;3.77358490566038
"QHI";"KO";"6";2017;"QHI:KO:6";"QHI:KO:6:2017";"LIVE";"pf_all_xy";"FORB";"Forb";"Pedicularis verticillata";"CTL";100;2;2;142;212;1.40845070422535;0.943396226415094
"QHI";"KO";"6";2017;"QHI:KO:6";"QHI:KO:6:2017";"LIVE";"pf_all_xy";"LFRUT";"Lichen";"XXXpeltigera";"CTL";100;3;3;NA;NA;NA;NA
"QHI";"KO";"6";2017;"QHI:KO:6";"QHI:KO:6:2017";"LIVE";"pf_all_xy";"GRASS";"Graminoid";"Anthoxanthum monticola";"CTL";100;1;1;142;212;0.704225352112676;0.471698113207547
"QHI";"KO";"6";2017;"QHI:KO:6";"QHI:KO:6:2017";"LIVE";"pf_all_xy";"FORB";"Forb";"Pedicularis capitata";"CTL";100;1;1;142;212;0.704225352112676;0.471698113207547
"QHI";"KO";"6";2017;"QHI:KO:6";"QHI:KO:6:2017";"LIVE";"pf_all_xy";"SOIL";NA;"XXXbareground";"CTL";100;10;10;NA;NA;NA;NA
"QHI";"KO";"6";2017;"QHI:KO:6";"QHI:KO:6:2017";"LIVE";"pf_all_xy";"LCRUS";"Lichen";"XXXcrustous";"CTL";100;1;1;NA;NA;NA;NA
"QHI";"KO";"6";2017;"QHI:KO:6";"QHI:KO:6:2017";"LIVE";"pf_all_xy";"FORB";"Forb";"Polygonum bistorta";"CTL";100;2;2;142;212;1.40845070422535;0.943396226415094
"QHI";"KO";"6";2017;"QHI:KO:6";"QHI:KO:6:2017";"LIVE";"pf_all_xy";"LFRUT";"Lichen";"Cladina (brown)";"CTL";100;1;1;NA;NA;NA;NA
"QHI";"KO";"5";2017;"QHI:KO:5";"QHI:KO:5:2017";"LIVE";"pf_all_xy";"GRASS";"Graminoid";"Alopecurus magellanicus";"CTL";100;107;62;150;242;41.3333333333333;44.2148760330579
"QHI";"KO";"5";2017;"QHI:KO:5";"QHI:KO:5:2017";"LIVE";"pf_all_xy";"SEVER";"Shrub";"Dryas integrifolia";"CTL";100;91;55;150;242;36.6666666666667;37.603305785124
"QHI";"KO";"5";2017;"QHI:KO:5";"QHI:KO:5:2017";"LIVE";"pf_all_xy";"FORB";"Forb";"Oxytropis maydelliana";"CTL";100;3;1;150;242;0.666666666666667;1.2396694214876
"QHI";"KO";"5";2017;"QHI:KO:5";"QHI:KO:5:2017";"LITTER";"pf_all_xy";"LITTER";NA;"XXXLITTER";"CTL";100;NA;95;NA;NA;NA;NA
"QHI";"KO";"5";2017;"QHI:KO:5";"QHI:KO:5:2017";"LIVE";"pf_all_xy";"SDECI";"Shrub";"Salix arctica";"CTL";100;24;21;150;242;14;9.91735537190083
"QHI";"KO";"5";2017;"QHI:KO:5";"QHI:KO:5:2017";"LIVE";"pf_all_xy";"FORB";"Forb";"Astragalus umbellatus";"CTL";100;11;6;150;242;4;4.54545454545455
"QHI";"KO";"5";2017;"QHI:KO:5";"QHI:KO:5:2017";"LIVE";"pf_all_xy";"FORB";"Forb";"Polygonum bistorta";"CTL";100;1;1;150;242;0.666666666666667;0.413223140495868
"QHI";"KO";"5";2017;"QHI:KO:5";"QHI:KO:5:2017";"LIVE";"pf_all_xy";"MOSSU";NA;"XXXothermoss";"CTL";100;4;4;NA;NA;NA;NA
"QHI";"KO";"5";2017;"QHI:KO:5";"QHI:KO:5:2017";"LIVE";"pf_all_xy";"SOIL";NA;"XXXbareground";"CTL";100;9;9;NA;NA;NA;NA
"QHI";"KO";"5";2017;"QHI:KO:5";"QHI:KO:5:2017";"LIVE";"pf_all_xy";"FORB";"Forb";"XXXotherforb";"CTL";100;1;1;150;242;0.666666666666667;0.413223140495868
"QHI";"KO";"5";2017;"QHI:KO:5";"QHI:KO:5:2017";"LIVE";"pf_all_xy";"FORB";"Forb";"Oxytropis nigrescens";"CTL";100;3;2;150;242;1.33333333333333;1.2396694214876
"QHI";"KO";"5";2017;"QHI:KO:5";"QHI:KO:5:2017";"LIVE";"pf_all_xy";"FORB";"Forb";"Pedicularis verticillata";"CTL";100;1;1;150;242;0.666666666666667;0.413223140495868
"QHI";"KO";"4";2017;"QHI:KO:4";"QHI:KO:4:2017";"LITTER";"pf_all_xy";"LITTER";NA;"XXXLITTER";"CTL";100;67;67;NA;NA;NA;NA
"QHI";"KO";"4";2017;"QHI:KO:4";"QHI:KO:4:2017";"LIVE";"pf_all_xy";"FORB";"Forb";"Polygonum bistorta";"CTL";100;1;1;91;146;1.0989010989011;0.684931506849315
"QHI";"KO";"4";2017;"QHI:KO:4";"QHI:KO:4:2017";"LIVE";"pf_all_xy";"SEVER";"Shrub";"Dryas integrifolia";"CTL";100;92;57;91;146;62.6373626373626;63.013698630137
"QHI";"KO";"4";2017;"QHI:KO:4";"QHI:KO:4:2017";"LIVE";"pf_all_xy";"GRASS";"Graminoid";"Arctagrostis latifolia";"CTL";100;30;18;91;146;19.7802197802198;20.5479452054795
"QHI";"KO";"4";2017;"QHI:KO:4";"QHI:KO:4:2017";"LIVE";"pf_all_xy";"LFRUT";"Lichen";"Nephromopsis cucullata";"CTL";100;6;6;NA;NA;NA;NA
"QHI";"KO";"4";2017;"QHI:KO:4";"QHI:KO:4:2017";"LIVE";"pf_all_xy";"MOSSU";NA;"XXXothermoss";"CTL";100;32;32;NA;NA;NA;NA
"QHI";"KO";"4";2017;"QHI:KO:4";"QHI:KO:4:2017";"LIVE";"pf_all_xy";"SOIL";NA;"XXXbareground";"CTL";100;9;9;NA;NA;NA;NA
"QHI";"KO";"4";2017;"QHI:KO:4";"QHI:KO:4:2017";"LIVE";"pf_all_xy";"FORB";"Forb";"Astragalus umbellatus";"CTL";100;1;1;91;146;1.0989010989011;0.684931506849315
"QHI";"KO";"4";2017;"QHI:KO:4";"QHI:KO:4:2017";"LIVE";"pf_all_xy";"SDECI";"Shrub";"Salix arctica";"CTL";100;18;10;91;146;10.989010989011;12.3287671232877
"QHI";"KO";"4";2017;"QHI:KO:4";"QHI:KO:4:2017";"LIVE";"pf_all_xy";"LFRUT";"Lichen";"XXXpeltigera";"CTL";100;9;9;NA;NA;NA;NA
"QHI";"KO";"4";2017;"QHI:KO:4";"QHI:KO:4:2017";"LIVE";"pf_all_xy";"FORB";"Forb";"Oxytropis maydelliana";"CTL";100;2;2;91;146;2.1978021978022;1.36986301369863
"QHI";"KO";"4";2017;"QHI:KO:4";"QHI:KO:4:2017";"LIVE";"pf_all_xy";"GRASS";"Graminoid";"Festuca baffinensis";"CTL";100;2;2;91;146;2.1978021978022;1.36986301369863
"QHI";"KO";"3";2017;"QHI:KO:3";"QHI:KO:3:2017";"LITTER";"pf_all_xy";"LITTER";NA;"XXXLITTER";"CTL";100;90;89;NA;NA;NA;NA
"QHI";"KO";"3";2017;"QHI:KO:3";"QHI:KO:3:2017";"LIVE";"pf_all_xy";"GRASS";"Graminoid";"Arctagrostis latifolia";"CTL";100;53;28;121;218;23.1404958677686;24.3119266055046
"QHI";"KO";"3";2017;"QHI:KO:3";"QHI:KO:3:2017";"LIVE";"pf_all_xy";"MOSSU";NA;"XXXothermoss";"CTL";100;13;13;NA;NA;NA;NA
"QHI";"KO";"3";2017;"QHI:KO:3";"QHI:KO:3:2017";"LIVE";"pf_all_xy";"SEVER";"Shrub";"Dryas integrifolia";"CTL";100;107;56;121;218;46.2809917355372;49.0825688073394
"QHI";"KO";"3";2017;"QHI:KO:3";"QHI:KO:3:2017";"LIVE";"pf_all_xy";"SDECI";"Shrub";"Salix arctica";"CTL";100;37;22;121;218;18.1818181818182;16.9724770642202
"QHI";"KO";"3";2017;"QHI:KO:3";"QHI:KO:3:2017";"LIVE";"pf_all_xy";"LFRUT";"Lichen";"Nephromopsis cucullata";"CTL";100;1;1;NA;NA;NA;NA
"QHI";"KO";"3";2017;"QHI:KO:3";"QHI:KO:3:2017";"LIVE";"pf_all_xy";"LFRUT";"Lichen";"XXXpeltigera";"CTL";100;4;4;NA;NA;NA;NA
"QHI";"KO";"3";2017;"QHI:KO:3";"QHI:KO:3:2017";"LIVE";"pf_all_xy";"GRASS";"Graminoid";"Festuca baffinensis";"CTL";100;4;4;121;218;3.30578512396694;1.8348623853211
"QHI";"KO";"3";2017;"QHI:KO:3";"QHI:KO:3:2017";"LIVE";"pf_all_xy";"FORB";"Forb";"XXXotherforb";"CTL";100;1;1;121;218;0.826446280991735;0.458715596330275
"QHI";"KO";"3";2017;"QHI:KO:3";"QHI:KO:3:2017";"LIVE";"pf_all_xy";"FORB";"Forb";"Lupinus arcticus";"CTL";100;2;1;121;218;0.826446280991735;0.917431192660551
"QHI";"KO";"3";2017;"QHI:KO:3";"QHI:KO:3:2017";"LIVE";"pf_all_xy";"FORB";"Forb";"Bistorta vivipara";"CTL";100;1;1;121;218;0.826446280991735;0.458715596330275
"QHI";"KO";"3";2017;"QHI:KO:3";"QHI:KO:3:2017";"LIVE";"pf_all_xy";"SOIL";NA;"XXXbareground";"CTL";100;11;11;NA;NA;NA;NA
"QHI";"KO";"3";2017;"QHI:KO:3";"QHI:KO:3:2017";"LIVE";"pf_all_xy";"FORB";"Forb";"Astragalus umbellatus";"CTL";100;10;5;121;218;4.13223140495868;4.58715596330275
"QHI";"KO";"3";2017;"QHI:KO:3";"QHI:KO:3:2017";"LIVE";"pf_all_xy";"FORB";"Forb";"Pedicularis lanata";"CTL";100;1;1;121;218;0.826446280991735;0.458715596330275
"QHI";"KO";"3";2017;"QHI:KO:3";"QHI:KO:3:2017";"LIVE";"pf_all_xy";"FORB";"Forb";"Polygonum bistorta";"CTL";100;1;1;121;218;0.826446280991735;0.458715596330275
"QHI";"KO";"3";2017;"QHI:KO:3";"QHI:KO:3:2017";"LIVE";"pf_all_xy";"LFRUT";"Lichen";"Cladonia mitis";"CTL";100;1;1;NA;NA;NA;NA
"QHI";"KO";"3";2017;"QHI:KO:3";"QHI:KO:3:2017";"LIVE";"pf_all_xy";"FORB";"Forb";"Oxytropis maydelliana";"CTL";100;1;1;121;218;0.826446280991735;0.458715596330275
"QHI";"KO";"2";2017;"QHI:KO:2";"QHI:KO:2:2017";"LIVE";"pf_all_xy";"SOIL";NA;"XXXbareground";"CTL";100;8;8;NA;NA;NA;NA
"QHI";"KO";"2";2017;"QHI:KO:2";"QHI:KO:2:2017";"LIVE";"pf_all_xy";"SEVER";"Shrub";"Dryas integrifolia";"CTL";100;81;54;125;185;43.2;43.7837837837838
"QHI";"KO";"2";2017;"QHI:KO:2";"QHI:KO:2:2017";"LIVE";"pf_all_xy";"FORB";"Forb";"Tephroseris integrifolia";"CTL";100;12;10;125;185;8;6.48648648648649
"QHI";"KO";"2";2017;"QHI:KO:2";"QHI:KO:2:2017";"LIVE";"pf_all_xy";"MOSSU";NA;"XXXothermoss";"CTL";100;20;20;NA;NA;NA;NA
"QHI";"KO";"2";2017;"QHI:KO:2";"QHI:KO:2:2017";"LITTER";"pf_all_xy";"LITTER";NA;"XXXLITTER";"CTL";100;66;66;NA;NA;NA;NA
"QHI";"KO";"2";2017;"QHI:KO:2";"QHI:KO:2:2017";"LIVE";"pf_all_xy";"GRASS";"Graminoid";"Poa arctica";"CTL";100;5;5;125;185;4;2.7027027027027
"QHI";"KO";"2";2017;"QHI:KO:2";"QHI:KO:2:2017";"LIVE";"pf_all_xy";"SDECI";"Shrub";"Salix arctica";"CTL";100;46;31;125;185;24.8;24.8648648648649
"QHI";"KO";"2";2017;"QHI:KO:2";"QHI:KO:2:2017";"LIVE";"pf_all_xy";"GRASS";"Graminoid";"XXXPOA";"CTL";100;2;1;125;185;0.8;1.08108108108108
"QHI";"KO";"2";2017;"QHI:KO:2";"QHI:KO:2:2017";"LIVE";"pf_all_xy";"FORB";"Forb";"Oxytropis maydelliana";"CTL";100;2;2;125;185;1.6;1.08108108108108
"QHI";"KO";"2";2017;"QHI:KO:2";"QHI:KO:2:2017";"LIVE";"pf_all_xy";"LFRUT";"Lichen";"Nephromopsis cucullata";"CTL";100;3;2;NA;NA;NA;NA
"QHI";"KO";"2";2017;"QHI:KO:2";"QHI:KO:2:2017";"LIVE";"pf_all_xy";"SDECI";"Shrub";"Salix reticulata";"CTL";100;3;3;125;185;2.4;1.62162162162162
"QHI";"KO";"2";2017;"QHI:KO:2";"QHI:KO:2:2017";"LIVE";"pf_all_xy";"FORB";"Forb";"Astragalus umbellatus";"CTL";100;2;1;125;185;0.8;1.08108108108108
"QHI";"KO";"2";2017;"QHI:KO:2";"QHI:KO:2:2017";"LIVE";"pf_all_xy";"LFRUT";"Lichen";"Cladonia mitis";"CTL";100;3;1;NA;NA;NA;NA
"QHI";"KO";"2";2017;"QHI:KO:2";"QHI:KO:2:2017";"LIVE";"pf_all_xy";"GRASS";"Graminoid";"Alopecurus magellanicus";"CTL";100;31;17;125;185;13.6;16.7567567567568
"QHI";"KO";"2";2017;"QHI:KO:2";"QHI:KO:2:2017";"LIVE";"pf_all_xy";"FORB";"Forb";"Oxytropis nigrescens";"CTL";100;1;1;125;185;0.8;0.540540540540541
"QHI";"KO";"2";2017;"QHI:KO:2";"QHI:KO:2:2017";"LIVE";"pf_all_xy";"LFRUT";"Lichen";"Lagotis glauca";"CTL";100;7;4;NA;NA;NA;NA
"QHI";"KO";"1";2017;"QHI:KO:1";"QHI:KO:1:2017";"LIVE";"pf_all_xy";"FORB";"Forb";"Lupinus arcticus";"CTL";100;77;33;144;271;22.9166666666667;28.4132841328413
"QHI";"KO";"1";2017;"QHI:KO:1";"QHI:KO:1:2017";"LIVE";"pf_all_xy";"SDECI";"Shrub";"Salix pulchra";"CTL";100;2;1;144;271;0.694444444444444;0.738007380073801
"QHI";"KO";"1";2017;"QHI:KO:1";"QHI:KO:1:2017";"LITTER";"pf_all_xy";"LITTER";NA;"XXXLITTER";"CTL";100;77;77;NA;NA;NA;NA
"QHI";"KO";"1";2017;"QHI:KO:1";"QHI:KO:1:2017";"LIVE";"pf_all_xy";"GRASS";"Graminoid";"Poa arctica";"CTL";100;20;13;144;271;9.02777777777778;7.38007380073801
"QHI";"KO";"1";2017;"QHI:KO:1";"QHI:KO:1:2017";"LIVE";"pf_all_xy";"SDECI";"Shrub";"Salix arctica";"CTL";100;45;28;144;271;19.4444444444444;16.6051660516605
"QHI";"KO";"1";2017;"QHI:KO:1";"QHI:KO:1:2017";"LIVE";"pf_all_xy";"SEVER";"Shrub";"Dryas integrifolia";"CTL";100;89;45;144;271;31.25;32.8413284132841
"QHI";"KO";"1";2017;"QHI:KO:1";"QHI:KO:1:2017";"LIVE";"pf_all_xy";"FORB";"Forb";"Oxytropis maydelliana";"CTL";100;11;4;144;271;2.77777777777778;4.0590405904059
"QHI";"KO";"1";2017;"QHI:KO:1";"QHI:KO:1:2017";"LIVE";"pf_all_xy";"FORB";"Forb";"Astragalus umbellatus";"CTL";100;4;2;144;271;1.38888888888889;1.4760147601476
"QHI";"KO";"1";2017;"QHI:KO:1";"QHI:KO:1:2017";"LIVE";"pf_all_xy";"FORB";"Forb";"Pedicularis verticillata";"CTL";100;7;3;144;271;2.08333333333333;2.5830258302583
"QHI";"KO";"1";2017;"QHI:KO:1";"QHI:KO:1:2017";"LIVE";"pf_all_xy";"FORB";"Forb";"Cardamine digitata";"CTL";100;2;2;144;271;1.38888888888889;0.738007380073801
"QHI";"KO";"1";2017;"QHI:KO:1";"QHI:KO:1:2017";"LIVE";"pf_all_xy";"LFRUT";"Lichen";"Thamnolia subuliformis";"CTL";100;3;2;NA;NA;NA;NA
"QHI";"KO";"1";2017;"QHI:KO:1";"QHI:KO:1:2017";"LIVE";"pf_all_xy";"MOSSU";NA;"XXXothermoss";"CTL";100;9;9;NA;NA;NA;NA
"QHI";"KO";"1";2017;"QHI:KO:1";"QHI:KO:1:2017";"LIVE";"pf_all_xy";"FORB";"Forb";"Tephroseris integrifolia";"CTL";100;11;10;144;271;6.94444444444444;4.0590405904059
"QHI";"KO";"1";2017;"QHI:KO:1";"QHI:KO:1:2017";"LIVE";"pf_all_xy";"FORB";"Forb";"Stellaria longipes";"CTL";100;1;1;144;271;0.694444444444444;0.3690036900369
"QHI";"KO";"1";2017;"QHI:KO:1";"QHI:KO:1:2017";"LIVE";"pf_all_xy";"RUSH";"Graminoid";"Luzula nivalis";"CTL";100;1;1;144;271;0.694444444444444;0.3690036900369
"QHI";"KO";"1";2017;"QHI:KO:1";"QHI:KO:1:2017";"LIVE";"pf_all_xy";"LFRUT";"Lichen";"XXXpeltigera";"CTL";100;1;1;NA;NA;NA;NA
"QHI";"KO";"1";2017;"QHI:KO:1";"QHI:KO:1:2017";"LIVE";"pf_all_xy";"FORB";"Forb";"Bistorta vivipara";"CTL";100;1;1;144;271;0.694444444444444;0.3690036900369
"QHI";"KO";"1";2017;"QHI:KO:1";"QHI:KO:1:2017";"LIVE";"pf_all_xy";"SOIL";NA;"XXXbareground";"CTL";100;13;13;NA;NA;NA;NA
"QHI";"KO";"1";2017;"QHI:KO:1";"QHI:KO:1:2017";"LIVE";"pf_all_xy";"LCRUS";"Lichen";"XXXcrustous";"CTL";100;2;2;NA;NA;NA;NA
"QHI";"KO";"6";2018;"QHI:KO:6";"QHI:KO:6:2018";"LIVE";"pf_all_xy";"GRASS";"Graminoid";"Alopecurus magellanicus";"CTL";100;89;57;150;244;38;36.4754098360656
"QHI";"KO";"6";2018;"QHI:KO:6";"QHI:KO:6:2018";"LIVE";"pf_all_xy";"SEVER";"Shrub";"Dryas integrifolia";"CTL";100;103;60;150;244;40;42.2131147540984
"QHI";"KO";"6";2018;"QHI:KO:6";"QHI:KO:6:2018";"LITTER";"pf_all_xy";"LITTER";NA;"XXXLITTER";"CTL";100;71;71;NA;NA;NA;NA
"QHI";"KO";"6";2018;"QHI:KO:6";"QHI:KO:6:2018";"LIVE";"pf_all_xy";"GRASS";"Graminoid";"Festuca baffinensis";"CTL";100;3;1;150;244;0.666666666666667;1.22950819672131
"QHI";"KO";"6";2018;"QHI:KO:6";"QHI:KO:6:2018";"LIVE";"pf_all_xy";"LFRUT";"Lichen";"Dactylina arctica";"CTL";100;2;2;NA;NA;NA;NA
"QHI";"KO";"6";2018;"QHI:KO:6";"QHI:KO:6:2018";"LIVE";"pf_all_xy";"FORB";"Forb";"Oxytropis maydelliana";"CTL";100;8;5;150;244;3.33333333333333;3.27868852459016
"QHI";"KO";"6";2018;"QHI:KO:6";"QHI:KO:6:2018";"LIVE";"pf_all_xy";"SDECI";"Shrub";"Salix arctica";"CTL";100;26;15;150;244;10;10.655737704918
"QHI";"KO";"6";2018;"QHI:KO:6";"QHI:KO:6:2018";"LIVE";"pf_all_xy";"SOIL";NA;"XXXbareground";"CTL";100;17;17;NA;NA;NA;NA
"QHI";"KO";"6";2018;"QHI:KO:6";"QHI:KO:6:2018";"LIVE";"pf_all_xy";"MOSSU";NA;"XXXothermoss";"CTL";100;12;12;NA;NA;NA;NA
"QHI";"KO";"6";2018;"QHI:KO:6";"QHI:KO:6:2018";"LIVE";"pf_all_xy";"FORB";"Forb";"Astragalus umbellatus";"CTL";100;6;5;150;244;3.33333333333333;2.45901639344262
"QHI";"KO";"6";2018;"QHI:KO:6";"QHI:KO:6:2018";"LIVE";"pf_all_xy";"FORB";"Forb";"Pedicularis verticillata";"CTL";100;3;3;150;244;2;1.22950819672131
"QHI";"KO";"6";2018;"QHI:KO:6";"QHI:KO:6:2018";"LIVE";"pf_all_xy";"LFRUT";"Lichen";"XXXpeltigera";"CTL";100;4;4;NA;NA;NA;NA
"QHI";"KO";"6";2018;"QHI:KO:6";"QHI:KO:6:2018";"LIVE";"pf_all_xy";"FORB";"Forb";"Oxytropis nigrescens";"CTL";100;5;3;150;244;2;2.04918032786885
"QHI";"KO";"6";2018;"QHI:KO:6";"QHI:KO:6:2018";"LIVE";"pf_all_xy";"LCRUS";"Lichen";"XXXcrustous";"CTL";100;4;4;NA;NA;NA;NA
"QHI";"KO";"6";2018;"QHI:KO:6";"QHI:KO:6:2018";"LIVE";"pf_all_xy";"FORB";"Forb";"Tephroseris integrifolia";"CTL";100;1;1;150;244;0.666666666666667;0.409836065573771
"QHI";"KO";"6";2018;"QHI:KO:6";"QHI:KO:6:2018";"LIVE";"pf_all_xy";"LFRUT";"Lichen";"Alectoria ochroleuca";"CTL";100;1;1;NA;NA;NA;NA
"QHI";"KO";"5";2018;"QHI:KO:5";"QHI:KO:5:2018";"LIVE";"pf_all_xy";"SEVER";"Shrub";"Dryas integrifolia";"CTL";100;82;51;141;222;36.1702127659575;36.9369369369369
"QHI";"KO";"5";2018;"QHI:KO:5";"QHI:KO:5:2018";"LITTER";"pf_all_xy";"LITTER";NA;"XXXLITTER";"CTL";100;84;84;NA;NA;NA;NA
"QHI";"KO";"5";2018;"QHI:KO:5";"QHI:KO:5:2018";"LIVE";"pf_all_xy";"GRASS";"Graminoid";"Alopecurus magellanicus";"CTL";100;100;59;141;222;41.8439716312057;45.045045045045
"QHI";"KO";"5";2018;"QHI:KO:5";"QHI:KO:5:2018";"LIVE";"pf_all_xy";"SDECI";"Shrub";"Salix arctica";"CTL";100;25;18;141;222;12.7659574468085;11.2612612612613
"QHI";"KO";"5";2018;"QHI:KO:5";"QHI:KO:5:2018";"LIVE";"pf_all_xy";"FORB";"Forb";"Astragalus umbellatus";"CTL";100;8;6;141;222;4.25531914893617;3.6036036036036
"QHI";"KO";"5";2018;"QHI:KO:5";"QHI:KO:5:2018";"LIVE";"pf_all_xy";"MOSSU";NA;"XXXothermoss";"CTL";100;11;11;NA;NA;NA;NA
"QHI";"KO";"5";2018;"QHI:KO:5";"QHI:KO:5:2018";"LIVE";"pf_all_xy";"FORB";"Forb";"Polygonum bistorta";"CTL";100;1;1;141;222;0.709219858156028;0.45045045045045
"QHI";"KO";"5";2018;"QHI:KO:5";"QHI:KO:5:2018";"LIVE";"pf_all_xy";"SOIL";NA;"XXXbareground";"CTL";100;16;16;NA;NA;NA;NA
"QHI";"KO";"5";2018;"QHI:KO:5";"QHI:KO:5:2018";"LIVE";"pf_all_xy";"GRASS";"Graminoid";"Festuca baffinensis";"CTL";100;2;2;141;222;1.41843971631206;0.900900900900901
"QHI";"KO";"5";2018;"QHI:KO:5";"QHI:KO:5:2018";"LIVE";"pf_all_xy";"FORB";"Forb";"Saussurea angustifolia";"CTL";100;1;1;141;222;0.709219858156028;0.45045045045045
"QHI";"KO";"5";2018;"QHI:KO:5";"QHI:KO:5:2018";"LIVE";"pf_all_xy";"GRASS";"Graminoid";"Arctagrostis latifolia";"CTL";100;1;1;141;222;0.709219858156028;0.45045045045045
"QHI";"KO";"5";2018;"QHI:KO:5";"QHI:KO:5:2018";"LIVE";"pf_all_xy";"FORB";"Forb";"Oxytropis nigrescens";"CTL";100;1;1;141;222;0.709219858156028;0.45045045045045
"QHI";"KO";"5";2018;"QHI:KO:5";"QHI:KO:5:2018";"LIVE";"pf_all_xy";"RUSH";"Graminoid";"Luzula nivalis";"CTL";100;1;1;141;222;0.709219858156028;0.45045045045045
"QHI";"KO";"5";2018;"QHI:KO:5";"QHI:KO:5:2018";"LIVE";"pf_all_xy";"LCRUS";"Lichen";"XXXcrustous";"CTL";100;1;1;NA;NA;NA;NA
"QHI";"KO";"4";2018;"QHI:KO:4";"QHI:KO:4:2018";"LIVE";"pf_all_xy";"SEVER";"Shrub";"Dryas integrifolia";"CTL";100;137;69;108;193;63.8888888888889;70.9844559585492
"QHI";"KO";"4";2018;"QHI:KO:4";"QHI:KO:4:2018";"LIVE";"pf_all_xy";"SDECI";"Shrub";"Salix arctica";"CTL";100;17;12;108;193;11.1111111111111;8.80829015544041
"QHI";"KO";"4";2018;"QHI:KO:4";"QHI:KO:4:2018";"LITTER";"pf_all_xy";"LITTER";NA;"XXXLITTER";"CTL";100;73;73;NA;NA;NA;NA
"QHI";"KO";"4";2018;"QHI:KO:4";"QHI:KO:4:2018";"LIVE";"pf_all_xy";"FORB";"Forb";"Oxytropis maydelliana";"CTL";100;2;2;108;193;1.85185185185185;1.03626943005181
"QHI";"KO";"4";2018;"QHI:KO:4";"QHI:KO:4:2018";"LIVE";"pf_all_xy";"MOSSU";NA;"XXXothermoss";"CTL";100;32;32;NA;NA;NA;NA
"QHI";"KO";"4";2018;"QHI:KO:4";"QHI:KO:4:2018";"LIVE";"pf_all_xy";"GRASS";"Graminoid";"Festuca baffinensis";"CTL";100;6;5;108;193;4.62962962962963;3.10880829015544
"QHI";"KO";"4";2018;"QHI:KO:4";"QHI:KO:4:2018";"LIVE";"pf_all_xy";"FORB";"Forb";"Pedicularis verticillata";"CTL";100;6;4;108;193;3.7037037037037;3.10880829015544
"QHI";"KO";"4";2018;"QHI:KO:4";"QHI:KO:4:2018";"LIVE";"pf_all_xy";"LFRUT";"Lichen";"Nephromopsis cucullata";"CTL";100;5;5;NA;NA;NA;NA
"QHI";"KO";"4";2018;"QHI:KO:4";"QHI:KO:4:2018";"LIVE";"pf_all_xy";"SOIL";NA;"XXXbareground";"CTL";100;8;8;NA;NA;NA;NA
"QHI";"KO";"4";2018;"QHI:KO:4";"QHI:KO:4:2018";"LIVE";"pf_all_xy";"FORB";"Forb";"Saussurea angustifolia";"CTL";100;2;1;108;193;0.925925925925926;1.03626943005181
"QHI";"KO";"4";2018;"QHI:KO:4";"QHI:KO:4:2018";"LIVE";"pf_all_xy";"LFRUT";"Lichen";"XXXpeltigera";"CTL";100;11;11;NA;NA;NA;NA
"QHI";"KO";"4";2018;"QHI:KO:4";"QHI:KO:4:2018";"LIVE";"pf_all_xy";"GRASS";"Graminoid";"Arctagrostis latifolia";"CTL";100;21;13;108;193;12.037037037037;10.880829015544
"QHI";"KO";"4";2018;"QHI:KO:4";"QHI:KO:4:2018";"LIVE";"pf_all_xy";"LFRUT";"Lichen";"Thamnolia subuliformis";"CTL";100;1;1;NA;NA;NA;NA
"QHI";"KO";"4";2018;"QHI:KO:4";"QHI:KO:4:2018";"LIVE";"pf_all_xy";"LCRUS";"Lichen";"XXXcrustous";"CTL";100;1;1;NA;NA;NA;NA
"QHI";"KO";"4";2018;"QHI:KO:4";"QHI:KO:4:2018";"LIVE";"pf_all_xy";"LFRUT";"Lichen";"Cetraria spp that is brown";"CTL";100;1;1;NA;NA;NA;NA
"QHI";"KO";"4";2018;"QHI:KO:4";"QHI:KO:4:2018";"LIVE";"pf_all_xy";"FORB";"Forb";"Astragalus umbellatus";"CTL";100;2;2;108;193;1.85185185185185;1.03626943005181
"QHI";"KO";"4";2018;"QHI:KO:4";"QHI:KO:4:2018";"LIVE";"pf_all_xy";"LFRUT";"Lichen";"Lagotis glauca";"CTL";100;1;1;NA;NA;NA;NA
"QHI";"KO";"3";2018;"QHI:KO:3";"QHI:KO:3:2018";"LIVE";"pf_all_xy";"MOSSU";NA;"XXXothermoss";"CTL";100;21;21;NA;NA;NA;NA
"QHI";"KO";"3";2018;"QHI:KO:3";"QHI:KO:3:2018";"LITTER";"pf_all_xy";"LITTER";NA;"XXXLITTER";"CTL";100;81;81;NA;NA;NA;NA
"QHI";"KO";"3";2018;"QHI:KO:3";"QHI:KO:3:2018";"LIVE";"pf_all_xy";"SDECI";"Shrub";"Salix arctica";"CTL";100;30;24;117;186;20.5128205128205;16.1290322580645
"QHI";"KO";"3";2018;"QHI:KO:3";"QHI:KO:3:2018";"LIVE";"pf_all_xy";"SEVER";"Shrub";"Dryas integrifolia";"CTL";100;85;53;117;186;45.2991452991453;45.6989247311828
"QHI";"KO";"3";2018;"QHI:KO:3";"QHI:KO:3:2018";"LIVE";"pf_all_xy";"GRASS";"Graminoid";"Arctagrostis latifolia";"CTL";100;60;31;117;186;26.4957264957265;32.258064516129
"QHI";"KO";"3";2018;"QHI:KO:3";"QHI:KO:3:2018";"LIVE";"pf_all_xy";"LFRUT";"Lichen";"XXXpeltigera";"CTL";100;4;4;NA;NA;NA;NA
"QHI";"KO";"3";2018;"QHI:KO:3";"QHI:KO:3:2018";"LIVE";"pf_all_xy";"LFRUT";"Lichen";"Lagotis glauca";"CTL";100;1;1;NA;NA;NA;NA
"QHI";"KO";"3";2018;"QHI:KO:3";"QHI:KO:3:2018";"LIVE";"pf_all_xy";"FORB";"Forb";"Lupinus arcticus";"CTL";100;4;3;117;186;2.56410256410256;2.1505376344086
"QHI";"KO";"3";2018;"QHI:KO:3";"QHI:KO:3:2018";"LIVE";"pf_all_xy";"FORB";"Forb";"Bistorta vivipara";"CTL";100;3;2;117;186;1.70940170940171;1.61290322580645
"QHI";"KO";"3";2018;"QHI:KO:3";"QHI:KO:3:2018";"LIVE";"pf_all_xy";"SOIL";NA;"XXXbareground";"CTL";100;15;15;NA;NA;NA;NA
"QHI";"KO";"3";2018;"QHI:KO:3";"QHI:KO:3:2018";"LIVE";"pf_all_xy";"FORB";"Forb";"Astragalus umbellatus";"CTL";100;2;2;117;186;1.70940170940171;1.0752688172043
"QHI";"KO";"3";2018;"QHI:KO:3";"QHI:KO:3:2018";"LIVE";"pf_all_xy";"FORB";"Forb";"Pedicularis verticillata";"CTL";100;1;1;117;186;0.854700854700855;0.537634408602151
"QHI";"KO";"3";2018;"QHI:KO:3";"QHI:KO:3:2018";"LIVE";"pf_all_xy";"LFRUT";"Lichen";"Alectoria ochroleuca";"CTL";100;1;1;NA;NA;NA;NA
"QHI";"KO";"3";2018;"QHI:KO:3";"QHI:KO:3:2018";"LIVE";"pf_all_xy";"LFRUT";"Lichen";"Nephromopsis cucullata";"CTL";100;1;1;NA;NA;NA;NA
"QHI";"KO";"3";2018;"QHI:KO:3";"QHI:KO:3:2018";"LIVE";"pf_all_xy";"FORB";"Forb";"Oxytropis maydelliana";"CTL";100;1;1;117;186;0.854700854700855;0.537634408602151
"QHI";"KO";"2";2018;"QHI:KO:2";"QHI:KO:2:2018";"LIVE";"pf_all_xy";"SOIL";NA;"XXXbareground";"CTL";100;9;9;NA;NA;NA;NA
"QHI";"KO";"2";2018;"QHI:KO:2";"QHI:KO:2:2018";"LIVE";"pf_all_xy";"FORB";"Forb";"Oxytropis maydelliana";"CTL";100;5;5;165;272;3.03030303030303;1.83823529411765
"QHI";"KO";"2";2018;"QHI:KO:2";"QHI:KO:2:2018";"LITTER";"pf_all_xy";"LITTER";NA;"XXXLITTER";"CTL";100;75;75;NA;NA;NA;NA
"QHI";"KO";"2";2018;"QHI:KO:2";"QHI:KO:2:2018";"LIVE";"pf_all_xy";"SEVER";"Shrub";"Dryas integrifolia";"CTL";100;114;63;165;272;38.1818181818182;41.9117647058823
"QHI";"KO";"2";2018;"QHI:KO:2";"QHI:KO:2:2018";"LIVE";"pf_all_xy";"GRASS";"Graminoid";"Poa arctica";"CTL";100;7;6;165;272;3.63636363636364;2.57352941176471
"QHI";"KO";"2";2018;"QHI:KO:2";"QHI:KO:2:2018";"LIVE";"pf_all_xy";"SDECI";"Shrub";"Salix arctica";"CTL";100;65;39;165;272;23.6363636363636;23.8970588235294
"QHI";"KO";"2";2018;"QHI:KO:2";"QHI:KO:2:2018";"LIVE";"pf_all_xy";"FORB";"Forb";"Tephroseris integrifolia";"CTL";100;11;10;165;272;6.06060606060606;4.04411764705882
"QHI";"KO";"2";2018;"QHI:KO:2";"QHI:KO:2:2018";"LIVE";"pf_all_xy";"GRASS";"Graminoid";"Alopecurus magellanicus";"CTL";100;57;29;165;272;17.5757575757576;20.9558823529412
"QHI";"KO";"2";2018;"QHI:KO:2";"QHI:KO:2:2018";"LIVE";"pf_all_xy";"FORB";"Forb";"Pyrola grandiflora";"CTL";100;3;3;165;272;1.81818181818182;1.10294117647059
"QHI";"KO";"2";2018;"QHI:KO:2";"QHI:KO:2:2018";"LIVE";"pf_all_xy";"SDECI";"Shrub";"Salix reticulata";"CTL";100;3;3;165;272;1.81818181818182;1.10294117647059
"QHI";"KO";"2";2018;"QHI:KO:2";"QHI:KO:2:2018";"LIVE";"pf_all_xy";"MOSSU";NA;"XXXothermoss";"CTL";100;24;24;NA;NA;NA;NA
"QHI";"KO";"2";2018;"QHI:KO:2";"QHI:KO:2:2018";"LIVE";"pf_all_xy";"FORB";"Forb";"Stellaria longipes";"CTL";100;1;1;165;272;0.606060606060606;0.367647058823529
"QHI";"KO";"2";2018;"QHI:KO:2";"QHI:KO:2:2018";"LIVE";"pf_all_xy";"LFRUT";"Lichen";"Lagotis glauca";"CTL";100;3;3;NA;NA;NA;NA
"QHI";"KO";"2";2018;"QHI:KO:2";"QHI:KO:2:2018";"LIVE";"pf_all_xy";"FORB";"Forb";"Lupinus arcticus";"CTL";100;2;2;165;272;1.21212121212121;0.735294117647059
"QHI";"KO";"2";2018;"QHI:KO:2";"QHI:KO:2:2018";"LIVE";"pf_all_xy";"LFRUT";"Lichen";"Alectoria ochroleuca";"CTL";100;1;1;NA;NA;NA;NA
"QHI";"KO";"2";2018;"QHI:KO:2";"QHI:KO:2:2018";"LIVE";"pf_all_xy";"GRAMINOIDU";"Graminoid";"XXXothergram";"CTL";100;1;1;165;272;0.606060606060606;0.367647058823529
"QHI";"KO";"2";2018;"QHI:KO:2";"QHI:KO:2:2018";"LIVE";"pf_all_xy";"FORB";"Forb";"Cardamine digitata";"CTL";100;1;1;165;272;0.606060606060606;0.367647058823529
"QHI";"KO";"2";2018;"QHI:KO:2";"QHI:KO:2:2018";"LIVE";"pf_all_xy";"FORB";"Forb";"XXXotherforb";"CTL";100;1;1;165;272;0.606060606060606;0.367647058823529
"QHI";"KO";"2";2018;"QHI:KO:2";"QHI:KO:2:2018";"LIVE";"pf_all_xy";"SEDGE";"Graminoid";"Eriophorum vaginatum";"CTL";100;1;1;165;272;0.606060606060606;0.367647058823529
"QHI";"KO";"1";2018;"QHI:KO:1";"QHI:KO:1:2018";"LIVE";"pf_all_xy";"SEVER";"Shrub";"Dryas integrifolia";"CTL";100;127;56;141;244;39.7163120567376;52.0491803278688
"QHI";"KO";"1";2018;"QHI:KO:1";"QHI:KO:1:2018";"LIVE";"pf_all_xy";"FORB";"Forb";"Lupinus arcticus";"CTL";100;39;23;141;244;16.3120567375887;15.9836065573771
"QHI";"KO";"1";2018;"QHI:KO:1";"QHI:KO:1:2018";"LITTER";"pf_all_xy";"LITTER";NA;"XXXLITTER";"CTL";100;67;67;NA;NA;NA;NA
"QHI";"KO";"1";2018;"QHI:KO:1";"QHI:KO:1:2018";"LIVE";"pf_all_xy";"FORB";"Forb";"Pedicularis verticillata";"CTL";100;1;1;141;244;0.709219858156028;0.409836065573771
"QHI";"KO";"1";2018;"QHI:KO:1";"QHI:KO:1:2018";"LIVE";"pf_all_xy";"GRASS";"Graminoid";"Poa arctica";"CTL";100;7;7;141;244;4.9645390070922;2.86885245901639
"QHI";"KO";"1";2018;"QHI:KO:1";"QHI:KO:1:2018";"LIVE";"pf_all_xy";"SDECI";"Shrub";"Salix arctica";"CTL";100;45;31;141;244;21.9858156028369;18.4426229508197
"QHI";"KO";"1";2018;"QHI:KO:1";"QHI:KO:1:2018";"LIVE";"pf_all_xy";"MOSSU";NA;"XXXothermoss";"CTL";100;23;23;NA;NA;NA;NA
"QHI";"KO";"1";2018;"QHI:KO:1";"QHI:KO:1:2018";"LIVE";"pf_all_xy";"RUSH";"Graminoid";"Luzula nivalis";"CTL";100;1;1;141;244;0.709219858156028;0.409836065573771
"QHI";"KO";"1";2018;"QHI:KO:1";"QHI:KO:1:2018";"LIVE";"pf_all_xy";"LFRUT";"Lichen";"Cetraria";"CTL";100;1;1;NA;NA;NA;NA
"QHI";"KO";"1";2018;"QHI:KO:1";"QHI:KO:1:2018";"LIVE";"pf_all_xy";"GRASS";"Graminoid";"Festuca baffinensis";"CTL";100;6;5;141;244;3.54609929078014;2.45901639344262
"QHI";"KO";"1";2018;"QHI:KO:1";"QHI:KO:1:2018";"LIVE";"pf_all_xy";"FORB";"Forb";"Tephroseris integrifolia";"CTL";100;1;1;141;244;0.709219858156028;0.409836065573771
"QHI";"KO";"1";2018;"QHI:KO:1";"QHI:KO:1:2018";"LIVE";"pf_all_xy";"FORB";"Forb";"Cardamine digitata";"CTL";100;4;4;141;244;2.83687943262411;1.63934426229508
"QHI";"KO";"1";2018;"QHI:KO:1";"QHI:KO:1:2018";"LIVE";"pf_all_xy";"FORB";"Forb";"Bistorta vivipara";"CTL";100;2;2;141;244;1.41843971631206;0.819672131147541
"QHI";"KO";"1";2018;"QHI:KO:1";"QHI:KO:1:2018";"LIVE";"pf_all_xy";"LFRUT";"Lichen";"Thamnolia subuliformis";"CTL";100;2;2;NA;NA;NA;NA
"QHI";"KO";"1";2018;"QHI:KO:1";"QHI:KO:1:2018";"LIVE";"pf_all_xy";"FORB";"Forb";"Pyrola grandiflora";"CTL";100;5;5;141;244;3.54609929078014;2.04918032786885
"QHI";"KO";"1";2018;"QHI:KO:1";"QHI:KO:1:2018";"LIVE";"pf_all_xy";"FORB";"Forb";"Oxytropis maydelliana";"CTL";100;4;3;141;244;2.12765957446809;1.63934426229508
"QHI";"KO";"1";2018;"QHI:KO:1";"QHI:KO:1:2018";"LIVE";"pf_all_xy";"SOIL";NA;"XXXbareground";"CTL";100;17;17;NA;NA;NA;NA
"QHI";"KO";"1";2018;"QHI:KO:1";"QHI:KO:1:2018";"LIVE";"pf_all_xy";"SDECI";"Shrub";"Salix reticulata";"CTL";100;2;2;141;244;1.41843971631206;0.819672131147541
"QHI";"KO";"6";2019;"QHI:KO:6";"QHI:KO:6:2019";"LIVE";"pf_all_xy";"FORB";"Forb";"Astragalus umbellatus";"CTL";100;3;3;150;280;2;1.07142857142857
"QHI";"KO";"6";2019;"QHI:KO:6";"QHI:KO:6:2019";"LIVE";"pf_all_xy";"SEVER";"Shrub";"Dryas integrifolia";"CTL";100;93;52;150;280;34.6666666666667;33.2142857142857
"QHI";"KO";"6";2019;"QHI:KO:6";"QHI:KO:6:2019";"LIVE";"pf_all_xy";"LITTER";NA;"XXXLITTER";"CTL";100;80;80;NA;NA;NA;NA
"QHI";"KO";"6";2019;"QHI:KO:6";"QHI:KO:6:2019";"LIVE";"pf_all_xy";"GRASS";"Graminoid";"Alopecurus magellanicus";"CTL";100;166;79;150;280;52.6666666666667;59.2857142857143
"QHI";"KO";"6";2019;"QHI:KO:6";"QHI:KO:6:2019";"LIVE";"pf_all_xy";"SDECI";"Shrub";"Salix arctica";"CTL";100;8;7;150;280;4.66666666666667;2.85714285714286
"QHI";"KO";"6";2019;"QHI:KO:6";"QHI:KO:6:2019";"LIVE";"pf_all_xy";"LFRUT";"Lichen";"Nephromopsis cucullata";"CTL";100;2;2;NA;NA;NA;NA
"QHI";"KO";"6";2019;"QHI:KO:6";"QHI:KO:6:2019";"LIVE";"pf_all_xy";"FORB";"Forb";"Oxytropis campestris";"CTL";100;4;4;150;280;2.66666666666667;1.42857142857143
"QHI";"KO";"6";2019;"QHI:KO:6";"QHI:KO:6:2019";"LIVE";"pf_all_xy";"MOSSU";NA;"XXXothermoss";"CTL";100;9;9;NA;NA;NA;NA
"QHI";"KO";"6";2019;"QHI:KO:6";"QHI:KO:6:2019";"LIVE";"pf_all_xy";"FORB";"Forb";"Pedicularis verticillata";"CTL";100;1;1;150;280;0.666666666666667;0.357142857142857
"QHI";"KO";"6";2019;"QHI:KO:6";"QHI:KO:6:2019";"LIVE";"pf_all_xy";"LFRUT";"Lichen";"Dactylina arctica";"CTL";100;6;6;NA;NA;NA;NA
"QHI";"KO";"6";2019;"QHI:KO:6";"QHI:KO:6:2019";"LIVE";"pf_all_xy";"LFRUT";"Lichen";"XXXpeltigera";"CTL";100;3;3;NA;NA;NA;NA
"QHI";"KO";"6";2019;"QHI:KO:6";"QHI:KO:6:2019";"LIVE";"pf_all_xy";"LFRUT";"Lichen";"Cetraria islandica";"CTL";100;1;1;NA;NA;NA;NA
"QHI";"KO";"6";2019;"QHI:KO:6";"QHI:KO:6:2019";"LIVE";"pf_all_xy";"RUSH";"Graminoid";"Luzula nivalis";"CTL";100;4;3;150;280;2;1.42857142857143
"QHI";"KO";"6";2019;"QHI:KO:6";"QHI:KO:6:2019";"LIVE";"pf_all_xy";"LFRUT";"Lichen";"Cladonia mitis";"CTL";100;1;1;NA;NA;NA;NA
"QHI";"KO";"6";2019;"QHI:KO:6";"QHI:KO:6:2019";"LIVE";"pf_all_xy";"SOIL";NA;"XXXbareground";"CTL";100;8;8;NA;NA;NA;NA
"QHI";"KO";"6";2019;"QHI:KO:6";"QHI:KO:6:2019";"LIVE";"pf_all_xy";"LCRUS";"Lichen";"XXXcrustous";"CTL";100;4;4;NA;NA;NA;NA
"QHI";"KO";"6";2019;"QHI:KO:6";"QHI:KO:6:2019";"LIVE";"pf_all_xy";"LFRUT";"Lichen";"XXXcladonia";"CTL";100;1;1;NA;NA;NA;NA
"QHI";"KO";"6";2019;"QHI:KO:6";"QHI:KO:6:2019";"LIVE";"pf_all_xy";"FORB";"Forb";"Polygonum bistorta";"CTL";100;1;1;150;280;0.666666666666667;0.357142857142857
"QHI";"KO";"5";2019;"QHI:KO:5";"QHI:KO:5:2019";"LIVE";"pf_all_xy";"SEVER";"Shrub";"Dryas integrifolia";"CTL";100;101;54;171;350;31.5789473684211;28.8571428571429
"QHI";"KO";"5";2019;"QHI:KO:5";"QHI:KO:5:2019";"LIVE";"pf_all_xy";"FORB";"Forb";"Oxytropis campestris";"CTL";100;2;1;171;350;0.584795321637427;0.571428571428571
"QHI";"KO";"5";2019;"QHI:KO:5";"QHI:KO:5:2019";"LIVE";"pf_all_xy";"GRASS";"Graminoid";"Alopecurus magellanicus";"CTL";100;218;89;171;350;52.046783625731;62.2857142857143
"QHI";"KO";"5";2019;"QHI:KO:5";"QHI:KO:5:2019";"LIVE";"pf_all_xy";"LITTER";NA;"XXXLITTER";"CTL";100;86;86;NA;NA;NA;NA
"QHI";"KO";"5";2019;"QHI:KO:5";"QHI:KO:5:2019";"LIVE";"pf_all_xy";"FORB";"Forb";"Astragalus umbellatus";"CTL";100;5;5;171;350;2.92397660818713;1.42857142857143
"QHI";"KO";"5";2019;"QHI:KO:5";"QHI:KO:5:2019";"LIVE";"pf_all_xy";"SDECI";"Shrub";"Salix arctica";"CTL";100;20;18;171;350;10.5263157894737;5.71428571428571
"QHI";"KO";"5";2019;"QHI:KO:5";"QHI:KO:5:2019";"LIVE";"pf_all_xy";"FORB";"Forb";"Saussurea angustifolia";"CTL";100;1;1;171;350;0.584795321637427;0.285714285714286
"QHI";"KO";"5";2019;"QHI:KO:5";"QHI:KO:5:2019";"LIVE";"pf_all_xy";"MOSSU";NA;"XXXothermoss";"CTL";100;11;11;NA;NA;NA;NA
"QHI";"KO";"5";2019;"QHI:KO:5";"QHI:KO:5:2019";"LIVE";"pf_all_xy";"FORB";"Forb";"Pedicularis verticillata";"CTL";100;1;1;171;350;0.584795321637427;0.285714285714286
"QHI";"KO";"5";2019;"QHI:KO:5";"QHI:KO:5:2019";"LIVE";"pf_all_xy";"SOIL";NA;"XXXbareground";"CTL";100;6;6;NA;NA;NA;NA
"QHI";"KO";"5";2019;"QHI:KO:5";"QHI:KO:5:2019";"LIVE";"pf_all_xy";"FORB";"Forb";"Cardamine digitata";"CTL";100;1;1;171;350;0.584795321637427;0.285714285714286
"QHI";"KO";"5";2019;"QHI:KO:5";"QHI:KO:5:2019";"LIVE";"pf_all_xy";"FORB";"Forb";"Oxytropis nigrescens";"CTL";100;1;1;171;350;0.584795321637427;0.285714285714286
"QHI";"KO";"4";2019;"QHI:KO:4";"QHI:KO:4:2019";"LIVE";"pf_all_xy";"FORB";"Forb";"Oxytropis campestris";"CTL";100;4;4;160;296;2.5;1.35135135135135
"QHI";"KO";"4";2019;"QHI:KO:4";"QHI:KO:4:2019";"LIVE";"pf_all_xy";"SDECI";"Shrub";"Salix arctica";"CTL";100;17;13;160;296;8.125;5.74324324324324
"QHI";"KO";"4";2019;"QHI:KO:4";"QHI:KO:4:2019";"LIVE";"pf_all_xy";"LITTER";NA;"XXXLITTER";"CTL";100;67;67;NA;NA;NA;NA
"QHI";"KO";"4";2019;"QHI:KO:4";"QHI:KO:4:2019";"LIVE";"pf_all_xy";"GRASS";"Graminoid";"Arctagrostis latifolia";"CTL";100;95;51;160;296;31.875;32.0945945945946
"QHI";"KO";"4";2019;"QHI:KO:4";"QHI:KO:4:2019";"LIVE";"pf_all_xy";"SEVER";"Shrub";"Dryas integrifolia";"CTL";100;163;75;160;296;46.875;55.0675675675676
"QHI";"KO";"4";2019;"QHI:KO:4";"QHI:KO:4:2019";"LIVE";"pf_all_xy";"GRASS";"Graminoid";"Festuca baffinensis";"CTL";100;3;3;160;296;1.875;1.01351351351351
"QHI";"KO";"4";2019;"QHI:KO:4";"QHI:KO:4:2019";"LIVE";"pf_all_xy";"LFRUT";"Lichen";"Nephromopsis cucullata";"CTL";100;8;8;NA;NA;NA;NA
"QHI";"KO";"4";2019;"QHI:KO:4";"QHI:KO:4:2019";"LIVE";"pf_all_xy";"MOSSU";NA;"XXXothermoss";"CTL";100;24;24;NA;NA;NA;NA
"QHI";"KO";"4";2019;"QHI:KO:4";"QHI:KO:4:2019";"LIVE";"pf_all_xy";"FORB";"Forb";"Cardamine digitata";"CTL";100;3;3;160;296;1.875;1.01351351351351
"QHI";"KO";"4";2019;"QHI:KO:4";"QHI:KO:4:2019";"LIVE";"pf_all_xy";"FORB";"Forb";"Pedicularis verticillata";"CTL";100;4;4;160;296;2.5;1.35135135135135
"QHI";"KO";"4";2019;"QHI:KO:4";"QHI:KO:4:2019";"LIVE";"pf_all_xy";"FORB";"Forb";"Polygonum bistorta";"CTL";100;1;1;160;296;0.625;0.337837837837838
"QHI";"KO";"4";2019;"QHI:KO:4";"QHI:KO:4:2019";"LIVE";"pf_all_xy";"LFRUT";"Lichen";"XXXpeltigera";"CTL";100;7;7;NA;NA;NA;NA
"QHI";"KO";"4";2019;"QHI:KO:4";"QHI:KO:4:2019";"LIVE";"pf_all_xy";"FORB";"Forb";"Tephroseris integrifolia";"CTL";100;2;2;160;296;1.25;0.675675675675676
"QHI";"KO";"4";2019;"QHI:KO:4";"QHI:KO:4:2019";"LIVE";"pf_all_xy";"SOIL";NA;"XXXbareground";"CTL";100;6;6;NA;NA;NA;NA
"QHI";"KO";"4";2019;"QHI:KO:4";"QHI:KO:4:2019";"LIVE";"pf_all_xy";"FORB";"Forb";"Parrya nudicaulis";"CTL";100;2;2;160;296;1.25;0.675675675675676
"QHI";"KO";"4";2019;"QHI:KO:4";"QHI:KO:4:2019";"LIVE";"pf_all_xy";"FORB";"Forb";"Astragalus umbellatus";"CTL";100;1;1;160;296;0.625;0.337837837837838
"QHI";"KO";"4";2019;"QHI:KO:4";"QHI:KO:4:2019";"LIVE";"pf_all_xy";"FORB";"Forb";"XXXunkOxytropis";"CTL";100;1;1;160;296;0.625;0.337837837837838
"QHI";"KO";"3";2019;"QHI:KO:3";"QHI:KO:3:2019";"LIVE";"pf_all_xy";"GRASS";"Graminoid";"Arctagrostis latifolia";"CTL";100;131;65;165;331;39.3939393939394;39.5770392749245
"QHI";"KO";"3";2019;"QHI:KO:3";"QHI:KO:3:2019";"LIVE";"pf_all_xy";"MOSSU";NA;"XXXothermoss";"CTL";100;14;14;NA;NA;NA;NA
"QHI";"KO";"3";2019;"QHI:KO:3";"QHI:KO:3:2019";"LIVE";"pf_all_xy";"LITTER";NA;"XXXLITTER";"CTL";100;78;78;NA;NA;NA;NA
"QHI";"KO";"3";2019;"QHI:KO:3";"QHI:KO:3:2019";"LIVE";"pf_all_xy";"SDECI";"Shrub";"Salix arctica";"CTL";100;28;20;165;331;12.1212121212121;8.45921450151058
"QHI";"KO";"3";2019;"QHI:KO:3";"QHI:KO:3:2019";"LIVE";"pf_all_xy";"SEVER";"Shrub";"Dryas integrifolia";"CTL";100;151;65;165;331;39.3939393939394;45.619335347432
"QHI";"KO";"3";2019;"QHI:KO:3";"QHI:KO:3:2019";"LIVE";"pf_all_xy";"FORB";"Forb";"Cardamine digitata";"CTL";100;3;3;165;331;1.81818181818182;0.906344410876133
"QHI";"KO";"3";2019;"QHI:KO:3";"QHI:KO:3:2019";"LIVE";"pf_all_xy";"LFRUT";"Lichen";"XXXpeltigera";"CTL";100;1;1;NA;NA;NA;NA
"QHI";"KO";"3";2019;"QHI:KO:3";"QHI:KO:3:2019";"LIVE";"pf_all_xy";"FORB";"Forb";"Lupinus arcticus";"CTL";100;3;3;165;331;1.81818181818182;0.906344410876133
"QHI";"KO";"3";2019;"QHI:KO:3";"QHI:KO:3:2019";"LIVE";"pf_all_xy";"SOIL";NA;"XXXbareground";"CTL";100;13;13;NA;NA;NA;NA
"QHI";"KO";"3";2019;"QHI:KO:3";"QHI:KO:3:2019";"LIVE";"pf_all_xy";"GRASS";"Graminoid";"Poa arctica";"CTL";100;4;1;165;331;0.606060606060606;1.20845921450151
"QHI";"KO";"3";2019;"QHI:KO:3";"QHI:KO:3:2019";"LIVE";"pf_all_xy";"LFRUT";"Lichen";"Alectoria ochroleuca";"CTL";100;1;1;NA;NA;NA;NA
"QHI";"KO";"3";2019;"QHI:KO:3";"QHI:KO:3:2019";"LIVE";"pf_all_xy";"GRAMINOIDU";"Graminoid";"XXXunkgram";"CTL";100;4;3;165;331;1.81818181818182;1.20845921450151
"QHI";"KO";"3";2019;"QHI:KO:3";"QHI:KO:3:2019";"LIVE";"pf_all_xy";"FORB";"Forb";"Stellaria longipes";"CTL";100;2;1;165;331;0.606060606060606;0.604229607250755
"QHI";"KO";"3";2019;"QHI:KO:3";"QHI:KO:3:2019";"LIVE";"pf_all_xy";"FORB";"Forb";"Oxytropis maydelliana";"CTL";100;1;1;165;331;0.606060606060606;0.302114803625378
"QHI";"KO";"3";2019;"QHI:KO:3";"QHI:KO:3:2019";"LIVE";"pf_all_xy";"RUSH";"Graminoid";"Luzula nivalis";"CTL";100;2;2;165;331;1.21212121212121;0.604229607250755
"QHI";"KO";"3";2019;"QHI:KO:3";"QHI:KO:3:2019";"LIVE";"pf_all_xy";"FORB";"Forb";"Astragalus umbellatus";"CTL";100;2;1;165;331;0.606060606060606;0.604229607250755
"QHI";"KO";"2";2019;"QHI:KO:2";"QHI:KO:2:2019";"LIVE";"pf_all_xy";"GRASS";"Graminoid";"Alopecurus magellanicus";"CTL";100;89;46;172;275;26.7441860465116;32.3636363636364
"QHI";"KO";"2";2019;"QHI:KO:2";"QHI:KO:2:2019";"LIVE";"pf_all_xy";"SOIL";NA;"XXXbareground";"CTL";100;10;10;NA;NA;NA;NA
"QHI";"KO";"2";2019;"QHI:KO:2";"QHI:KO:2:2019";"LIVE";"pf_all_xy";"LITTER";NA;"XXXLITTER";"CTL";100;73;73;NA;NA;NA;NA
"QHI";"KO";"2";2019;"QHI:KO:2";"QHI:KO:2:2019";"LIVE";"pf_all_xy";"FORB";"Forb";"Oxytropis maydelliana";"CTL";100;11;6;172;275;3.48837209302326;4
"QHI";"KO";"2";2019;"QHI:KO:2";"QHI:KO:2:2019";"LIVE";"pf_all_xy";"SEVER";"Shrub";"Dryas integrifolia";"CTL";100;85;50;172;275;29.0697674418605;30.9090909090909
"QHI";"KO";"2";2019;"QHI:KO:2";"QHI:KO:2:2019";"LIVE";"pf_all_xy";"SDECI";"Shrub";"Salix arctica";"CTL";100;49;39;172;275;22.6744186046512;17.8181818181818
"QHI";"KO";"2";2019;"QHI:KO:2";"QHI:KO:2:2019";"LIVE";"pf_all_xy";"MOSSU";NA;"XXXothermoss";"CTL";100;19;19;NA;NA;NA;NA
"QHI";"KO";"2";2019;"QHI:KO:2";"QHI:KO:2:2019";"LIVE";"pf_all_xy";"GRASS";"Graminoid";"Festuca baffinensis";"CTL";100;18;10;172;275;5.81395348837209;6.54545454545455
"QHI";"KO";"2";2019;"QHI:KO:2";"QHI:KO:2:2019";"LIVE";"pf_all_xy";"FORB";"Forb";"Tephroseris integrifolia";"CTL";100;14;12;172;275;6.97674418604651;5.09090909090909
"QHI";"KO";"2";2019;"QHI:KO:2";"QHI:KO:2:2019";"LIVE";"pf_all_xy";"FORB";"Forb";"Cardamine digitata";"CTL";100;2;2;172;275;1.16279069767442;0.727272727272727
"QHI";"KO";"2";2019;"QHI:KO:2";"QHI:KO:2:2019";"LIVE";"pf_all_xy";"GRASS";"Graminoid";"Poa arctica";"CTL";100;2;2;172;275;1.16279069767442;0.727272727272727
"QHI";"KO";"2";2019;"QHI:KO:2";"QHI:KO:2:2019";"LIVE";"pf_all_xy";"FORB";"Forb";"Stellaria longipes";"CTL";100;1;1;172;275;0.581395348837209;0.363636363636364
"QHI";"KO";"2";2019;"QHI:KO:2";"QHI:KO:2:2019";"LIVE";"pf_all_xy";"LFRUT";"Lichen";"Lagotis glauca";"CTL";100;4;3;NA;NA;NA;NA
"QHI";"KO";"2";2019;"QHI:KO:2";"QHI:KO:2:2019";"LIVE";"pf_all_xy";"SDECI";"Shrub";"Salix reticulata";"CTL";100;2;2;172;275;1.16279069767442;0.727272727272727
"QHI";"KO";"2";2019;"QHI:KO:2";"QHI:KO:2:2019";"LIVE";"pf_all_xy";"LFRUT";"Lichen";"Nephromopsis cucullata";"CTL";100;2;2;NA;NA;NA;NA
"QHI";"KO";"2";2019;"QHI:KO:2";"QHI:KO:2:2019";"LIVE";"pf_all_xy";"LFRUT";"Lichen";"Alectoria ochroleuca";"CTL";100;2;2;NA;NA;NA;NA
"QHI";"KO";"2";2019;"QHI:KO:2";"QHI:KO:2:2019";"LIVE";"pf_all_xy";"LFRUT";"Lichen";"Thamnolia subuliformis";"CTL";100;1;1;NA;NA;NA;NA
"QHI";"KO";"2";2019;"QHI:KO:2";"QHI:KO:2:2019";"LIVE";"pf_all_xy";"FORB";"Forb";"Polygonum bistorta";"CTL";100;2;2;172;275;1.16279069767442;0.727272727272727
"QHI";"KO";"1";2019;"QHI:KO:1";"QHI:KO:1:2019";"LIVE";"pf_all_xy";"SDECI";"Shrub";"Salix arctica";"CTL";100;53;36;167;280;21.5568862275449;18.9285714285714
"QHI";"KO";"1";2019;"QHI:KO:1";"QHI:KO:1:2019";"LIVE";"pf_all_xy";"LITTER";NA;"XXXLITTER";"CTL";100;74;74;NA;NA;NA;NA
"QHI";"KO";"1";2019;"QHI:KO:1";"QHI:KO:1:2019";"LIVE";"pf_all_xy";"GRASS";"Graminoid";"Poa arctica";"CTL";100;41;23;167;280;13.7724550898204;14.6428571428571
"QHI";"KO";"1";2019;"QHI:KO:1";"QHI:KO:1:2019";"LIVE";"pf_all_xy";"FORB";"Forb";"Polygonum bistorta";"CTL";100;1;1;167;280;0.598802395209581;0.357142857142857
"QHI";"KO";"1";2019;"QHI:KO:1";"QHI:KO:1:2019";"LIVE";"pf_all_xy";"FORB";"Forb";"Lupinus arcticus";"CTL";100;58;34;167;280;20.3592814371257;20.7142857142857
"QHI";"KO";"1";2019;"QHI:KO:1";"QHI:KO:1:2019";"LIVE";"pf_all_xy";"SEVER";"Shrub";"Dryas integrifolia";"CTL";100;107;55;167;280;32.934131736527;38.2142857142857
"QHI";"KO";"1";2019;"QHI:KO:1";"QHI:KO:1:2019";"LIVE";"pf_all_xy";"RUSH";"Graminoid";"Luzula nivalis";"CTL";100;4;4;167;280;2.39520958083832;1.42857142857143
"QHI";"KO";"1";2019;"QHI:KO:1";"QHI:KO:1:2019";"LIVE";"pf_all_xy";"MOSSU";NA;"XXXothermoss";"CTL";100;25;25;NA;NA;NA;NA
"QHI";"KO";"1";2019;"QHI:KO:1";"QHI:KO:1:2019";"LIVE";"pf_all_xy";"GRASS";"Graminoid";"Arctagrostis latifolia";"CTL";100;4;2;167;280;1.19760479041916;1.42857142857143
"QHI";"KO";"1";2019;"QHI:KO:1";"QHI:KO:1:2019";"LIVE";"pf_all_xy";"FORB";"Forb";"Tephroseris integrifolia";"CTL";100;4;4;167;280;2.39520958083832;1.42857142857143
"QHI";"KO";"1";2019;"QHI:KO:1";"QHI:KO:1:2019";"LIVE";"pf_all_xy";"FORB";"Forb";"Cardamine digitata";"CTL";100;2;2;167;280;1.19760479041916;0.714285714285714
"QHI";"KO";"1";2019;"QHI:KO:1";"QHI:KO:1:2019";"LIVE";"pf_all_xy";"FORB";"Forb";"Astragalus umbellatus";"CTL";100;1;1;167;280;0.598802395209581;0.357142857142857
"QHI";"KO";"1";2019;"QHI:KO:1";"QHI:KO:1:2019";"LIVE";"pf_all_xy";"LFRUT";"Lichen";"Nephromopsis cucullata";"CTL";100;1;1;NA;NA;NA;NA
"QHI";"KO";"1";2019;"QHI:KO:1";"QHI:KO:1:2019";"LIVE";"pf_all_xy";"LFRUT";"Lichen";"Cetraria islandica";"CTL";100;1;1;NA;NA;NA;NA
"QHI";"KO";"1";2019;"QHI:KO:1";"QHI:KO:1:2019";"LIVE";"pf_all_xy";"FORB";"Forb";"Pedicularis verticillata";"CTL";100;2;2;167;280;1.19760479041916;0.714285714285714
"QHI";"KO";"1";2019;"QHI:KO:1";"QHI:KO:1:2019";"LIVE";"pf_all_xy";"FORB";"Forb";"Oxytropis maydelliana";"CTL";100;2;2;167;280;1.19760479041916;0.714285714285714
"QHI";"KO";"1";2019;"QHI:KO:1";"QHI:KO:1:2019";"LIVE";"pf_all_xy";"SOIL";NA;"XXXbareground";"CTL";100;15;15;NA;NA;NA;NA
"QHI";"KO";"1";2019;"QHI:KO:1";"QHI:KO:1:2019";"LIVE";"pf_all_xy";"SDECI";"Shrub";"Salix reticulata";"CTL";100;1;1;167;280;0.598802395209581;0.357142857142857
"QHI";"KO";"1";2022;"QHI:KO:1";"QHI:KO:1:2022";"LIVE";"pf_all_xy";"GRASS";"Graminoid";"Festuca baffinensis";"CTL";100;12;8;162;273;4.93827160493827;4.3956043956044
"QHI";"KO";"1";2022;"QHI:KO:1";"QHI:KO:1:2022";"LITTER";"pf_all_xy";"LITTER";NA;"XXXLITTER";"CTL";100;82;82;NA;NA;NA;NA
"QHI";"KO";"1";2022;"QHI:KO:1";"QHI:KO:1:2022";"LIVE";"pf_all_xy";"SDECI";"Shrub";"Salix arctica";"CTL";100;56;38;162;273;23.4567901234568;20.5128205128205
"QHI";"KO";"1";2022;"QHI:KO:1";"QHI:KO:1:2022";"LIVE";"pf_all_xy";"SEVER";"Shrub";"Dryas integrifolia";"CTL";100;125;62;162;273;38.2716049382716;45.7875457875458
"QHI";"KO";"1";2022;"QHI:KO:1";"QHI:KO:1:2022";"LIVE";"pf_all_xy";"FORB";"Forb";"Lupinus arcticus";"CTL";100;52;32;162;273;19.7530864197531;19.047619047619
"QHI";"KO";"1";2022;"QHI:KO:1";"QHI:KO:1:2022";"LIVE";"pf_all_xy";"GRAMINOIDU";"Graminoid";"XXXothergram";"CTL";100;13;10;162;273;6.17283950617284;4.76190476190476
"QHI";"KO";"1";2022;"QHI:KO:1";"QHI:KO:1:2022";"LIVE";"pf_all_xy";"MOSSU";NA;"XXXothermoss";"CTL";100;11;11;NA;NA;NA;NA
"QHI";"KO";"1";2022;"QHI:KO:1";"QHI:KO:1:2022";"LIVE";"pf_all_xy";"FORB";"Forb";"Pedicularis verticillata";"CTL";100;3;2;162;273;1.23456790123457;1.0989010989011
"QHI";"KO";"1";2022;"QHI:KO:1";"QHI:KO:1:2022";"LIVE";"pf_all_xy";"FORB";"Forb";"Cardamine digitata";"CTL";100;2;2;162;273;1.23456790123457;0.732600732600733
"QHI";"KO";"1";2022;"QHI:KO:1";"QHI:KO:1:2022";"LIVE";"pf_all_xy";"DUNG";NA;"XXXDUNG";"CTL";100;3;3;NA;NA;NA;NA
"QHI";"KO";"1";2022;"QHI:KO:1";"QHI:KO:1:2022";"LIVE";"pf_all_xy";"FORB";"Forb";"Saussurea angustifolia";"CTL";100;2;2;162;273;1.23456790123457;0.732600732600733
"QHI";"KO";"1";2022;"QHI:KO:1";"QHI:KO:1:2022";"LIVE";"pf_all_xy";"FORB";"Forb";"Pyrola grandiflora";"CTL";100;1;1;162;273;0.617283950617284;0.366300366300366
"QHI";"KO";"1";2022;"QHI:KO:1";"QHI:KO:1:2022";"LIVE";"pf_all_xy";"SDECI";"Shrub";"Salix reticulata";"CTL";100;3;2;162;273;1.23456790123457;1.0989010989011
"QHI";"KO";"1";2022;"QHI:KO:1";"QHI:KO:1:2022";"LIVE";"pf_all_xy";"SOIL";NA;"XXXbareground";"CTL";100;11;11;NA;NA;NA;NA
"QHI";"KO";"1";2022;"QHI:KO:1";"QHI:KO:1:2022";"LIVE";"pf_all_xy";"FORB";"Forb";"Astragalus umbellatus";"CTL";100;2;2;162;273;1.23456790123457;0.732600732600733
"QHI";"KO";"1";2022;"QHI:KO:1";"QHI:KO:1:2022";"LIVE";"pf_all_xy";"GRASS";"Graminoid";"Arctagrostis latifolia";"CTL";100;2;1;162;273;0.617283950617284;0.732600732600733
"QHI";"KO";"2";2022;"QHI:KO:2";"QHI:KO:2:2022";"LITTER";"pf_all_xy";"LITTER";NA;"XXXLITTER";"CTL";100;97;97;NA;NA;NA;NA
"QHI";"KO";"2";2022;"QHI:KO:2";"QHI:KO:2:2022";"LIVE";"pf_all_xy";"GRASS";"Graminoid";"Alopecurus magellanicus";"CTL";100;235;87;185;386;47.027027027027;60.880829015544
"QHI";"KO";"2";2022;"QHI:KO:2";"QHI:KO:2:2022";"LIVE";"pf_all_xy";"SEVER";"Shrub";"Dryas integrifolia";"CTL";100;92;55;185;386;29.7297297297297;23.8341968911917
"QHI";"KO";"2";2022;"QHI:KO:2";"QHI:KO:2:2022";"LIVE";"pf_all_xy";"FORB";"Forb";"Oxytropis maydelliana";"CTL";100;3;3;185;386;1.62162162162162;0.77720207253886
"QHI";"KO";"2";2022;"QHI:KO:2";"QHI:KO:2:2022";"LIVE";"pf_all_xy";"SDECI";"Shrub";"Salix arctica";"CTL";100;52;36;185;386;19.4594594594595;13.4715025906736
"QHI";"KO";"2";2022;"QHI:KO:2";"QHI:KO:2:2022";"LIVE";"pf_all_xy";"MOSSU";NA;"XXXothermoss";"CTL";100;3;3;NA;NA;NA;NA
"QHI";"KO";"2";2022;"QHI:KO:2";"QHI:KO:2:2022";"LIVE";"pf_all_xy";"FORB";"Forb";"Bistorta vivipara";"CTL";100;1;1;185;386;0.540540540540541;0.259067357512953
"QHI";"KO";"2";2022;"QHI:KO:2";"QHI:KO:2:2022";"LIVE";"pf_all_xy";"SDECI";"Shrub";"Salix reticulata";"CTL";100;3;3;185;386;1.62162162162162;0.77720207253886
"QHI";"KO";"2";2022;"QHI:KO:2";"QHI:KO:2:2022";"LIVE";"pf_all_xy";"LFRUT";"Lichen";NA;"CTL";100;1;1;NA;NA;NA;NA
"QHI";"KO";"2";2022;"QHI:KO:2";"QHI:KO:2:2022";"LIVE";"pf_all_xy";"LFRUT";"Lichen";"Cladonia mitis";"CTL";100;1;1;NA;NA;NA;NA
"QHI";"KO";"2";2022;"QHI:KO:2";"QHI:KO:2:2022";"LIVE";"pf_all_xy";"LFRUT";"Lichen";"Lagotis glauca";"CTL";100;1;1;NA;NA;NA;NA
"QHI";"KO";"3";2022;"QHI:KO:3";"QHI:KO:3:2022";"LIVE";"pf_all_xy";"SEVER";"Shrub";"Dryas integrifolia";"CTL";100;127;67;130;219;51.5384615384615;57.9908675799087
"QHI";"KO";"3";2022;"QHI:KO:3";"QHI:KO:3:2022";"LITTER";"pf_all_xy";"LITTER";NA;"XXXLITTER";"CTL";100;85;85;NA;NA;NA;NA
"QHI";"KO";"3";2022;"QHI:KO:3";"QHI:KO:3:2022";"LIVE";"pf_all_xy";"SDECI";"Shrub";"Salix arctica";"CTL";100;49;34;130;219;26.1538461538462;22.3744292237443
"QHI";"KO";"3";2022;"QHI:KO:3";"QHI:KO:3:2022";"LIVE";"pf_all_xy";"MOSSU";NA;"XXXothermoss";"CTL";100;9;9;NA;NA;NA;NA
"QHI";"KO";"3";2022;"QHI:KO:3";"QHI:KO:3:2022";"LIVE";"pf_all_xy";"GRASS";"Graminoid";"Arctagrostis latifolia";"CTL";100;34;23;130;219;17.6923076923077;15.5251141552511
"QHI";"KO";"3";2022;"QHI:KO:3";"QHI:KO:3:2022";"LIVE";"pf_all_xy";"GRAMINOIDU";"Graminoid";"XXXothergram";"CTL";100;2;2;130;219;1.53846153846154;0.91324200913242
"QHI";"KO";"3";2022;"QHI:KO:3";"QHI:KO:3:2022";"LIVE";"pf_all_xy";"LFRUT";"Lichen";"XXXpeltigera";"CTL";100;2;2;NA;NA;NA;NA
"QHI";"KO";"3";2022;"QHI:KO:3";"QHI:KO:3:2022";"LIVE";"pf_all_xy";"FORB";"Forb";"Astragalus umbellatus";"CTL";100;6;3;130;219;2.30769230769231;2.73972602739726
"QHI";"KO";"3";2022;"QHI:KO:3";"QHI:KO:3:2022";"LIVE";"pf_all_xy";"FORB";"Forb";"Lupinus arcticus";"CTL";100;1;1;130;219;0.769230769230769;0.45662100456621
"QHI";"KO";"3";2022;"QHI:KO:3";"QHI:KO:3:2022";"LIVE";"pf_all_xy";"SOIL";NA;"XXXbareground";"CTL";100;3;3;NA;NA;NA;NA
"QHI";"KO";"4";2022;"QHI:KO:4";"QHI:KO:4:2022";"LIVE";"pf_all_xy";"SDECI";"Shrub";"Salix arctica";"CTL";100;26;17;109;185;15.5963302752294;14.0540540540541
"QHI";"KO";"4";2022;"QHI:KO:4";"QHI:KO:4:2022";"LIVE";"pf_all_xy";"FORB";"Forb";"Oxytropis maydelliana";"CTL";100;3;1;109;185;0.917431192660551;1.62162162162162
"QHI";"KO";"4";2022;"QHI:KO:4";"QHI:KO:4:2022";"LITTER";"pf_all_xy";"LITTER";NA;"XXXLITTER";"CTL";100;81;81;NA;NA;NA;NA
"QHI";"KO";"4";2022;"QHI:KO:4";"QHI:KO:4:2022";"LIVE";"pf_all_xy";"SEVER";"Shrub";"Dryas integrifolia";"CTL";100;122;68;109;185;62.3853211009174;65.945945945946
"QHI";"KO";"4";2022;"QHI:KO:4";"QHI:KO:4:2022";"LIVE";"pf_all_xy";"MOSSU";NA;"XXXothermoss";"CTL";100;21;21;NA;NA;NA;NA
"QHI";"KO";"4";2022;"QHI:KO:4";"QHI:KO:4:2022";"LIVE";"pf_all_xy";"LFRUT";"Lichen";"Nephromopsis cucullata";"CTL";100;9;7;NA;NA;NA;NA
"QHI";"KO";"4";2022;"QHI:KO:4";"QHI:KO:4:2022";"LIVE";"pf_all_xy";"GRASS";"Graminoid";"Arctagrostis latifolia";"CTL";100;23;17;109;185;15.5963302752294;12.4324324324324
"QHI";"KO";"4";2022;"QHI:KO:4";"QHI:KO:4:2022";"LIVE";"pf_all_xy";"LICHENU";"Lichen";"XXXotherlichen";"CTL";100;1;1;NA;NA;NA;NA
"QHI";"KO";"4";2022;"QHI:KO:4";"QHI:KO:4:2022";"LIVE";"pf_all_xy";"LFRUT";"Lichen";"Thamnolia subuliformis";"CTL";100;1;1;NA;NA;NA;NA
"QHI";"KO";"4";2022;"QHI:KO:4";"QHI:KO:4:2022";"LIVE";"pf_all_xy";"FORB";"Forb";"Astragalus umbellatus";"CTL";100;7;3;109;185;2.75229357798165;3.78378378378378
"QHI";"KO";"4";2022;"QHI:KO:4";"QHI:KO:4:2022";"LIVE";"pf_all_xy";"GRAMINOIDU";"Graminoid";"XXXothergram";"CTL";100;2;1;109;185;0.917431192660551;1.08108108108108
"QHI";"KO";"4";2022;"QHI:KO:4";"QHI:KO:4:2022";"LIVE";"pf_all_xy";"LFRUT";"Lichen";"XXXpeltigera";"CTL";100;6;6;NA;NA;NA;NA
"QHI";"KO";"4";2022;"QHI:KO:4";"QHI:KO:4:2022";"LIVE";"pf_all_xy";"SOIL";NA;"XXXbareground";"CTL";100;3;3;NA;NA;NA;NA
"QHI";"KO";"4";2022;"QHI:KO:4";"QHI:KO:4:2022";"LIVE";"pf_all_xy";"GRASS";"Graminoid";"Festuca baffinensis";"CTL";100;1;1;109;185;0.917431192660551;0.540540540540541
"QHI";"KO";"4";2022;"QHI:KO:4";"QHI:KO:4:2022";"LIVE";"pf_all_xy";"LFRUT";"Lichen";"Cladonia mitis";"CTL";100;1;1;NA;NA;NA;NA
"QHI";"KO";"4";2022;"QHI:KO:4";"QHI:KO:4:2022";"LIVE";"pf_all_xy";"FORB";"Forb";"Polygonum bistorta";"CTL";100;1;1;109;185;0.917431192660551;0.540540540540541
"QHI";"KO";"5";2022;"QHI:KO:5";"QHI:KO:5:2022";"LIVE";"pf_all_xy";"FORB";"Forb";"Oxytropis maydelliana";"CTL";100;2;1;136;218;0.735294117647059;0.917431192660551
"QHI";"KO";"5";2022;"QHI:KO:5";"QHI:KO:5:2022";"LITTER";"pf_all_xy";"LITTER";NA;"XXXLITTER";"CTL";100;95;95;NA;NA;NA;NA
"QHI";"KO";"5";2022;"QHI:KO:5";"QHI:KO:5:2022";"LIVE";"pf_all_xy";"SEVER";"Shrub";"Dryas integrifolia";"CTL";100;105;59;136;218;43.3823529411765;48.1651376146789
"QHI";"KO";"5";2022;"QHI:KO:5";"QHI:KO:5:2022";"LIVE";"pf_all_xy";"GRASS";"Graminoid";"Alopecurus magellanicus";"CTL";100;69;46;136;218;33.8235294117647;31.651376146789
"QHI";"KO";"5";2022;"QHI:KO:5";"QHI:KO:5:2022";"LIVE";"pf_all_xy";"FORB";"Forb";"Astragalus umbellatus";"CTL";100;7;5;136;218;3.67647058823529;3.21100917431193
"QHI";"KO";"5";2022;"QHI:KO:5";"QHI:KO:5:2022";"LIVE";"pf_all_xy";"SDECI";"Shrub";"Salix arctica";"CTL";100;34;24;136;218;17.6470588235294;15.5963302752294
"QHI";"KO";"5";2022;"QHI:KO:5";"QHI:KO:5:2022";"LIVE";"pf_all_xy";"LFRUT";"Lichen";"XXXpeltigera";"CTL";100;1;1;NA;NA;NA;NA
"QHI";"KO";"5";2022;"QHI:KO:5";"QHI:KO:5:2022";"LIVE";"pf_all_xy";"SDECI";"Shrub";"Salix reticulata";"CTL";100;1;1;136;218;0.735294117647059;0.458715596330275
"QHI";"KO";"5";2022;"QHI:KO:5";"QHI:KO:5:2022";"LIVE";"pf_all_xy";"SOIL";NA;"XXXbareground";"CTL";100;3;3;NA;NA;NA;NA
"QHI";"KO";"5";2022;"QHI:KO:5";"QHI:KO:5:2022";"LIVE";"pf_all_xy";"LFRUT";"Lichen";"Cladonia mitis";"CTL";100;1;1;NA;NA;NA;NA
"QHI";"KO";"5";2022;"QHI:KO:5";"QHI:KO:5:2022";"LIVE";"pf_all_xy";"MOSSU";NA;"XXXothermoss";"CTL";100;1;1;NA;NA;NA;NA
"QHI";"KO";"6";2022;"QHI:KO:6";"QHI:KO:6:2022";"LIVE";"pf_all_xy";"SEVER";"Shrub";"Dryas integrifolia";"CTL";100;89;54;121;181;44.6280991735537;49.171270718232
"QHI";"KO";"6";2022;"QHI:KO:6";"QHI:KO:6:2022";"LITTER";"pf_all_xy";"LITTER";NA;"XXXLITTER";"CTL";100;83;83;NA;NA;NA;NA
"QHI";"KO";"6";2022;"QHI:KO:6";"QHI:KO:6:2022";"LIVE";"pf_all_xy";"GRASS";"Graminoid";"Alopecurus magellanicus";"CTL";100;57;41;121;181;33.8842975206612;31.4917127071823
"QHI";"KO";"6";2022;"QHI:KO:6";"QHI:KO:6:2022";"LIVE";"pf_all_xy";"FORB";"Forb";"Astragalus umbellatus";"CTL";100;10;6;121;181;4.95867768595041;5.52486187845304
"QHI";"KO";"6";2022;"QHI:KO:6";"QHI:KO:6:2022";"LIVE";"pf_all_xy";"SDECI";"Shrub";"Salix arctica";"CTL";100;21;17;121;181;14.0495867768595;11.6022099447514
"QHI";"KO";"6";2022;"QHI:KO:6";"QHI:KO:6:2022";"LIVE";"pf_all_xy";"SOIL";NA;"XXXbareground";"CTL";100;9;9;NA;NA;NA;NA
"QHI";"KO";"6";2022;"QHI:KO:6";"QHI:KO:6:2022";"LIVE";"pf_all_xy";"MOSSU";NA;"XXXothermoss";"CTL";100;9;9;NA;NA;NA;NA
"QHI";"KO";"6";2022;"QHI:KO:6";"QHI:KO:6:2022";"LIVE";"pf_all_xy";"FORB";"Forb";"Oxytropis maydelliana";"CTL";100;3;2;121;181;1.65289256198347;1.65745856353591
"QHI";"KO";"6";2022;"QHI:KO:6";"QHI:KO:6:2022";"LIVE";"pf_all_xy";"LFRUT";"Lichen";"XXXpeltigera";"CTL";100;4;4;NA;NA;NA;NA
"QHI";"KO";"6";2022;"QHI:KO:6";"QHI:KO:6:2022";"LIVE";"pf_all_xy";"FORB";"Forb";"Oxytropis campestris";"CTL";100;1;1;121;181;0.826446280991736;0.552486187845304
"QHI";"KO";"6";2022;"QHI:KO:6";"QHI:KO:6:2022";"LIVE";"pf_all_xy";"LFRUT";"Lichen";"Cladonia mitis";"CTL";100;2;2;NA;NA;NA;NA
"QHI";"KO";"1";2023;"QHI:KO:1";"QHI:KO:1:2023";"LIVE";"pf_all_xy";"GRASS";"Graminoid";"Poa arctica";"CTL";100;39;27;174;317;15.5172413793103;12.3028391167192
"QHI";"KO";"1";2023;"QHI:KO:1";"QHI:KO:1:2023";"LIVE";"pf_all_xy";"GRASS";"Graminoid";"Festuca baffinensis";"CTL";100;1;1;174;317;0.574712643678161;0.315457413249211
"QHI";"KO";"1";2023;"QHI:KO:1";"QHI:KO:1:2023";"LIVE";"pf_all_xy";"FORB";"Forb";"Lupinus arcticus";"CTL";100;57;30;174;317;17.2413793103448;17.981072555205
"QHI";"KO";"1";2023;"QHI:KO:1";"QHI:KO:1:2023";"LITTER";"pf_all_xy";"LITTER";NA;"XXXLITTER";"CTL";100;61;61;NA;NA;NA;NA
"QHI";"KO";"1";2023;"QHI:KO:1";"QHI:KO:1:2023";"LIVE";"pf_all_xy";"MOSSU";NA;"XXXothermoss";"CTL";100;21;21;NA;NA;NA;NA
"QHI";"KO";"1";2023;"QHI:KO:1";"QHI:KO:1:2023";"LIVE";"pf_all_xy";"SDECI";"Shrub";"Salix arctica";"CTL";100;49;34;174;317;19.5402298850575;15.4574132492114
"QHI";"KO";"1";2023;"QHI:KO:1";"QHI:KO:1:2023";"LIVE";"pf_all_xy";"SEVER";"Shrub";"Dryas integrifolia";"CTL";100;153;70;174;317;40.2298850574713;48.2649842271293
"QHI";"KO";"1";2023;"QHI:KO:1";"QHI:KO:1:2023";"LIVE";"pf_all_xy";"FORB";"Forb";"Pedicularis verticillata";"CTL";100;2;2;174;317;1.14942528735632;0.630914826498423
"QHI";"KO";"1";2023;"QHI:KO:1";"QHI:KO:1:2023";"LIVE";"pf_all_xy";"SEDGE";"Graminoid";"Carex myosuroides";"CTL";100;1;1;174;317;0.574712643678161;0.315457413249211
"QHI";"KO";"1";2023;"QHI:KO:1";"QHI:KO:1:2023";"LIVE";"pf_all_xy";"FORB";"Forb";"Cardamine digitata";"CTL";100;1;1;174;317;0.574712643678161;0.315457413249211
"QHI";"KO";"1";2023;"QHI:KO:1";"QHI:KO:1:2023";"LIVE";"pf_all_xy";"RUSH";"Graminoid";"Luzula nivalis";"CTL";100;5;4;174;317;2.29885057471264;1.57728706624606
"QHI";"KO";"1";2023;"QHI:KO:1";"QHI:KO:1:2023";"LIVE";"pf_all_xy";"DUNG";NA;"XXXDUNG";"CTL";100;2;2;NA;NA;NA;NA
"QHI";"KO";"1";2023;"QHI:KO:1";"QHI:KO:1:2023";"LIVE";"pf_all_xy";"SOIL";NA;"XXXbareground";"CTL";100;11;11;NA;NA;NA;NA
"QHI";"KO";"1";2023;"QHI:KO:1";"QHI:KO:1:2023";"LIVE";"pf_all_xy";"LFRUT";"Lichen";"XXXpeltigera";"CTL";100;2;2;NA;NA;NA;NA
"QHI";"KO";"1";2023;"QHI:KO:1";"QHI:KO:1:2023";"LIVE";"pf_all_xy";"FORB";"Forb";"Astragalus umbellatus";"CTL";100;9;4;174;317;2.29885057471264;2.8391167192429
"QHI";"KO";"1";2023;"QHI:KO:1";"QHI:KO:1:2023";"LIVE";"pf_all_xy";"LIVERU";"Lichen";"XXXliverwort";"CTL";100;4;4;NA;NA;NA;NA
"QHI";"KO";"2";2023;"QHI:KO:2";"QHI:KO:2:2023";"LIVE";"pf_all_xy";"GRASS";"Graminoid";"Alopecurus magellanicus";"CTL";100;266;88;213;483;41.3145539906103;55.0724637681159
"QHI";"KO";"2";2023;"QHI:KO:2";"QHI:KO:2:2023";"LITTER";"pf_all_xy";"LITTER";NA;"XXXLITTER";"CTL";100;92;92;NA;NA;NA;NA
"QHI";"KO";"2";2023;"QHI:KO:2";"QHI:KO:2:2023";"LIVE";"pf_all_xy";"SEVER";"Shrub";"Dryas integrifolia";"CTL";100;139;70;213;483;32.8638497652582;28.7784679089027
"QHI";"KO";"2";2023;"QHI:KO:2";"QHI:KO:2:2023";"LIVE";"pf_all_xy";"SOIL";NA;"XXXbareground";"CTL";100;4;4;NA;NA;NA;NA
"QHI";"KO";"2";2023;"QHI:KO:2";"QHI:KO:2:2023";"LIVE";"pf_all_xy";"SDECI";"Shrub";"Salix arctica";"CTL";100;63;43;213;483;20.18779342723;13.0434782608696
"QHI";"KO";"2";2023;"QHI:KO:2";"QHI:KO:2:2023";"LIVE";"pf_all_xy";"SDECI";"Shrub";"Salix reticulata";"CTL";100;4;3;213;483;1.40845070422535;0.82815734989648
"QHI";"KO";"2";2023;"QHI:KO:2";"QHI:KO:2:2023";"LIVE";"pf_all_xy";"GRASS";"Graminoid";"Festuca baffinensis";"CTL";100;3;2;213;483;0.938967136150235;0.62111801242236
"QHI";"KO";"2";2023;"QHI:KO:2";"QHI:KO:2:2023";"LIVE";"pf_all_xy";"MOSSU";NA;"XXXothermoss";"CTL";100;15;15;NA;NA;NA;NA
"QHI";"KO";"2";2023;"QHI:KO:2";"QHI:KO:2:2023";"LIVE";"pf_all_xy";"FORB";"Forb";"Tephroseris integrifolia";"CTL";100;1;1;213;483;0.469483568075117;0.20703933747412
"QHI";"KO";"2";2023;"QHI:KO:2";"QHI:KO:2:2023";"LIVE";"pf_all_xy";"FORB";"Forb";"Oxytropis maydelliana";"CTL";100;1;1;213;483;0.469483568075117;0.20703933747412
"QHI";"KO";"2";2023;"QHI:KO:2";"QHI:KO:2:2023";"LIVE";"pf_all_xy";"FORB";"Forb";"Pedicularis langsdorffii";"CTL";100;2;1;213;483;0.469483568075117;0.41407867494824
"QHI";"KO";"2";2023;"QHI:KO:2";"QHI:KO:2:2023";"LIVE";"pf_all_xy";"LFRUT";"Lichen";"Nephromopsis cucullata";"CTL";100;2;2;NA;NA;NA;NA
"QHI";"KO";"2";2023;"QHI:KO:2";"QHI:KO:2:2023";"LIVE";"pf_all_xy";"LFRUT";"Lichen";"Cladonia mitis";"CTL";100;1;1;NA;NA;NA;NA
"QHI";"KO";"2";2023;"QHI:KO:2";"QHI:KO:2:2023";"LIVE";"pf_all_xy";"FORB";"Forb";"Pedicularis capitata";"CTL";100;1;1;213;483;0.469483568075117;0.20703933747412
"QHI";"KO";"2";2023;"QHI:KO:2";"QHI:KO:2:2023";"LIVE";"pf_all_xy";"FORB";"Forb";"XXXotherforb";"CTL";100;1;1;213;483;0.469483568075117;0.20703933747412
"QHI";"KO";"2";2023;"QHI:KO:2";"QHI:KO:2:2023";"LIVE";"pf_all_xy";"FORB";"Forb";"Polygonum bistorta";"CTL";100;1;1;213;483;0.469483568075117;0.20703933747412
"QHI";"KO";"2";2023;"QHI:KO:2";"QHI:KO:2:2023";"LIVE";"pf_all_xy";"LFRUT";"Lichen";"XXXpeltigera";"CTL";100;1;1;NA;NA;NA;NA
"QHI";"KO";"2";2023;"QHI:KO:2";"QHI:KO:2:2023";"LIVE";"pf_all_xy";"FORB";"Forb";"Astragalus umbellatus";"CTL";100;1;1;213;483;0.469483568075117;0.20703933747412
"QHI";"KO";"3";2023;"QHI:KO:3";"QHI:KO:3:2023";"LIVE";"pf_all_xy";"SDECI";"Shrub";"Salix arctica";"CTL";100;63;38;151;253;25.1655629139073;24.901185770751
"QHI";"KO";"3";2023;"QHI:KO:3";"QHI:KO:3:2023";"LIVE";"pf_all_xy";"SEVER";"Shrub";"Dryas integrifolia";"CTL";100;134;76;151;253;50.3311258278146;52.9644268774704
"QHI";"KO";"3";2023;"QHI:KO:3";"QHI:KO:3:2023";"LIVE";"pf_all_xy";"MOSSU";NA;"XXXothermoss";"CTL";100;25;25;NA;NA;NA;NA
"QHI";"KO";"3";2023;"QHI:KO:3";"QHI:KO:3:2023";"LIVE";"pf_all_xy";"GRASS";"Graminoid";"Arctagrostis latifolia";"CTL";100;35;23;151;253;15.2317880794702;13.8339920948617
"QHI";"KO";"3";2023;"QHI:KO:3";"QHI:KO:3:2023";"LIVE";"pf_all_xy";"FORB";"Forb";"Lupinus arcticus";"CTL";100;6;2;151;253;1.32450331125828;2.37154150197628
"QHI";"KO";"3";2023;"QHI:KO:3";"QHI:KO:3:2023";"LITTER";"pf_all_xy";"LITTER";NA;"XXXLITTER";"CTL";100;71;71;NA;NA;NA;NA
"QHI";"KO";"3";2023;"QHI:KO:3";"QHI:KO:3:2023";"LIVE";"pf_all_xy";"FORB";"Forb";"Pedicularis verticillata";"CTL";100;2;2;151;253;1.32450331125828;0.790513833992095
"QHI";"KO";"3";2023;"QHI:KO:3";"QHI:KO:3:2023";"LIVE";"pf_all_xy";"LFRUT";"Lichen";"XXXpeltigera";"CTL";100;2;2;NA;NA;NA;NA
"QHI";"KO";"3";2023;"QHI:KO:3";"QHI:KO:3:2023";"LIVE";"pf_all_xy";"FORB";"Forb";"Astragalus umbellatus";"CTL";100;5;4;151;253;2.64900662251656;1.97628458498024
"QHI";"KO";"3";2023;"QHI:KO:3";"QHI:KO:3:2023";"LIVE";"pf_all_xy";"FORB";"Forb";"Oxytropis maydelliana";"CTL";100;1;1;151;253;0.662251655629139;0.395256916996047
"QHI";"KO";"3";2023;"QHI:KO:3";"QHI:KO:3:2023";"LIVE";"pf_all_xy";"FORB";"Forb";"Oxytropis nigrescens";"CTL";100;1;1;151;253;0.662251655629139;0.395256916996047
"QHI";"KO";"3";2023;"QHI:KO:3";"QHI:KO:3:2023";"LIVE";"pf_all_xy";"GRASS";"Graminoid";"Poa arctica";"CTL";100;5;3;151;253;1.98675496688742;1.97628458498024
"QHI";"KO";"3";2023;"QHI:KO:3";"QHI:KO:3:2023";"LIVE";"pf_all_xy";"SOIL";NA;"XXXbareground";"CTL";100;2;2;NA;NA;NA;NA
"QHI";"KO";"3";2023;"QHI:KO:3";"QHI:KO:3:2023";"LIVE";"pf_all_xy";"LFRUT";"Lichen";"Thamnolia subuliformis";"CTL";100;1;1;NA;NA;NA;NA
"QHI";"KO";"3";2023;"QHI:KO:3";"QHI:KO:3:2023";"LIVE";"pf_all_xy";"FORB";"Forb";"Cardamine digitata";"CTL";100;1;1;151;253;0.662251655629139;0.395256916996047
"QHI";"KO";"4";2023;"QHI:KO:4";"QHI:KO:4:2023";"LIVE";"pf_all_xy";"SDECI";"Shrub";"Salix arctica";"CTL";100;37;26;149;296;17.4496644295302;12.5
"QHI";"KO";"4";2023;"QHI:KO:4";"QHI:KO:4:2023";"LIVE";"pf_all_xy";"SEVER";"Shrub";"Dryas integrifolia";"CTL";100;205;88;149;296;59.0604026845638;69.2567567567567
"QHI";"KO";"4";2023;"QHI:KO:4";"QHI:KO:4:2023";"LITTER";"pf_all_xy";"LITTER";NA;"XXXLITTER";"CTL";100;63;63;NA;NA;NA;NA
"QHI";"KO";"4";2023;"QHI:KO:4";"QHI:KO:4:2023";"LIVE";"pf_all_xy";"GRASS";"Graminoid";"Arctagrostis latifolia";"CTL";100;33;19;149;296;12.751677852349;11.1486486486486
"QHI";"KO";"4";2023;"QHI:KO:4";"QHI:KO:4:2023";"LIVE";"pf_all_xy";"MOSSU";NA;"XXXothermoss";"CTL";100;31;31;NA;NA;NA;NA
"QHI";"KO";"4";2023;"QHI:KO:4";"QHI:KO:4:2023";"LIVE";"pf_all_xy";"GRASS";"Graminoid";"Poa arctica";"CTL";100;6;5;149;296;3.35570469798658;2.02702702702703
"QHI";"KO";"4";2023;"QHI:KO:4";"QHI:KO:4:2023";"LIVE";"pf_all_xy";"LFRUT";"Lichen";"XXXpeltigera";"CTL";100;2;2;NA;NA;NA;NA
"QHI";"KO";"4";2023;"QHI:KO:4";"QHI:KO:4:2023";"LIVE";"pf_all_xy";"FORB";"Forb";"Polygonum bistorta";"CTL";100;2;2;149;296;1.34228187919463;0.675675675675676
"QHI";"KO";"4";2023;"QHI:KO:4";"QHI:KO:4:2023";"LIVE";"pf_all_xy";"FORB";"Forb";"Astragalus umbellatus";"CTL";100;7;5;149;296;3.35570469798658;2.36486486486486
"QHI";"KO";"4";2023;"QHI:KO:4";"QHI:KO:4:2023";"LIVE";"pf_all_xy";"LFRUT";"Lichen";"Nephromopsis cucullata";"CTL";100;8;8;NA;NA;NA;NA
"QHI";"KO";"4";2023;"QHI:KO:4";"QHI:KO:4:2023";"LIVE";"pf_all_xy";"FORB";"Forb";"Oxytropis maydelliana";"CTL";100;3;2;149;296;1.34228187919463;1.01351351351351
"QHI";"KO";"4";2023;"QHI:KO:4";"QHI:KO:4:2023";"LIVE";"pf_all_xy";"LICHENU";"Lichen";"XXXotherlichen";"CTL";100;1;1;NA;NA;NA;NA
"QHI";"KO";"4";2023;"QHI:KO:4";"QHI:KO:4:2023";"LIVE";"pf_all_xy";"LFRUT";"Lichen";"Cetraria islandica";"CTL";100;2;2;NA;NA;NA;NA
"QHI";"KO";"4";2023;"QHI:KO:4";"QHI:KO:4:2023";"LIVE";"pf_all_xy";"GRASS";"Graminoid";"Alopecurus magellanicus";"CTL";100;3;2;149;296;1.34228187919463;1.01351351351351
"QHI";"KO";"4";2023;"QHI:KO:4";"QHI:KO:4:2023";"LIVE";"pf_all_xy";"SOIL";NA;"XXXbareground";"CTL";100;3;3;NA;NA;NA;NA
"QHI";"KO";"5";2023;"QHI:KO:5";"QHI:KO:5:2023";"LITTER";"pf_all_xy";"LITTER";NA;"XXXLITTER";"CTL";100;88;88;NA;NA;NA;NA
"QHI";"KO";"5";2023;"QHI:KO:5";"QHI:KO:5:2023";"LIVE";"pf_all_xy";"SEVER";"Shrub";"Dryas integrifolia";"CTL";100;113;61;134;204;45.5223880597015;55.3921568627451
"QHI";"KO";"5";2023;"QHI:KO:5";"QHI:KO:5:2023";"LIVE";"pf_all_xy";"GRASS";"Graminoid";"Alopecurus magellanicus";"CTL";100;51;43;134;204;32.089552238806;25
"QHI";"KO";"5";2023;"QHI:KO:5";"QHI:KO:5:2023";"LIVE";"pf_all_xy";"SDECI";"Shrub";"Salix arctica";"CTL";100;25;18;134;204;13.4328358208955;12.2549019607843
"QHI";"KO";"5";2023;"QHI:KO:5";"QHI:KO:5:2023";"LIVE";"pf_all_xy";"MOSSU";NA;"XXXothermoss";"CTL";100;8;8;NA;NA;NA;NA
"QHI";"KO";"5";2023;"QHI:KO:5";"QHI:KO:5:2023";"LIVE";"pf_all_xy";"SOIL";NA;"XXXbareground";"CTL";100;3;3;NA;NA;NA;NA
"QHI";"KO";"5";2023;"QHI:KO:5";"QHI:KO:5:2023";"LIVE";"pf_all_xy";"FORB";"Forb";"Saussurea angustifolia";"CTL";100;1;1;134;204;0.746268656716418;0.490196078431373
"QHI";"KO";"5";2023;"QHI:KO:5";"QHI:KO:5:2023";"LIVE";"pf_all_xy";"FORB";"Forb";"Astragalus umbellatus";"CTL";100;6;4;134;204;2.98507462686567;2.94117647058824
"QHI";"KO";"5";2023;"QHI:KO:5";"QHI:KO:5:2023";"LIVE";"pf_all_xy";"GRASS";"Graminoid";"Festuca baffinensis";"CTL";100;4;4;134;204;2.98507462686567;1.96078431372549
"QHI";"KO";"5";2023;"QHI:KO:5";"QHI:KO:5:2023";"LIVE";"pf_all_xy";"FUNGI";NA;"XXXfungus";"CTL";100;1;1;NA;NA;NA;NA
"QHI";"KO";"5";2023;"QHI:KO:5";"QHI:KO:5:2023";"LIVE";"pf_all_xy";"LFRUT";"Lichen";"Nephromopsis cucullata";"CTL";100;3;3;NA;NA;NA;NA
"QHI";"KO";"5";2023;"QHI:KO:5";"QHI:KO:5:2023";"LIVE";"pf_all_xy";"FORB";"Forb";"Oxytropis nigrescens";"CTL";100;2;1;134;204;0.746268656716418;0.980392156862745
"QHI";"KO";"5";2023;"QHI:KO:5";"QHI:KO:5:2023";"LITTER";"pf_all_xy";"LFRUT";"Lichen";"XXXpeltigera";"CTL";100;1;1;NA;NA;NA;NA
"QHI";"KO";"5";2023;"QHI:KO:5";"QHI:KO:5:2023";"LIVE";"pf_all_xy";"LFRUT";"Lichen";"XXXpeltigera";"CTL";100;1;1;NA;NA;NA;NA
"QHI";"KO";"5";2023;"QHI:KO:5";"QHI:KO:5:2023";"LIVE";"pf_all_xy";"LFRUT";"Lichen";"Thamnolia subuliformis";"CTL";100;1;1;NA;NA;NA;NA
"QHI";"KO";"5";2023;"QHI:KO:5";"QHI:KO:5:2023";"LIVE";"pf_all_xy";"RUSH";"Graminoid";"Luzula nivalis";"CTL";100;1;1;134;204;0.746268656716418;0.490196078431373
"QHI";"KO";"5";2023;"QHI:KO:5";"QHI:KO:5:2023";"LIVE";"pf_all_xy";"FORB";"Forb";"Cardamine digitata";"CTL";100;1;1;134;204;0.746268656716418;0.490196078431373
"QHI";"KO";"6";2023;"QHI:KO:6";"QHI:KO:6:2023";"LIVE";"pf_all_xy";"GRASS";"Graminoid";"Alopecurus magellanicus";"CTL";100;57;43;151;264;28.476821192053;21.5909090909091
"QHI";"KO";"6";2023;"QHI:KO:6";"QHI:KO:6:2023";"LIVE";"pf_all_xy";"SEVER";"Shrub";"Dryas integrifolia";"CTL";100;164;76;151;264;50.3311258278146;62.1212121212121
"QHI";"KO";"6";2023;"QHI:KO:6";"QHI:KO:6:2023";"LITTER";"pf_all_xy";"LITTER";NA;"XXXLITTER";"CTL";100;88;88;NA;NA;NA;NA
"QHI";"KO";"6";2023;"QHI:KO:6";"QHI:KO:6:2023";"LIVE";"pf_all_xy";"MOSSU";NA;"XXXothermoss";"CTL";100;11;11;NA;NA;NA;NA
"QHI";"KO";"6";2023;"QHI:KO:6";"QHI:KO:6:2023";"LIVE";"pf_all_xy";"LFRUT";"Lichen";"Thamnolia subuliformis";"CTL";100;5;5;NA;NA;NA;NA
"QHI";"KO";"6";2023;"QHI:KO:6";"QHI:KO:6:2023";"LIVE";"pf_all_xy";"LFRUT";"Lichen";"Nephromopsis cucullata";"CTL";100;5;5;NA;NA;NA;NA
"QHI";"KO";"6";2023;"QHI:KO:6";"QHI:KO:6:2023";"LIVE";"pf_all_xy";"LCRUS";"Lichen";"XXXcrustous";"CTL";100;5;5;NA;NA;NA;NA
"QHI";"KO";"6";2023;"QHI:KO:6";"QHI:KO:6:2023";"LIVE";"pf_all_xy";"SDECI";"Shrub";"Salix arctica";"CTL";100;23;16;151;264;10.5960264900662;8.71212121212121
"QHI";"KO";"6";2023;"QHI:KO:6";"QHI:KO:6:2023";"LIVE";"pf_all_xy";"GRASS";"Graminoid";"Festuca baffinensis";"CTL";100;2;2;151;264;1.32450331125828;0.757575757575758
"QHI";"KO";"6";2023;"QHI:KO:6";"QHI:KO:6:2023";"LIVE";"pf_all_xy";"FORB";"Forb";"Astragalus umbellatus";"CTL";100;11;7;151;264;4.63576158940397;4.16666666666667
"QHI";"KO";"6";2023;"QHI:KO:6";"QHI:KO:6:2023";"LIVE";"pf_all_xy";"LFRUT";"Lichen";"Cetraria islandica";"CTL";100;1;1;NA;NA;NA;NA
"QHI";"KO";"6";2023;"QHI:KO:6";"QHI:KO:6:2023";"LIVE";"pf_all_xy";"LFRUT";"Lichen";"XXXpeltigera";"CTL";100;3;3;NA;NA;NA;NA
"QHI";"KO";"6";2023;"QHI:KO:6";"QHI:KO:6:2023";"LIVE";"pf_all_xy";"FORB";"Forb";"Oxytropis nigrescens";"CTL";100;5;5;151;264;3.3112582781457;1.89393939393939
"QHI";"KO";"6";2023;"QHI:KO:6";"QHI:KO:6:2023";"LIVE";"pf_all_xy";"LFRUT";"Lichen";"Cladonia mitis";"CTL";100;1;1;NA;NA;NA;NA
"QHI";"KO";"6";2023;"QHI:KO:6";"QHI:KO:6:2023";"LIVE";"pf_all_xy";"FORB";"Forb";"Bistorta vivipara";"CTL";100;1;1;151;264;0.662251655629139;0.378787878787879
"QHI";"KO";"6";2023;"QHI:KO:6";"QHI:KO:6:2023";"LIVE";"pf_all_xy";"FORB";"Forb";"Pedicularis lanata";"CTL";100;1;1;151;264;0.662251655629139;0.378787878787879
"QHI";"KO";"1";2024;"QHI:KO:1";"QHI:KO:1:2024";"LIVE";"pf_all_xy";"GRASS";"Graminoid";"Poa arctica";"CTL";100;37;19;173;361;10.9826589595376;10.2493074792244
"QHI";"KO";"1";2024;"QHI:KO:1";"QHI:KO:1:2024";"LIVE";"pf_all_xy";"GRASS";"Graminoid";"Festuca baffinensis";"CTL";100;5;4;173;361;2.3121387283237;1.38504155124654
"QHI";"KO";"1";2024;"QHI:KO:1";"QHI:KO:1:2024";"LIVE";"pf_all_xy";"SDECI";"Shrub";"Salix arctica";"CTL";100;67;37;173;361;21.3872832369942;18.5595567867036
"QHI";"KO";"1";2024;"QHI:KO:1";"QHI:KO:1:2024";"LITTER";"pf_all_xy";"LITTER";NA;"XXXLITTER";"CTL";100;67;67;NA;NA;NA;NA
"QHI";"KO";"1";2024;"QHI:KO:1";"QHI:KO:1:2024";"LIVE";"pf_all_xy";"RUSH";"Graminoid";"Luzula nivalis";"CTL";100;3;2;173;361;1.15606936416185;0.831024930747922
"QHI";"KO";"1";2024;"QHI:KO:1";"QHI:KO:1:2024";"LIVE";"pf_all_xy";"SEVER";"Shrub";"Dryas integrifolia";"CTL";100;146;68;173;361;39.3063583815029;40.4432132963989
"QHI";"KO";"1";2024;"QHI:KO:1";"QHI:KO:1:2024";"LIVE";"pf_all_xy";"MOSSU";NA;"XXXothermoss";"CTL";100;24;21;NA;NA;NA;NA
"QHI";"KO";"1";2024;"QHI:KO:1";"QHI:KO:1:2024";"LIVE";"pf_all_xy";"SDECI";"Shrub";"Salix reticulata";"CTL";100;1;1;173;361;0.578034682080925;0.277008310249307
"QHI";"KO";"1";2024;"QHI:KO:1";"QHI:KO:1:2024";"LIVE";"pf_all_xy";"FORB";"Forb";"Lupinus arcticus";"CTL";100;71;32;173;361;18.4971098265896;19.6675900277008
"QHI";"KO";"1";2024;"QHI:KO:1";"QHI:KO:1:2024";"LIVE";"pf_all_xy";"GRASS";"Graminoid";"Alopecurus magellanicus";"CTL";100;1;1;173;361;0.578034682080925;0.277008310249307
"QHI";"KO";"1";2024;"QHI:KO:1";"QHI:KO:1:2024";"LIVE";"pf_all_xy";"LFRUT";"Lichen";"Thamnolia subuliformis";"CTL";100;1;1;NA;NA;NA;NA
"QHI";"KO";"1";2024;"QHI:KO:1";"QHI:KO:1:2024";"LIVE";"pf_all_xy";"LFRUT";"Lichen";"Nephromopsis cucullata";"CTL";100;1;1;NA;NA;NA;NA
"QHI";"KO";"1";2024;"QHI:KO:1";"QHI:KO:1:2024";"LIVE";"pf_all_xy";"SOIL";NA;"XXXbareground";"CTL";100;14;14;NA;NA;NA;NA
"QHI";"KO";"1";2024;"QHI:KO:1";"QHI:KO:1:2024";"LIVE";"pf_all_xy";"FORB";"Forb";"Tephroseris integrifolia";"CTL";100;2;2;173;361;1.15606936416185;0.554016620498615
"QHI";"KO";"1";2024;"QHI:KO:1";"QHI:KO:1:2024";"LIVE";"pf_all_xy";"FORB";"Forb";"Pedicularis verticillata";"CTL";100;2;2;173;361;1.15606936416185;0.554016620498615
"QHI";"KO";"1";2024;"QHI:KO:1";"QHI:KO:1:2024";"LIVE";"pf_all_xy";"DUNG";NA;"XXXDUNG";"CTL";100;1;1;NA;NA;NA;NA
"QHI";"KO";"1";2024;"QHI:KO:1";"QHI:KO:1:2024";"LIVE";"pf_all_xy";"FUNGI";NA;"XXXfungus";"CTL";100;1;1;NA;NA;NA;NA
"QHI";"KO";"1";2024;"QHI:KO:1";"QHI:KO:1:2024";"LIVE";"pf_all_xy";"GRASS";"Graminoid";"Arctagrostis latifolia";"CTL";100;23;4;173;361;2.3121387283237;6.37119113573407
"QHI";"KO";"1";2024;"QHI:KO:1";"QHI:KO:1:2024";"LIVE";"pf_all_xy";"FORB";"Forb";"Bistorta vivipara";"CTL";100;3;1;173;361;0.578034682080925;0.831024930747922
"QHI";"KO";"2";2024;"QHI:KO:2";"QHI:KO:2:2024";"LIVE";"pf_all_xy";"GRASS";"Graminoid";"Alopecurus magellanicus";"CTL";100;253;87;199;443;43.7185929648241;57.1106094808126
"QHI";"KO";"2";2024;"QHI:KO:2";"QHI:KO:2:2024";"LITTER";"pf_all_xy";"LITTER";NA;"XXXLITTER";"CTL";100;88;88;NA;NA;NA;NA
"QHI";"KO";"2";2024;"QHI:KO:2";"QHI:KO:2:2024";"LIVE";"pf_all_xy";"SEVER";"Shrub";"Dryas integrifolia";"CTL";100;123;67;199;443;33.6683417085427;27.765237020316
"QHI";"KO";"2";2024;"QHI:KO:2";"QHI:KO:2:2024";"LIVE";"pf_all_xy";"SDECI";"Shrub";"Salix reticulata";"CTL";100;3;3;199;443;1.50753768844221;0.677200902934537
"QHI";"KO";"2";2024;"QHI:KO:2";"QHI:KO:2:2024";"LIVE";"pf_all_xy";"MOSSU";NA;"XXXothermoss";"CTL";100;12;12;NA;NA;NA;NA
"QHI";"KO";"2";2024;"QHI:KO:2";"QHI:KO:2:2024";"LIVE";"pf_all_xy";"SOIL";NA;"XXXbareground";"CTL";100;4;3;NA;NA;NA;NA
"QHI";"KO";"2";2024;"QHI:KO:2";"QHI:KO:2:2024";"LIVE";"pf_all_xy";"SDECI";"Shrub";"Salix arctica";"CTL";100;62;41;199;443;20.6030150753769;13.9954853273138
"QHI";"KO";"2";2024;"QHI:KO:2";"QHI:KO:2:2024";"LIVE";"pf_all_xy";"FORB";"Forb";"Oxytropis maydelliana";"CTL";100;2;1;199;443;0.50251256281407;0.451467268623025
"QHI";"KO";"3";2024;"QHI:KO:3";"QHI:KO:3:2024";"LIVE";"pf_all_xy";"SEVER";"Shrub";"Dryas integrifolia";"CTL";100;125;69;125;207;55.2;60.3864734299517
"QHI";"KO";"3";2024;"QHI:KO:3";"QHI:KO:3:2024";"LITTER";"pf_all_xy";"LITTER";NA;"XXXLITTER";"CTL";100;96;96;NA;NA;NA;NA
"QHI";"KO";"3";2024;"QHI:KO:3";"QHI:KO:3:2024";"LIVE";"pf_all_xy";"GRASS";"Graminoid";"Arctagrostis latifolia";"CTL";100;25;17;125;207;13.6;12.0772946859903
"QHI";"KO";"3";2024;"QHI:KO:3";"QHI:KO:3:2024";"LIVE";"pf_all_xy";"FORB";"Forb";"Lupinus arcticus";"CTL";100;4;3;125;207;2.4;1.93236714975845
"QHI";"KO";"3";2024;"QHI:KO:3";"QHI:KO:3:2024";"LIVE";"pf_all_xy";"MOSSU";NA;"XXXothermoss";"CTL";100;19;19;NA;NA;NA;NA
"QHI";"KO";"3";2024;"QHI:KO:3";"QHI:KO:3:2024";"LIVE";"pf_all_xy";"LICHENU";"Lichen";"XXXotherlichen";"CTL";100;1;1;NA;NA;NA;NA
"QHI";"KO";"3";2024;"QHI:KO:3";"QHI:KO:3:2024";"LIVE";"pf_all_xy";"LIVERU";"Lichen";"XXXliverwort";"CTL";100;1;1;NA;NA;NA;NA
"QHI";"KO";"3";2024;"QHI:KO:3";"QHI:KO:3:2024";"LIVE";"pf_all_xy";"SDECI";"Shrub";"Salix arctica";"CTL";100;33;21;125;207;16.8;15.9420289855072
"QHI";"KO";"3";2024;"QHI:KO:3";"QHI:KO:3:2024";"LIVE";"pf_all_xy";"FORB";"Forb";"Astragalus umbellatus";"CTL";100;7;4;125;207;3.2;3.3816425120773
"QHI";"KO";"3";2024;"QHI:KO:3";"QHI:KO:3:2024";"LIVE";"pf_all_xy";"LFRUT";"Lichen";"Nephromopsis cucullata";"CTL";100;4;2;NA;NA;NA;NA
"QHI";"KO";"3";2024;"QHI:KO:3";"QHI:KO:3:2024";"LIVE";"pf_all_xy";"GRASS";"Graminoid";"Poa arctica";"CTL";100;6;5;125;207;4;2.89855072463768
"QHI";"KO";"3";2024;"QHI:KO:3";"QHI:KO:3:2024";"LIVE";"pf_all_xy";"FORB";"Forb";"Stellaria longipes";"CTL";100;2;1;125;207;0.8;0.966183574879227
"QHI";"KO";"3";2024;"QHI:KO:3";"QHI:KO:3:2024";"LIVE";"pf_all_xy";"FORB";"Forb";"Pedicularis capitata";"CTL";100;1;1;125;207;0.8;0.483091787439614
"QHI";"KO";"3";2024;"QHI:KO:3";"QHI:KO:3:2024";"LIVE";"pf_all_xy";"LFRUT";"Lichen";"XXXpeltigera";"CTL";100;3;3;NA;NA;NA;NA
"QHI";"KO";"3";2024;"QHI:KO:3";"QHI:KO:3:2024";"LIVE";"pf_all_xy";"GRASS";"Graminoid";"Festuca baffinensis";"CTL";100;2;2;125;207;1.6;0.966183574879227
"QHI";"KO";"3";2024;"QHI:KO:3";"QHI:KO:3:2024";"LIVE";"pf_all_xy";"LFRUT";"Lichen";"Thamnolia subuliformis";"CTL";100;3;3;NA;NA;NA;NA
"QHI";"KO";"3";2024;"QHI:KO:3";"QHI:KO:3:2024";"LIVE";"pf_all_xy";"FORB";"Forb";"Cardamine digitata";"CTL";100;1;1;125;207;0.8;0.483091787439614
"QHI";"KO";"3";2024;"QHI:KO:3";"QHI:KO:3:2024";"LIVE";"pf_all_xy";"FORB";"Forb";"Pedicularis verticillata";"CTL";100;1;1;125;207;0.8;0.483091787439614
"QHI";"KO";"3";2024;"QHI:KO:3";"QHI:KO:3:2024";"LITTER";"pf_all_xy";"SDECI";"Shrub";"Salix arctica";"CTL";100;1;1;1;1;100;100
"QHI";"KO";"4";2024;"QHI:KO:4";"QHI:KO:4:2024";"LIVE";"pf_all_xy";"SDECI";"Shrub";"Salix arctica";"CTL";100;48;26;125;243;20.8;19.7530864197531
"QHI";"KO";"4";2024;"QHI:KO:4";"QHI:KO:4:2024";"LIVE";"pf_all_xy";"MOSSU";NA;"XXXothermoss";"CTL";100;67;67;NA;NA;NA;NA
"QHI";"KO";"4";2024;"QHI:KO:4";"QHI:KO:4:2024";"LITTER";"pf_all_xy";"LITTER";NA;"XXXLITTER";"CTL";100;53;53;NA;NA;NA;NA
"QHI";"KO";"4";2024;"QHI:KO:4";"QHI:KO:4:2024";"LIVE";"pf_all_xy";"FORB";"Forb";"Oxytropis maydelliana";"CTL";100;7;3;125;243;2.4;2.88065843621399
"QHI";"KO";"4";2024;"QHI:KO:4";"QHI:KO:4:2024";"LIVE";"pf_all_xy";"SEVER";"Shrub";"Dryas integrifolia";"CTL";100;145;72;125;243;57.6;59.6707818930041
"QHI";"KO";"4";2024;"QHI:KO:4";"QHI:KO:4:2024";"LIVE";"pf_all_xy";"FORB";"Forb";"Astragalus umbellatus";"CTL";100;8;4;125;243;3.2;3.29218106995885
"QHI";"KO";"4";2024;"QHI:KO:4";"QHI:KO:4:2024";"LIVE";"pf_all_xy";"LFRUT";"Lichen";"Thamnolia subuliformis";"CTL";100;4;4;NA;NA;NA;NA
"QHI";"KO";"4";2024;"QHI:KO:4";"QHI:KO:4:2024";"LIVE";"pf_all_xy";"LFRUT";"Lichen";"XXXpeltigera";"CTL";100;7;7;NA;NA;NA;NA
"QHI";"KO";"4";2024;"QHI:KO:4";"QHI:KO:4:2024";"LIVE";"pf_all_xy";"GRASS";"Graminoid";"Poa arctica";"CTL";100;6;3;125;243;2.4;2.46913580246914
"QHI";"KO";"4";2024;"QHI:KO:4";"QHI:KO:4:2024";"LIVE";"pf_all_xy";"GRASS";"Graminoid";"Arctagrostis latifolia";"CTL";100;16;9;125;243;7.2;6.5843621399177
"QHI";"KO";"4";2024;"QHI:KO:4";"QHI:KO:4:2024";"LIVE";"pf_all_xy";"GRASS";"Graminoid";"Festuca baffinensis";"CTL";100;1;1;125;243;0.8;0.411522633744856
"QHI";"KO";"4";2024;"QHI:KO:4";"QHI:KO:4:2024";"LIVE";"pf_all_xy";"LFRUT";"Lichen";"Nephromopsis cucullata";"CTL";100;16;13;NA;NA;NA;NA
"QHI";"KO";"4";2024;"QHI:KO:4";"QHI:KO:4:2024";"LIVE";"pf_all_xy";"GRASS";"Graminoid";"Alopecurus magellanicus";"CTL";100;12;7;125;243;5.6;4.93827160493827
"QHI";"KO";"4";2024;"QHI:KO:4";"QHI:KO:4:2024";"LIVE";"pf_all_xy";"LICHENU";"Lichen";"XXXotherlichen";"CTL";100;4;4;NA;NA;NA;NA
"QHI";"KO";"4";2024;"QHI:KO:4";"QHI:KO:4:2024";"LIVE";"pf_all_xy";"LFRUT";"Lichen";"Cetraria islandica";"CTL";100;1;1;NA;NA;NA;NA
"QHI";"KO";"4";2024;"QHI:KO:4";"QHI:KO:4:2024";"LIVE";"pf_all_xy";"FUNGI";NA;"XXXfungus";"CTL";100;1;1;NA;NA;NA;NA
"QHI";"KO";"5";2024;"QHI:KO:5";"QHI:KO:5:2024";"LIVE";"pf_all_xy";"FORB";"Forb";"Oxytropis maydelliana";"CTL";100;5;2;129;198;1.55038759689922;2.52525252525253
"QHI";"KO";"5";2024;"QHI:KO:5";"QHI:KO:5:2024";"LIVE";"pf_all_xy";"SEVER";"Shrub";"Dryas integrifolia";"CTL";100;92;57;129;198;44.1860465116279;46.4646464646465
"QHI";"KO";"5";2024;"QHI:KO:5";"QHI:KO:5:2024";"LITTER";"pf_all_xy";"LITTER";NA;"XXXLITTER";"CTL";100;88;88;NA;NA;NA;NA
"QHI";"KO";"5";2024;"QHI:KO:5";"QHI:KO:5:2024";"LIVE";"pf_all_xy";"GRASS";"Graminoid";"Alopecurus magellanicus";"CTL";100;76;52;129;198;40.3100775193798;38.3838383838384
"QHI";"KO";"5";2024;"QHI:KO:5";"QHI:KO:5:2024";"LIVE";"pf_all_xy";"MOSSU";NA;"XXXothermoss";"CTL";100;13;13;NA;NA;NA;NA
"QHI";"KO";"5";2024;"QHI:KO:5";"QHI:KO:5:2024";"LIVE";"pf_all_xy";"SOIL";NA;"XXXbareground";"CTL";100;2;2;NA;NA;NA;NA
"QHI";"KO";"5";2024;"QHI:KO:5";"QHI:KO:5:2024";"LIVE";"pf_all_xy";"FORB";"Forb";"Bistorta vivipara";"CTL";100;2;2;129;198;1.55038759689922;1.01010101010101
"QHI";"KO";"5";2024;"QHI:KO:5";"QHI:KO:5:2024";"LIVE";"pf_all_xy";"SDECI";"Shrub";"Salix arctica";"CTL";100;17;14;129;198;10.8527131782946;8.58585858585858
"QHI";"KO";"5";2024;"QHI:KO:5";"QHI:KO:5:2024";"LIVE";"pf_all_xy";"LFRUT";"Lichen";"Nephromopsis cucullata";"CTL";100;3;3;NA;NA;NA;NA
"QHI";"KO";"5";2024;"QHI:KO:5";"QHI:KO:5:2024";"LIVE";"pf_all_xy";"FORB";"Forb";"Oxytropis nigrescens";"CTL";100;5;1;129;198;0.775193798449612;2.52525252525253
"QHI";"KO";"5";2024;"QHI:KO:5";"QHI:KO:5:2024";"LIVE";"pf_all_xy";"LFRUT";"Lichen";"XXXpeltigera";"CTL";100;2;2;NA;NA;NA;NA
"QHI";"KO";"5";2024;"QHI:KO:5";"QHI:KO:5:2024";"LIVE";"pf_all_xy";"LFRUT";"Lichen";"Cetraria islandica";"CTL";100;1;1;NA;NA;NA;NA
"QHI";"KO";"5";2024;"QHI:KO:5";"QHI:KO:5:2024";"LIVE";"pf_all_xy";"FORB";"Forb";"Astragalus umbellatus";"CTL";100;1;1;129;198;0.775193798449612;0.505050505050505
"QHI";"KO";"6";2024;"QHI:KO:6";"QHI:KO:6:2024";"LITTER";"pf_all_xy";"LITTER";NA;"XXXLITTER";"CTL";100;84;84;NA;NA;NA;NA
"QHI";"KO";"6";2024;"QHI:KO:6";"QHI:KO:6:2024";"LIVE";"pf_all_xy";"GRASS";"Graminoid";"Alopecurus magellanicus";"CTL";100;23;17;113;192;15.0442477876106;11.9791666666667
"QHI";"KO";"6";2024;"QHI:KO:6";"QHI:KO:6:2024";"LIVE";"pf_all_xy";"MOSSU";NA;"XXXothermoss";"CTL";100;22;22;NA;NA;NA;NA
"QHI";"KO";"6";2024;"QHI:KO:6";"QHI:KO:6:2024";"LIVE";"pf_all_xy";"SEVER";"Shrub";"Dryas integrifolia";"CTL";100;123;64;113;192;56.6371681415929;64.0625
"QHI";"KO";"6";2024;"QHI:KO:6";"QHI:KO:6:2024";"LIVE";"pf_all_xy";"GRASS";"Graminoid";"Festuca baffinensis";"CTL";100;2;2;113;192;1.76991150442478;1.04166666666667
"QHI";"KO";"6";2024;"QHI:KO:6";"QHI:KO:6:2024";"LIVE";"pf_all_xy";"LFRUT";"Lichen";"XXXcladonia";"CTL";100;6;5;NA;NA;NA;NA
"QHI";"KO";"6";2024;"QHI:KO:6";"QHI:KO:6:2024";"LIVE";"pf_all_xy";"LFRUT";"Lichen";"Thamnolia subuliformis";"CTL";100;5;5;NA;NA;NA;NA
"QHI";"KO";"6";2024;"QHI:KO:6";"QHI:KO:6:2024";"LIVE";"pf_all_xy";"SOIL";NA;"XXXbareground";"CTL";100;4;4;NA;NA;NA;NA
"QHI";"KO";"6";2024;"QHI:KO:6";"QHI:KO:6:2024";"LIVE";"pf_all_xy";"FORB";"Forb";"Astragalus umbellatus";"CTL";100;3;2;113;192;1.76991150442478;1.5625
"QHI";"KO";"6";2024;"QHI:KO:6";"QHI:KO:6:2024";"LIVE";"pf_all_xy";"SDECI";"Shrub";"Salix arctica";"CTL";100;25;18;113;192;15.929203539823;13.0208333333333
"QHI";"KO";"6";2024;"QHI:KO:6";"QHI:KO:6:2024";"LIVE";"pf_all_xy";"GRASS";"Graminoid";"Poa arctica";"CTL";100;2;2;113;192;1.76991150442478;1.04166666666667
"QHI";"KO";"6";2024;"QHI:KO:6";"QHI:KO:6:2024";"LIVE";"pf_all_xy";"LCRUS";"Lichen";"XXXcrustous";"CTL";100;5;5;NA;NA;NA;NA
"QHI";"KO";"6";2024;"QHI:KO:6";"QHI:KO:6:2024";"LIVE";"pf_all_xy";"FORB";"Forb";"Bistorta vivipara";"CTL";100;1;1;113;192;0.884955752212389;0.520833333333333
"QHI";"KO";"6";2024;"QHI:KO:6";"QHI:KO:6:2024";"LIVE";"pf_all_xy";"LFRUT";"Lichen";"XXXpeltigera";"CTL";100;2;2;NA;NA;NA;NA
"QHI";"KO";"6";2024;"QHI:KO:6";"QHI:KO:6:2024";"LIVE";"pf_all_xy";"LFRUT";"Lichen";"Dactylina arctica";"CTL";100;1;1;NA;NA;NA;NA
"QHI";"KO";"6";2024;"QHI:KO:6";"QHI:KO:6:2024";"LIVE";"pf_all_xy";"LFRUT";"Lichen";"Nephromopsis cucullata";"CTL";100;6;5;NA;NA;NA;NA
"QHI";"KO";"6";2024;"QHI:KO:6";"QHI:KO:6:2024";"LIVE";"pf_all_xy";"LFRUT";"Lichen";"XXXcetraria";"CTL";100;1;1;NA;NA;NA;NA
"QHI";"KO";"6";2024;"QHI:KO:6";"QHI:KO:6:2024";"LIVE";"pf_all_xy";"FORB";"Forb";"Oxytropis maydelliana";"CTL";100;6;4;113;192;3.53982300884956;3.125
"QHI";"KO";"6";2024;"QHI:KO:6";"QHI:KO:6:2024";"LIVE";"pf_all_xy";"FORB";"Forb";"Oxytropis nigrescens";"CTL";100;5;2;113;192;1.76991150442478;2.60416666666667
"QHI";"KO";"6";2024;"QHI:KO:6";"QHI:KO:6:2024";"LIVE";"pf_all_xy";"FORB";"Forb";"Pedicularis langsdorffii";"CTL";100;2;1;113;192;0.884955752212389;1.04166666666667
"QHI";"KO";"6";2024;"QHI:KO:6";"QHI:KO:6:2024";"LIVE";"pf_all_xy";"LFRUT";"Lichen";"Cetraria islandica";"CTL";100;2;2;NA;NA;NA;NA
"QHI";"KO";"1";2025;"QHI:KO:1";"QHI:KO:1:2025";"LIVE";"pf_all_xy";"SDECI";"Shrub";"Salix arctica";"CTL";100;55;37;161;262;22.9813664596273;20.9923664122137
"QHI";"KO";"1";2025;"QHI:KO:1";"QHI:KO:1:2025";"LITTER";"pf_all_xy";"LITTER";NA;"XXXLITTER";"CTL";100;75;75;NA;NA;NA;NA
"QHI";"KO";"1";2025;"QHI:KO:1";"QHI:KO:1:2025";"LIVE";"pf_all_xy";"GRASS";"Graminoid";"Poa arctica";"CTL";100;24;20;161;262;12.4223602484472;9.16030534351145
"QHI";"KO";"1";2025;"QHI:KO:1";"QHI:KO:1:2025";"LIVE";"pf_all_xy";"FORB";"Forb";"Lupinus arcticus";"CTL";100;43;27;161;262;16.7701863354037;16.412213740458
"QHI";"KO";"1";2025;"QHI:KO:1";"QHI:KO:1:2025";"LIVE";"pf_all_xy";"RUSH";"Graminoid";"Luzula nivalis";"CTL";100;3;3;161;262;1.86335403726708;1.14503816793893
"QHI";"KO";"1";2025;"QHI:KO:1";"QHI:KO:1:2025";"LIVE";"pf_all_xy";"MOSSU";NA;"XXXothermoss";"CTL";100;12;12;NA;NA;NA;NA
"QHI";"KO";"1";2025;"QHI:KO:1";"QHI:KO:1:2025";"LIVE";"pf_all_xy";"LFRUT";"Lichen";"Nephromopsis cucullata";"CTL";100;5;3;NA;NA;NA;NA
"QHI";"KO";"1";2025;"QHI:KO:1";"QHI:KO:1:2025";"LIVE";"pf_all_xy";"SEVER";"Shrub";"Dryas integrifolia";"CTL";100;111;59;161;262;36.6459627329193;42.3664122137405
"QHI";"KO";"1";2025;"QHI:KO:1";"QHI:KO:1:2025";"LIVE";"pf_all_xy";"SDECI";"Shrub";"Salix reticulata";"CTL";100;3;3;161;262;1.86335403726708;1.14503816793893
"QHI";"KO";"1";2025;"QHI:KO:1";"QHI:KO:1:2025";"LIVE";"pf_all_xy";"FORB";"Forb";"Cardamine digitata";"CTL";100;2;1;161;262;0.62111801242236;0.763358778625954
"QHI";"KO";"1";2025;"QHI:KO:1";"QHI:KO:1:2025";"LIVE";"pf_all_xy";"LFRUT";"Lichen";"Cetraria islandica";"CTL";100;3;1;NA;NA;NA;NA
"QHI";"KO";"1";2025;"QHI:KO:1";"QHI:KO:1:2025";"LIVE";"pf_all_xy";"LFRUT";"Lichen";"Thamnolia subuliformis";"CTL";100;3;2;NA;NA;NA;NA
"QHI";"KO";"1";2025;"QHI:KO:1";"QHI:KO:1:2025";"LIVE";"pf_all_xy";"FORB";"Forb";"Tephroseris integrifolia";"CTL";100;3;2;161;262;1.24223602484472;1.14503816793893
"QHI";"KO";"1";2025;"QHI:KO:1";"QHI:KO:1:2025";"LIVE";"pf_all_xy";"SOIL";NA;"XXXbareground";"CTL";100;14;14;NA;NA;NA;NA
"QHI";"KO";"1";2025;"QHI:KO:1";"QHI:KO:1:2025";"LIVE";"pf_all_xy";"GRASS";"Graminoid";"Arctagrostis latifolia";"CTL";100;14;6;161;262;3.72670807453416;5.34351145038168
"QHI";"KO";"1";2025;"QHI:KO:1";"QHI:KO:1:2025";"LIVE";"pf_all_xy";"FORB";"Forb";"Astragalus umbellatus";"CTL";100;4;3;161;262;1.86335403726708;1.52671755725191
"QHI";"KO";"2";2025;"QHI:KO:2";"QHI:KO:2:2025";"LIVE";"pf_all_xy";"GRASS";"Graminoid";"Alopecurus magellanicus";"CTL";100;240;84;160;361;52.5;66.4819944598338
"QHI";"KO";"2";2025;"QHI:KO:2";"QHI:KO:2:2025";"LITTER";"pf_all_xy";"LITTER";NA;"XXXLITTER";"CTL";100;98;98;NA;NA;NA;NA
"QHI";"KO";"2";2025;"QHI:KO:2";"QHI:KO:2:2025";"LIVE";"pf_all_xy";"SOIL";NA;"XXXbareground";"CTL";100;1;1;NA;NA;NA;NA
"QHI";"KO";"2";2025;"QHI:KO:2";"QHI:KO:2:2025";"LIVE";"pf_all_xy";"SEVER";"Shrub";"Dryas integrifolia";"CTL";100;67;40;160;361;25;18.5595567867036
"QHI";"KO";"2";2025;"QHI:KO:2";"QHI:KO:2:2025";"LIVE";"pf_all_xy";"SDECI";"Shrub";"Salix arctica";"CTL";100;41;29;160;361;18.125;11.3573407202216
"QHI";"KO";"2";2025;"QHI:KO:2";"QHI:KO:2:2025";"LIVE";"pf_all_xy";"FORB";"Forb";"Bistorta vivipara";"CTL";100;1;1;160;361;0.625;0.277008310249307
"QHI";"KO";"2";2025;"QHI:KO:2";"QHI:KO:2:2025";"LIVE";"pf_all_xy";"SDECI";"Shrub";"Salix reticulata";"CTL";100;1;1;160;361;0.625;0.277008310249307
"QHI";"KO";"2";2025;"QHI:KO:2";"QHI:KO:2:2025";"LIVE";"pf_all_xy";"FORB";"Forb";"Astragalus umbellatus";"CTL";100;10;4;160;361;2.5;2.77008310249307
"QHI";"KO";"2";2025;"QHI:KO:2";"QHI:KO:2:2025";"LIVE";"pf_all_xy";"FORB";"Forb";"Saussurea angustifolia";"CTL";100;1;1;160;361;0.625;0.277008310249307
"QHI";"KO";"3";2025;"QHI:KO:3";"QHI:KO:3:2025";"LIVE";"pf_all_xy";"GRASS";"Graminoid";"Arctagrostis latifolia";"CTL";100;31;16;135;247;11.8518518518519;12.5506072874494
"QHI";"KO";"3";2025;"QHI:KO:3";"QHI:KO:3:2025";"LIVE";"pf_all_xy";"SDECI";"Shrub";"Salix arctica";"CTL";100;46;29;135;247;21.4814814814815;18.6234817813765
"QHI";"KO";"3";2025;"QHI:KO:3";"QHI:KO:3:2025";"LIVE";"pf_all_xy";"SEVER";"Shrub";"Dryas integrifolia";"CTL";100;137;67;135;247;49.6296296296296;55.4655870445344
"QHI";"KO";"3";2025;"QHI:KO:3";"QHI:KO:3:2025";"LITTER";"pf_all_xy";"LITTER";NA;"XXXLITTER";"CTL";100;91;90;NA;NA;NA;NA
"QHI";"KO";"3";2025;"QHI:KO:3";"QHI:KO:3:2025";"LIVE";"pf_all_xy";"FORB";"Forb";"Lupinus arcticus";"CTL";100;8;4;135;247;2.96296296296296;3.23886639676113
"QHI";"KO";"3";2025;"QHI:KO:3";"QHI:KO:3:2025";"LIVE";"pf_all_xy";"LFRUT";"Lichen";"Nephromopsis cucullata";"CTL";100;4;4;NA;NA;NA;NA
"QHI";"KO";"3";2025;"QHI:KO:3";"QHI:KO:3:2025";"LIVE";"pf_all_xy";"RUSH";"Graminoid";"Luzula nivalis";"CTL";100;2;2;135;247;1.48148148148148;0.809716599190283
"QHI";"KO";"3";2025;"QHI:KO:3";"QHI:KO:3:2025";"LIVE";"pf_all_xy";"MOSSU";NA;"XXXothermoss";"CTL";100;15;15;NA;NA;NA;NA
"QHI";"KO";"3";2025;"QHI:KO:3";"QHI:KO:3:2025";"LIVE";"pf_all_xy";"GRASS";"Graminoid";"Poa arctica";"CTL";100;3;3;135;247;2.22222222222222;1.21457489878543
"QHI";"KO";"3";2025;"QHI:KO:3";"QHI:KO:3:2025";"LIVE";"pf_all_xy";"FORB";"Forb";"Astragalus umbellatus";"CTL";100;9;5;135;247;3.7037037037037;3.64372469635628
"QHI";"KO";"3";2025;"QHI:KO:3";"QHI:KO:3:2025";"LIVE";"pf_all_xy";"FORB";"Forb";"Oxytropis maydelliana";"CTL";100;1;1;135;247;0.740740740740741;0.404858299595142
"QHI";"KO";"3";2025;"QHI:KO:3";"QHI:KO:3:2025";"LIVE";"pf_all_xy";"FORB";"Forb";"Parrya nudicaulis";"CTL";100;2;2;135;247;1.48148148148148;0.809716599190283
"QHI";"KO";"3";2025;"QHI:KO:3";"QHI:KO:3:2025";"LIVE";"pf_all_xy";"LFRUT";"Lichen";"XXXpeltigera";"CTL";100;1;1;NA;NA;NA;NA
"QHI";"KO";"3";2025;"QHI:KO:3";"QHI:KO:3:2025";"LIVE";"pf_all_xy";"GRASS";"Graminoid";"Festuca baffinensis";"CTL";100;7;5;135;247;3.7037037037037;2.83400809716599
"QHI";"KO";"3";2025;"QHI:KO:3";"QHI:KO:3:2025";"LIVE";"pf_all_xy";"LFRUT";"Lichen";"Thamnolia subuliformis";"CTL";100;1;1;NA;NA;NA;NA
"QHI";"KO";"3";2025;"QHI:KO:3";"QHI:KO:3:2025";"LIVE";"pf_all_xy";"GRASS";"Graminoid";"Alopecurus magellanicus";"CTL";100;1;1;135;247;0.740740740740741;0.404858299595142
"QHI";"KO";"4";2025;"QHI:KO:4";"QHI:KO:4:2025";"LIVE";"pf_all_xy";"SDECI";"Shrub";"Salix arctica";"CTL";100;23;18;117;224;15.3846153846154;10.2678571428571
"QHI";"KO";"4";2025;"QHI:KO:4";"QHI:KO:4:2025";"LIVE";"pf_all_xy";"SEVER";"Shrub";"Dryas integrifolia";"CTL";100;166;73;117;224;62.3931623931624;74.1071428571429
"QHI";"KO";"4";2025;"QHI:KO:4";"QHI:KO:4:2025";"LITTER";"pf_all_xy";"LITTER";NA;"XXXLITTER";"CTL";100;79;79;NA;NA;NA;NA
"QHI";"KO";"4";2025;"QHI:KO:4";"QHI:KO:4:2025";"LIVE";"pf_all_xy";"GRASS";"Graminoid";"Arctagrostis latifolia";"CTL";100;12;10;117;224;8.54700854700855;5.35714285714286
"QHI";"KO";"4";2025;"QHI:KO:4";"QHI:KO:4:2025";"LIVE";"pf_all_xy";"FORB";"Forb";"Oxytropis maydelliana";"CTL";100;5;3;117;224;2.56410256410256;2.23214285714286
"QHI";"KO";"4";2025;"QHI:KO:4";"QHI:KO:4:2025";"LIVE";"pf_all_xy";"GRASS";"Graminoid";"Poa arctica";"CTL";100;2;1;117;224;0.854700854700855;0.892857142857143
"QHI";"KO";"4";2025;"QHI:KO:4";"QHI:KO:4:2025";"LIVE";"pf_all_xy";"MOSSU";NA;"XXXothermoss";"CTL";100;17;17;NA;NA;NA;NA
"QHI";"KO";"4";2025;"QHI:KO:4";"QHI:KO:4:2025";"LIVE";"pf_all_xy";"FORB";"Forb";"XXXotherforb";"CTL";100;1;1;117;224;0.854700854700855;0.446428571428571
"QHI";"KO";"4";2025;"QHI:KO:4";"QHI:KO:4:2025";"LIVE";"pf_all_xy";"GRASS";"Graminoid";"Festuca baffinensis";"CTL";100;1;1;117;224;0.854700854700855;0.446428571428571
"QHI";"KO";"4";2025;"QHI:KO:4";"QHI:KO:4:2025";"LIVE";"pf_all_xy";"FORB";"Forb";"Cardamine digitata";"CTL";100;3;1;117;224;0.854700854700855;1.33928571428571
"QHI";"KO";"4";2025;"QHI:KO:4";"QHI:KO:4:2025";"LIVE";"pf_all_xy";"FORB";"Forb";"Astragalus umbellatus";"CTL";100;3;2;117;224;1.70940170940171;1.33928571428571
"QHI";"KO";"4";2025;"QHI:KO:4";"QHI:KO:4:2025";"LIVE";"pf_all_xy";"LFRUT";"Lichen";"Thamnolia subuliformis";"CTL";100;4;4;NA;NA;NA;NA
"QHI";"KO";"4";2025;"QHI:KO:4";"QHI:KO:4:2025";"LIVE";"pf_all_xy";"GRASS";"Graminoid";"Alopecurus magellanicus";"CTL";100;7;6;117;224;5.12820512820513;3.125
"QHI";"KO";"4";2025;"QHI:KO:4";"QHI:KO:4:2025";"LIVE";"pf_all_xy";"LICHENU";"Lichen";"XXXotherlichen";"CTL";100;3;3;NA;NA;NA;NA
"QHI";"KO";"4";2025;"QHI:KO:4";"QHI:KO:4:2025";"LIVE";"pf_all_xy";"LFRUT";"Lichen";"Nephromopsis cucullata";"CTL";100;6;6;NA;NA;NA;NA
"QHI";"KO";"4";2025;"QHI:KO:4";"QHI:KO:4:2025";"LIVE";"pf_all_xy";"LFRUT";"Lichen";"Cetraria islandica";"CTL";100;1;1;NA;NA;NA;NA
"QHI";"KO";"4";2025;"QHI:KO:4";"QHI:KO:4:2025";"LIVE";"pf_all_xy";"SOIL";NA;"XXXbareground";"CTL";100;3;3;NA;NA;NA;NA
"QHI";"KO";"4";2025;"QHI:KO:4";"QHI:KO:4:2025";"LIVE";"pf_all_xy";"FORB";"Forb";"Parrya nudicaulis";"CTL";100;1;1;117;224;0.854700854700855;0.446428571428571
"QHI";"KO";"5";2025;"QHI:KO:5";"QHI:KO:5:2025";"LIVE";"pf_all_xy";"GRASS";"Graminoid";"Alopecurus magellanicus";"CTL";100;91;55;117;174;47.008547008547;52.2988505747126
"QHI";"KO";"5";2025;"QHI:KO:5";"QHI:KO:5:2025";"LITTER";"pf_all_xy";"LITTER";NA;"XXXLITTER";"CTL";100;97;97;NA;NA;NA;NA
"QHI";"KO";"5";2025;"QHI:KO:5";"QHI:KO:5:2025";"LIVE";"pf_all_xy";"SEVER";"Shrub";"Dryas integrifolia";"CTL";100;55;43;117;174;36.7521367521368;31.6091954022989
"QHI";"KO";"5";2025;"QHI:KO:5";"QHI:KO:5:2025";"LIVE";"pf_all_xy";"SDECI";"Shrub";"Salix arctica";"CTL";100;25;16;117;174;13.6752136752137;14.367816091954
"QHI";"KO";"5";2025;"QHI:KO:5";"QHI:KO:5:2025";"LIVE";"pf_all_xy";"MOSSU";NA;"XXXothermoss";"CTL";100;17;17;NA;NA;NA;NA
"QHI";"KO";"5";2025;"QHI:KO:5";"QHI:KO:5:2025";"LIVE";"pf_all_xy";"FORB";"Forb";"Oxytropis maydelliana";"CTL";100;1;1;117;174;0.854700854700855;0.574712643678161
"QHI";"KO";"5";2025;"QHI:KO:5";"QHI:KO:5:2025";"LIVE";"pf_all_xy";"SOIL";NA;"XXXbareground";"CTL";100;2;2;NA;NA;NA;NA
"QHI";"KO";"5";2025;"QHI:KO:5";"QHI:KO:5:2025";"LIVE";"pf_all_xy";"LFRUT";"Lichen";"Nephromopsis cucullata";"CTL";100;3;3;NA;NA;NA;NA
"QHI";"KO";"5";2025;"QHI:KO:5";"QHI:KO:5:2025";"LIVE";"pf_all_xy";"FORB";"Forb";"Astragalus umbellatus";"CTL";100;1;1;117;174;0.854700854700855;0.574712643678161
"QHI";"KO";"5";2025;"QHI:KO:5";"QHI:KO:5:2025";"LIVE";"pf_all_xy";"FORB";"Forb";"Oxytropis nigrescens";"CTL";100;1;1;117;174;0.854700854700855;0.574712643678161
"QHI";"KO";"5";2025;"QHI:KO:5";"QHI:KO:5:2025";"LIVE";"pf_all_xy";"LFRUT";"Lichen";"Thamnolia subuliformis";"CTL";100;3;2;NA;NA;NA;NA
"QHI";"KO";"6";2025;"QHI:KO:6";"QHI:KO:6:2025";"LIVE";"pf_all_xy";"FORB";"Forb";"Astragalus umbellatus";"CTL";100;11;7;131;210;5.34351145038168;5.23809523809524
"QHI";"KO";"6";2025;"QHI:KO:6";"QHI:KO:6:2025";"LIVE";"pf_all_xy";"FORB";"Forb";"Oxytropis maydelliana";"CTL";100;4;3;131;210;2.29007633587786;1.9047619047619
"QHI";"KO";"6";2025;"QHI:KO:6";"QHI:KO:6:2025";"LIVE";"pf_all_xy";"SEVER";"Shrub";"Dryas integrifolia";"CTL";100;116;67;131;210;51.1450381679389;55.2380952380952
"QHI";"KO";"6";2025;"QHI:KO:6";"QHI:KO:6:2025";"LITTER";"pf_all_xy";"LITTER";NA;"XXXLITTER";"CTL";100;86;86;NA;NA;NA;NA
"QHI";"KO";"6";2025;"QHI:KO:6";"QHI:KO:6:2025";"LIVE";"pf_all_xy";"MOSSU";NA;"XXXothermoss";"CTL";100;18;18;NA;NA;NA;NA
"QHI";"KO";"6";2025;"QHI:KO:6";"QHI:KO:6:2025";"LIVE";"pf_all_xy";"GRASS";"Graminoid";"Alopecurus magellanicus";"CTL";100;46;31;131;210;23.6641221374046;21.9047619047619
"QHI";"KO";"6";2025;"QHI:KO:6";"QHI:KO:6:2025";"LIVE";"pf_all_xy";"LFRUT";"Lichen";"Cetraria islandica";"CTL";100;3;3;NA;NA;NA;NA
"QHI";"KO";"6";2025;"QHI:KO:6";"QHI:KO:6:2025";"LIVE";"pf_all_xy";"SDECI";"Shrub";"Salix arctica";"CTL";100;25;17;131;210;12.9770992366412;11.9047619047619
"QHI";"KO";"6";2025;"QHI:KO:6";"QHI:KO:6:2025";"LIVE";"pf_all_xy";"LFRUT";"Lichen";"Cladonia mitis";"CTL";100;2;1;NA;NA;NA;NA
"QHI";"KO";"6";2025;"QHI:KO:6";"QHI:KO:6:2025";"LIVE";"pf_all_xy";"LCRUS";"Lichen";"XXXcrustous";"CTL";100;5;5;NA;NA;NA;NA
"QHI";"KO";"6";2025;"QHI:KO:6";"QHI:KO:6:2025";"LIVE";"pf_all_xy";"LFRUT";"Lichen";"XXXcladonia";"CTL";100;2;2;NA;NA;NA;NA
"QHI";"KO";"6";2025;"QHI:KO:6";"QHI:KO:6:2025";"LIVE";"pf_all_xy";"LFRUT";"Lichen";"Nephromopsis cucullata";"CTL";100;7;7;NA;NA;NA;NA
"QHI";"KO";"6";2025;"QHI:KO:6";"QHI:KO:6:2025";"LIVE";"pf_all_xy";"LFRUT";"Lichen";"Thamnolia subuliformis";"CTL";100;4;4;NA;NA;NA;NA
"QHI";"KO";"6";2025;"QHI:KO:6";"QHI:KO:6:2025";"LIVE";"pf_all_xy";"LFRUT";"Lichen";"XXXpeltigera";"CTL";100;1;1;NA;NA;NA;NA
"QHI";"KO";"6";2025;"QHI:KO:6";"QHI:KO:6:2025";"LIVE";"pf_all_xy";"FORB";"Forb";"Oxytropis nigrescens";"CTL";100;2;1;131;210;0.763358778625954;0.952380952380952
"QHI";"KO";"6";2025;"QHI:KO:6";"QHI:KO:6:2025";"LIVE";"pf_all_xy";"FORB";"Forb";"Pedicularis lanata";"CTL";100;2;1;131;210;0.763358778625954;0.952380952380952
"QHI";"KO";"6";2025;"QHI:KO:6";"QHI:KO:6:2025";"LIVE";"pf_all_xy";"RUSH";"Graminoid";"Luzula nivalis";"CTL";100;1;1;131;210;0.763358778625954;0.476190476190476
"QHI";"KO";"6";2025;"QHI:KO:6";"QHI:KO:6:2025";"LIVE";"pf_all_xy";"GRASS";"Graminoid";"Festuca baffinensis";"CTL";100;1;1;131;210;0.763358778625954;0.476190476190476
"QHI";"KO";"6";2025;"QHI:KO:6";"QHI:KO:6:2025";"LIVE";"pf_all_xy";"FORB";"Forb";"Cardamine digitata";"CTL";100;1;1;131;210;0.763358778625954;0.476190476190476
"QHI";"KO";"6";2025;"QHI:KO:6";"QHI:KO:6:2025";"LIVE";"pf_all_xy";"FORB";"Forb";"Polygonum bistorta";"CTL";100;1;1;131;210;0.763358778625954;0.476190476190476
